# Blender v2.92.0 OBJ File: 'Television.blend'
# www.blender.org
mtllib Television.mtl
o Cylinder.001_Cylinder.012
v 1.167452 -0.861419 -0.093525
v 1.167452 -0.857896 -0.091835
v 1.169142 -0.861872 -0.093525
v 1.170904 -0.858821 -0.091835
v 1.170379 -0.863109 -0.093525
v 1.173431 -0.861347 -0.091835
v 1.170832 -0.864799 -0.093525
v 1.174356 -0.864799 -0.091835
v 1.170379 -0.866490 -0.093525
v 1.173431 -0.868251 -0.091835
v 1.169142 -0.867727 -0.093525
v 1.170904 -0.870778 -0.091835
v 1.167452 -0.868180 -0.093525
v 1.167452 -0.871703 -0.091835
v 1.165761 -0.867727 -0.093525
v 1.164000 -0.870778 -0.091835
v 1.164524 -0.866490 -0.093525
v 1.161473 -0.868251 -0.091835
v 1.164071 -0.864799 -0.093525
v 1.160548 -0.864799 -0.091835
v 1.164524 -0.863109 -0.093525
v 1.161473 -0.861347 -0.091835
v 1.165761 -0.861872 -0.093525
v 1.164000 -0.858821 -0.091835
v 1.167452 -0.857896 -0.093525
v 1.170904 -0.858821 -0.093525
v 1.173431 -0.861347 -0.093525
v 1.174356 -0.864799 -0.093525
v 1.173431 -0.868251 -0.093525
v 1.170904 -0.870778 -0.093525
v 1.167452 -0.871703 -0.093525
v 1.164000 -0.870778 -0.093525
v 1.161473 -0.868251 -0.093525
v 1.160548 -0.864799 -0.093525
v 1.161473 -0.861347 -0.093525
v 1.164000 -0.858821 -0.093525
v 1.167452 -0.862203 -0.112160
v 1.167452 -0.861419 -0.111402
v 1.169142 -0.861872 -0.111402
v 1.168750 -0.862551 -0.112160
v 1.170379 -0.863109 -0.111402
v 1.169700 -0.863501 -0.112160
v 1.170832 -0.864799 -0.111402
v 1.170048 -0.864799 -0.112160
v 1.170379 -0.866490 -0.111402
v 1.169700 -0.866097 -0.112160
v 1.169142 -0.867727 -0.111402
v 1.168750 -0.867048 -0.112160
v 1.167452 -0.868180 -0.111402
v 1.167452 -0.867395 -0.112160
v 1.165761 -0.867727 -0.111402
v 1.166154 -0.867048 -0.112160
v 1.164524 -0.866490 -0.111402
v 1.165204 -0.866097 -0.112160
v 1.164071 -0.864799 -0.111402
v 1.164856 -0.864799 -0.112160
v 1.164524 -0.863109 -0.111402
v 1.165204 -0.863501 -0.112160
v 1.165761 -0.861872 -0.111402
v 1.166154 -0.862551 -0.112160
v 1.165761 -0.861872 -0.093832
v 1.167452 -0.861419 -0.093832
v 1.169142 -0.861872 -0.093832
v 1.170379 -0.863109 -0.093832
v 1.170832 -0.864799 -0.093832
v 1.170379 -0.866490 -0.093832
v 1.169142 -0.867727 -0.093832
v 1.167452 -0.868180 -0.093832
v 1.165761 -0.867727 -0.093832
v 1.164524 -0.866490 -0.093832
v 1.164071 -0.864799 -0.093832
v 1.164524 -0.863109 -0.093832
v 1.167452 -0.861419 -0.111066
v 1.169142 -0.861872 -0.111066
v 1.170379 -0.863109 -0.111066
v 1.170832 -0.864799 -0.111066
v 1.170379 -0.866490 -0.111066
v 1.169142 -0.867727 -0.111066
v 1.167452 -0.868180 -0.111066
v 1.165761 -0.867727 -0.111066
v 1.164524 -0.866490 -0.111066
v 1.164071 -0.864799 -0.111066
v 1.164524 -0.863109 -0.111066
v 1.165761 -0.861872 -0.111066
v 1.170790 -0.859018 -0.093525
v 1.167452 -0.858124 -0.093525
v 1.173233 -0.861461 -0.093525
v 1.174128 -0.864799 -0.093525
v 1.173233 -0.868137 -0.093525
v 1.170790 -0.870581 -0.093525
v 1.167452 -0.871475 -0.093525
v 1.164114 -0.870581 -0.093525
v 1.161670 -0.868137 -0.093525
v 1.160776 -0.864799 -0.093525
v 1.161670 -0.861462 -0.093525
v 1.164114 -0.859018 -0.093525
v 1.196700 -0.861419 -0.093525
v 1.196700 -0.857896 -0.091835
v 1.195009 -0.861872 -0.093525
v 1.193248 -0.858821 -0.091835
v 1.193772 -0.863109 -0.093525
v 1.190721 -0.861347 -0.091835
v 1.193319 -0.864799 -0.093525
v 1.189796 -0.864799 -0.091835
v 1.193772 -0.866490 -0.093525
v 1.190721 -0.868251 -0.091835
v 1.195009 -0.867727 -0.093525
v 1.193248 -0.870778 -0.091835
v 1.196700 -0.868180 -0.093525
v 1.196700 -0.871703 -0.091835
v 1.198390 -0.867727 -0.093525
v 1.200152 -0.870778 -0.091835
v 1.199627 -0.866490 -0.093525
v 1.202679 -0.868251 -0.091835
v 1.200080 -0.864799 -0.093525
v 1.203604 -0.864799 -0.091835
v 1.199627 -0.863109 -0.093525
v 1.202679 -0.861347 -0.091835
v 1.198390 -0.861872 -0.093525
v 1.200152 -0.858821 -0.091835
v 1.196700 -0.857896 -0.093525
v 1.193248 -0.858821 -0.093525
v 1.190721 -0.861347 -0.093525
v 1.189796 -0.864799 -0.093525
v 1.190721 -0.868251 -0.093525
v 1.193248 -0.870778 -0.093525
v 1.196700 -0.871703 -0.093525
v 1.200152 -0.870778 -0.093525
v 1.202679 -0.868251 -0.093525
v 1.203604 -0.864799 -0.093525
v 1.202679 -0.861347 -0.093525
v 1.200152 -0.858821 -0.093525
v 1.196700 -0.862203 -0.112160
v 1.196700 -0.861419 -0.111402
v 1.195009 -0.861872 -0.111402
v 1.195402 -0.862551 -0.112160
v 1.193772 -0.863109 -0.111402
v 1.194452 -0.863501 -0.112160
v 1.193319 -0.864799 -0.111402
v 1.194104 -0.864799 -0.112160
v 1.193772 -0.866490 -0.111402
v 1.194452 -0.866097 -0.112160
v 1.195009 -0.867727 -0.111402
v 1.195402 -0.867048 -0.112160
v 1.196700 -0.868180 -0.111402
v 1.196700 -0.867395 -0.112160
v 1.198390 -0.867727 -0.111402
v 1.197998 -0.867048 -0.112160
v 1.199627 -0.866490 -0.111402
v 1.198948 -0.866097 -0.112160
v 1.200080 -0.864799 -0.111402
v 1.199296 -0.864799 -0.112160
v 1.199627 -0.863109 -0.111402
v 1.198948 -0.863501 -0.112160
v 1.198390 -0.861872 -0.111402
v 1.197998 -0.862551 -0.112160
v 1.198390 -0.861872 -0.093832
v 1.196700 -0.861419 -0.093832
v 1.195009 -0.861872 -0.093832
v 1.193772 -0.863109 -0.093832
v 1.193319 -0.864799 -0.093832
v 1.193772 -0.866490 -0.093832
v 1.195009 -0.867727 -0.093832
v 1.196700 -0.868180 -0.093832
v 1.198390 -0.867727 -0.093832
v 1.199627 -0.866490 -0.093832
v 1.200080 -0.864799 -0.093832
v 1.199627 -0.863109 -0.093832
v 1.196700 -0.861419 -0.111066
v 1.195009 -0.861872 -0.111066
v 1.193772 -0.863109 -0.111066
v 1.193319 -0.864799 -0.111066
v 1.193772 -0.866490 -0.111066
v 1.195009 -0.867727 -0.111066
v 1.196700 -0.868180 -0.111066
v 1.198390 -0.867727 -0.111066
v 1.199627 -0.866490 -0.111066
v 1.200080 -0.864799 -0.111066
v 1.199627 -0.863109 -0.111066
v 1.198390 -0.861872 -0.111066
v 1.193362 -0.859018 -0.093525
v 1.196700 -0.858124 -0.093525
v 1.190918 -0.861461 -0.093525
v 1.190024 -0.864799 -0.093525
v 1.190918 -0.868137 -0.093525
v 1.193362 -0.870581 -0.093525
v 1.196700 -0.871475 -0.093525
v 1.200038 -0.870581 -0.093525
v 1.202481 -0.868137 -0.093525
v 1.203376 -0.864799 -0.093525
v 1.202481 -0.861462 -0.093525
v 1.200038 -0.859018 -0.093525
vn 0.0000 0.7571 -0.6532
vn 0.0000 1.0000 0.0000
vn 0.5000 0.8660 0.0000
vn 0.3786 0.6557 -0.6532
vn 0.8660 0.5000 0.0000
vn 0.6557 0.3786 -0.6532
vn 1.0000 0.0000 0.0000
vn 0.7571 0.0000 -0.6532
vn 0.8660 -0.5000 0.0000
vn 0.6557 -0.3786 -0.6532
vn 0.5000 -0.8660 0.0000
vn 0.3786 -0.6557 -0.6532
vn 0.0000 -1.0000 0.0000
vn 0.0000 -0.7571 -0.6532
vn -0.5000 -0.8660 0.0000
vn -0.3786 -0.6557 -0.6532
vn -0.8660 -0.5000 0.0000
vn -0.6557 -0.3786 -0.6532
vn -1.0000 0.0000 0.0000
vn -0.7571 0.0000 -0.6532
vn -0.8660 0.5000 0.0000
vn -0.6557 0.3786 -0.6532
vn -0.3786 0.6557 -0.6532
vn -0.5000 0.8660 0.0000
vn 0.4646 -0.8048 -0.3692
vn 0.8048 -0.4646 -0.3692
vn 0.0000 0.0000 -1.0000
vn 0.0000 0.9293 -0.3692
vn -0.4646 0.8048 -0.3692
vn 0.8048 0.4646 -0.3692
vn 0.4646 0.8048 -0.3692
vn -0.9293 0.0000 -0.3692
vn -0.8048 -0.4646 -0.3692
vn 0.0000 -0.9293 -0.3692
vn 0.9293 0.0000 -0.3692
vn -0.8048 0.4646 -0.3692
vn -0.4646 -0.8048 -0.3692
vn 0.2129 0.3687 -0.9048
vn 0.0000 0.4257 -0.9048
vn 0.3687 0.2129 -0.9048
vn 0.4257 0.0000 -0.9048
vn 0.3687 -0.2129 -0.9048
vn 0.2128 -0.3687 -0.9048
vn 0.0000 -0.4257 -0.9048
vn -0.2128 -0.3687 -0.9048
vn -0.3687 -0.2129 -0.9048
vn -0.4257 0.0000 -0.9048
vn -0.3687 0.2129 -0.9048
vn -0.2129 0.3687 -0.9048
vn -0.3188 -0.5523 -0.7703
vn -0.5523 -0.3188 -0.7703
vn -0.5523 0.3188 -0.7703
vn -0.3188 0.5523 -0.7703
vn 0.6377 0.0000 -0.7703
vn 0.5523 -0.3189 -0.7703
vn 0.0000 -0.6377 -0.7703
vn -0.6377 0.0000 -0.7702
vn 0.5523 0.3189 -0.7703
vn 0.0000 0.6377 -0.7703
vn 0.3189 0.5523 -0.7703
vn 0.3189 -0.5523 -0.7703
vn -0.3687 0.2128 -0.9048
vn -0.3687 -0.2128 -0.9048
vn 0.3687 -0.2128 -0.9048
vn 0.3687 0.2128 -0.9048
vn 0.3188 -0.5523 -0.7703
vn 0.5523 -0.3188 -0.7703
vn 0.5523 0.3188 -0.7703
vn 0.3188 0.5523 -0.7703
vn -0.6377 0.0000 -0.7703
vn -0.5523 -0.3189 -0.7703
vn -0.5523 0.3189 -0.7703
vn -0.3189 0.5523 -0.7703
vn -0.3189 -0.5523 -0.7703
usemtl ConectorMetal
s 1
f 25//1 2//2 4//3 26//4
f 26//4 4//3 6//5 27//6
f 27//6 6//5 8//7 28//8
f 28//8 8//7 10//9 29//10
f 29//10 10//9 12//11 30//12
f 30//12 12//11 14//13 31//14
f 31//14 14//13 16//15 32//16
f 32//16 16//15 18//17 33//18
f 33//18 18//17 20//19 34//20
f 34//20 20//19 22//21 35//22
f 36//23 24//24 2//2 25//1
f 35//22 22//21 24//24 36//23
f 77//9 78//11 47//25 45//26
f 85//27 86//27 25//1 26//4
f 87//27 85//27 26//4 27//6
f 88//27 87//27 27//6 28//8
f 89//27 88//27 28//8 29//10
f 90//27 89//27 29//10 30//12
f 91//27 90//27 30//12 31//14
f 92//27 91//27 31//14 32//16
f 93//27 92//27 32//16 33//18
f 94//27 93//27 33//18 34//20
f 95//27 94//27 34//20 35//22
f 96//27 95//27 35//22 36//23
f 86//27 96//27 36//23 25//1
f 84//24 73//2 38//28 59//29
f 74//3 75//5 41//30 39//31
f 81//17 82//19 55//32 53//33
f 78//11 79//13 49//34 47//25
f 73//2 74//3 39//31 38//28
f 75//5 76//7 43//35 41//30
f 82//19 83//21 57//36 55//32
f 79//13 80//15 51//37 49//34
f 76//7 77//9 45//26 43//35
f 83//21 84//24 59//29 57//36
f 80//15 81//17 53//33 51//37
f 38//28 39//31 40//38 37//39
f 39//31 41//30 42//40 40//38
f 41//30 43//35 44//41 42//40
f 43//35 45//26 46//42 44//41
f 45//26 47//25 48//43 46//42
f 47//25 49//34 50//44 48//43
f 49//34 51//37 52//45 50//44
f 51//37 53//33 54//46 52//45
f 53//33 55//32 56//47 54//46
f 55//32 57//36 58//48 56//47
f 57//36 59//29 60//49 58//48
f 59//29 38//28 37//39 60//49
f 37//39 40//38 42//40 44//41 46//42 48//43 50//44 52//45 54//46 56//47 58//48 60//49
f 15//50 17//51 70//17 69//15
f 21//52 23//53 61//24 72//21
f 7//54 9//55 66//9 65//7
f 13//56 15//50 69//15 68//13
f 19//57 21//52 72//21 71//19
f 5//58 7//54 65//7 64//5
f 1//59 3//60 63//3 62//2
f 11//61 13//56 68//13 67//11
f 17//51 19//57 71//19 70//17
f 3//60 5//58 64//5 63//3
f 23//53 1//59 62//2 61//24
f 9//55 11//61 67//11 66//9
f 69//15 70//17 81//17 80//15
f 72//21 61//24 84//24 83//21
f 65//7 66//9 77//9 76//7
f 68//13 69//15 80//15 79//13
f 71//19 72//21 83//21 82//19
f 64//5 65//7 76//7 75//5
f 62//2 63//3 74//3 73//2
f 67//11 68//13 79//13 78//11
f 70//17 71//19 82//19 81//17
f 63//3 64//5 75//5 74//3
f 61//24 62//2 73//2 84//24
f 66//9 67//11 78//11 77//9
f 1//59 23//53 96//27 86//27
f 23//53 21//52 95//27 96//27
f 21//52 19//57 94//27 95//27
f 19//57 17//51 93//27 94//27
f 17//51 15//50 92//27 93//27
f 15//50 13//56 91//27 92//27
f 13//56 11//61 90//27 91//27
f 11//61 9//55 89//27 90//27
f 9//55 7//54 88//27 89//27
f 7//54 5//58 87//27 88//27
f 5//58 3//60 85//27 87//27
f 3//60 1//59 86//27 85//27
f 121//1 122//23 100//24 98//2
f 122//23 123//22 102//21 100//24
f 123//22 124//20 104//19 102//21
f 124//20 125//18 106//17 104//19
f 125//18 126//16 108//15 106//17
f 126//16 127//14 110//13 108//15
f 127//14 128//12 112//11 110//13
f 128//12 129//10 114//9 112//11
f 129//10 130//8 116//7 114//9
f 130//8 131//6 118//5 116//7
f 132//4 121//1 98//2 120//3
f 131//6 132//4 120//3 118//5
f 173//17 141//33 143//37 174//15
f 181//27 122//23 121//1 182//27
f 183//27 123//22 122//23 181//27
f 184//27 124//20 123//22 183//27
f 185//27 125//18 124//20 184//27
f 186//27 126//16 125//18 185//27
f 187//27 127//14 126//16 186//27
f 188//27 128//12 127//14 187//27
f 189//27 129//10 128//12 188//27
f 190//27 130//8 129//10 189//27
f 191//27 131//6 130//8 190//27
f 192//27 132//4 131//6 191//27
f 182//27 121//1 132//4 192//27
f 180//3 155//31 134//28 169//2
f 170//24 135//29 137//36 171//21
f 177//9 149//26 151//35 178//7
f 174//15 143//37 145//34 175//13
f 169//2 134//28 135//29 170//24
f 171//21 137//36 139//32 172//19
f 178//7 151//35 153//30 179//5
f 175//13 145//34 147//25 176//11
f 172//19 139//32 141//33 173//17
f 179//5 153//30 155//31 180//3
f 176//11 147//25 149//26 177//9
f 134//28 133//39 136//49 135//29
f 135//29 136//49 138//62 137//36
f 137//36 138//62 140//47 139//32
f 139//32 140//47 142//63 141//33
f 141//33 142//63 144//45 143//37
f 143//37 144//45 146//44 145//34
f 145//34 146//44 148//43 147//25
f 147//25 148//43 150//64 149//26
f 149//26 150//64 152//41 151//35
f 151//35 152//41 154//65 153//30
f 153//30 154//65 156//38 155//31
f 155//31 156//38 133//39 134//28
f 133//39 156//38 154//65 152//41 150//64 148//43 146//44 144//45 142//63 140//47 138//62 136//49
f 111//66 165//11 166//9 113//67
f 117//68 168//5 157//3 119//69
f 103//70 161//19 162//17 105//71
f 109//56 164//13 165//11 111//66
f 115//54 167//7 168//5 117//68
f 101//72 160//21 161//19 103//70
f 97//59 158//2 159//24 99//73
f 107//74 163//15 164//13 109//56
f 113//67 166//9 167//7 115//54
f 99//73 159//24 160//21 101//72
f 119//69 157//3 158//2 97//59
f 105//71 162//17 163//15 107//74
f 165//11 176//11 177//9 166//9
f 168//5 179//5 180//3 157//3
f 161//19 172//19 173//17 162//17
f 164//13 175//13 176//11 165//11
f 167//7 178//7 179//5 168//5
f 160//21 171//21 172//19 161//19
f 158//2 169//2 170//24 159//24
f 163//15 174//15 175//13 164//13
f 166//9 177//9 178//7 167//7
f 159//24 170//24 171//21 160//21
f 157//3 180//3 169//2 158//2
f 162//17 173//17 174//15 163//15
f 97//59 182//27 192//27 119//69
f 119//69 192//27 191//27 117//68
f 117//68 191//27 190//27 115//54
f 115//54 190//27 189//27 113//67
f 113//67 189//27 188//27 111//66
f 111//66 188//27 187//27 109//56
f 109//56 187//27 186//27 107//74
f 107//74 186//27 185//27 105//71
f 105//71 185//27 184//27 103//70
f 103//70 184//27 183//27 101//72
f 101//72 183//27 181//27 99//73
f 99//73 181//27 182//27 97//59
o Cube.012_Cube.007
v 1.141242 -0.898029 -0.122294
v 1.223315 -0.898029 -0.119031
v 1.223880 -0.903767 -0.119009
v 1.140677 -0.903767 -0.122316
v 1.138277 -0.897439 -0.122412
v 1.136040 -0.902844 -0.122501
v 1.141287 -0.897511 -0.122153
v 1.223259 -0.897511 -0.118894
v 1.226280 -0.897439 -0.118913
v 1.228517 -0.902844 -0.118825
v 1.223921 -0.904286 -0.118868
v 1.140616 -0.904286 -0.122180
v 1.136329 -0.896137 -0.122489
v 1.132195 -0.900273 -0.122654
v 1.138474 -0.896950 -0.122265
v 1.141309 -0.897131 -0.121772
v 1.223206 -0.897131 -0.118516
v 1.232361 -0.900273 -0.118672
v 1.228709 -0.903333 -0.118678
v 1.223932 -0.904666 -0.118487
v 1.140551 -0.904666 -0.121802
v 1.135027 -0.894187 -0.122541
v 1.129627 -0.896426 -0.122756
v 1.136697 -0.895762 -0.122335
v 1.135828 -0.903333 -0.122370
v 1.138607 -0.896593 -0.121879
v 1.141302 -0.896992 -0.121253
v 1.223172 -0.896992 -0.117998
v 1.226072 -0.896950 -0.118783
v 1.228228 -0.896137 -0.118836
v 1.232725 -0.900647 -0.118518
v 1.228830 -0.903691 -0.118293
v 1.223909 -0.904805 -0.117969
v 1.140501 -0.904805 -0.121285
v 1.134438 -0.891220 -0.122564
v 1.128704 -0.891785 -0.122792
v 1.135510 -0.893985 -0.122383
v 1.131812 -0.900647 -0.122530
v 1.136956 -0.895489 -0.121945
v 1.138640 -0.896462 -0.121359
v 1.141034 -0.896992 -0.114498
v 1.222903 -0.896992 -0.111243
v 1.225909 -0.896593 -0.118409
v 1.229530 -0.894187 -0.118784
v 1.234930 -0.896426 -0.118570
v 1.235409 -0.896628 -0.118411
v 1.232972 -0.900921 -0.118128
v 1.135653 -0.903691 -0.121997
v 1.228848 -0.903822 -0.117773
v 1.138858 -0.904805 -0.098205
v 1.222265 -0.904805 -0.094889
v 1.134438 -0.838379 -0.122564
v 1.128704 -0.837813 -0.122792
v 1.134951 -0.891169 -0.122405
v 1.129129 -0.896628 -0.122636
v 1.135853 -0.893836 -0.121989
v 1.137035 -0.895388 -0.121422
v 1.138372 -0.896462 -0.114603
v 1.225834 -0.896462 -0.117892
v 1.222903 -0.832607 -0.111243
v 1.227849 -0.895762 -0.118712
v 1.230119 -0.891220 -0.118761
v 1.235852 -0.891785 -0.118533
v 1.235739 -0.896777 -0.118018
v 1.233035 -0.901021 -0.117606
v 1.135561 -0.903822 -0.121481
v 1.227205 -0.903822 -0.094693
v 1.151294 -0.873035 -0.092734
v 1.138858 -0.824794 -0.098205
v 1.151294 -0.856564 -0.092734
v 1.154017 -0.853841 -0.092626
v 1.149087 -0.864799 -0.092822
v 1.133919 -0.903822 -0.098401
v 1.135027 -0.835412 -0.122541
v 1.129627 -0.833173 -0.122756
v 1.134951 -0.838430 -0.122405
v 1.128176 -0.891836 -0.122674
v 1.128176 -0.837762 -0.122674
v 1.135315 -0.891132 -0.122010
v 1.131511 -0.900921 -0.122162
v 1.135963 -0.893782 -0.121465
v 1.136767 -0.895388 -0.114667
v 1.225566 -0.896462 -0.111137
v 1.135694 -0.893782 -0.114710
v 1.141034 -0.832607 -0.114498
v 1.228773 -0.838481 -0.111010
v 1.227560 -0.895489 -0.118343
v 1.229036 -0.893985 -0.118665
v 1.230119 -0.838379 -0.118761
v 1.235852 -0.837813 -0.118533
v 1.236361 -0.891836 -0.118374
v 1.236714 -0.891874 -0.117980
v 1.235833 -0.896831 -0.117495
v 1.231393 -0.901021 -0.094527
v 1.222265 -0.824794 -0.094889
v 1.125951 -0.837711 -0.098718
v 1.129731 -0.901021 -0.098568
v 1.131374 -0.901021 -0.121648
v 1.136329 -0.833462 -0.122489
v 1.132195 -0.829325 -0.122654
v 1.135510 -0.835614 -0.122383
v 1.135315 -0.838467 -0.122010
v 1.127770 -0.891874 -0.122310
v 1.127770 -0.837725 -0.122310
v 1.128744 -0.896777 -0.122272
v 1.135433 -0.891118 -0.121486
v 1.227439 -0.895388 -0.117829
v 1.228773 -0.891118 -0.111010
v 1.135165 -0.891118 -0.114731
v 1.141302 -0.832607 -0.121253
v 1.223172 -0.832607 -0.117998
v 1.225566 -0.833137 -0.111137
v 1.229595 -0.891169 -0.118642
v 1.229595 -0.838430 -0.118642
v 1.229530 -0.835412 -0.118784
v 1.234930 -0.833173 -0.118570
v 1.236361 -0.837762 -0.118374
v 1.236816 -0.891887 -0.117456
v 1.234190 -0.896831 -0.094415
v 1.235173 -0.891887 -0.094376
v 1.235173 -0.837711 -0.094376
v 1.223909 -0.824794 -0.117969
v 1.140501 -0.824794 -0.121285
v 1.129731 -0.828577 -0.098568
v 1.125951 -0.891887 -0.098718
v 1.126933 -0.896831 -0.098679
v 1.128576 -0.896831 -0.121759
v 1.138277 -0.832159 -0.122412
v 1.136040 -0.826755 -0.122501
v 1.136697 -0.833836 -0.122335
v 1.129129 -0.832970 -0.122636
v 1.135853 -0.835762 -0.121989
v 1.135433 -0.838481 -0.121486
v 1.127594 -0.891887 -0.121798
v 1.127594 -0.837711 -0.121798
v 1.227171 -0.895388 -0.111073
v 1.228243 -0.893782 -0.111031
v 1.135165 -0.838481 -0.114731
v 1.138640 -0.833137 -0.121359
v 1.141309 -0.832468 -0.121772
v 1.223206 -0.832468 -0.118516
v 1.228243 -0.835817 -0.111031
v 1.229041 -0.838481 -0.117765
v 1.229041 -0.891118 -0.117765
v 1.228663 -0.893836 -0.118299
v 1.229201 -0.891132 -0.118278
v 1.229201 -0.838467 -0.118278
v 1.228228 -0.833462 -0.118836
v 1.232361 -0.829325 -0.118672
v 1.235409 -0.832970 -0.118411
v 1.236714 -0.837725 -0.117980
v 1.236816 -0.837711 -0.117456
v 1.231393 -0.828577 -0.094527
v 1.227205 -0.825777 -0.094693
v 1.228848 -0.825777 -0.117773
v 1.223932 -0.824933 -0.118487
v 1.140551 -0.824933 -0.121802
v 1.135561 -0.825777 -0.121481
v 1.133919 -0.825777 -0.098401
v 1.126933 -0.832768 -0.098679
v 1.141242 -0.831569 -0.122294
v 1.140677 -0.825832 -0.122316
v 1.138474 -0.832648 -0.122265
v 1.131812 -0.828951 -0.122530
v 1.136956 -0.834110 -0.121945
v 1.135963 -0.835817 -0.121465
v 1.128744 -0.832822 -0.122272
v 1.228512 -0.893782 -0.117786
v 1.135694 -0.835817 -0.114710
v 1.138372 -0.833137 -0.114603
v 1.138607 -0.833006 -0.121879
v 1.225834 -0.833137 -0.117892
v 1.141287 -0.832088 -0.122153
v 1.223259 -0.832088 -0.118894
v 1.228512 -0.835817 -0.117786
v 1.227171 -0.834210 -0.111073
v 1.229036 -0.835614 -0.118665
v 1.226280 -0.832159 -0.118913
v 1.228517 -0.826755 -0.118825
v 1.232725 -0.828951 -0.118518
v 1.235739 -0.832822 -0.118018
v 1.235833 -0.832768 -0.117495
v 1.234190 -0.832768 -0.094415
v 1.228830 -0.825908 -0.118293
v 1.233035 -0.828577 -0.117606
v 1.223921 -0.825313 -0.118868
v 1.140616 -0.825313 -0.122180
v 1.131374 -0.828577 -0.121648
v 1.128576 -0.832768 -0.121759
v 1.223315 -0.831569 -0.119031
v 1.223880 -0.825832 -0.119009
v 1.135828 -0.826266 -0.122370
v 1.137035 -0.834210 -0.121422
v 1.225909 -0.833006 -0.118409
v 1.227439 -0.834210 -0.117829
v 1.228663 -0.835762 -0.118299
v 1.227849 -0.833836 -0.118712
v 1.228709 -0.826266 -0.118678
v 1.232972 -0.828677 -0.118128
v 1.135653 -0.825908 -0.121997
v 1.131511 -0.828677 -0.122162
v 1.136767 -0.834210 -0.114667
v 1.226072 -0.832648 -0.118783
v 1.227560 -0.834110 -0.118343
v 1.165561 -0.881272 -0.092626
v 1.174837 -0.881272 -0.092626
v 1.175673 -0.880990 -0.092626
v 1.157324 -0.850534 -0.092626
v 1.165561 -0.848327 -0.092626
v 1.174837 -0.848327 -0.092626
v 1.157324 -0.879065 -0.092626
v 1.180355 -0.872642 -0.092626
v 1.175673 -0.848608 -0.092626
v 1.182076 -0.872252 -0.092626
v 1.180355 -0.856956 -0.092626
v 1.183796 -0.872642 -0.092626
v 1.182076 -0.857346 -0.092626
v 1.188479 -0.880990 -0.092626
v 1.183796 -0.856956 -0.092626
v 1.189314 -0.881272 -0.092626
v 1.188479 -0.848608 -0.092626
v 1.198590 -0.881272 -0.092626
v 1.189314 -0.848327 -0.092626
v 1.206828 -0.879065 -0.092626
v 1.198590 -0.848327 -0.092626
v 1.206828 -0.850534 -0.092626
v 1.212858 -0.856564 -0.092626
v 1.215065 -0.864799 -0.092626
v 1.212858 -0.873035 -0.092626
v 1.156274 -0.880220 -0.113892
v 1.157324 -0.879065 -0.111804
v 1.156799 -0.879642 -0.113673
v 1.157184 -0.879219 -0.113116
v 1.165561 -0.881272 -0.111476
v 1.165719 -0.882751 -0.113516
v 1.165582 -0.881470 -0.112782
v 1.165640 -0.882011 -0.113321
v 1.174837 -0.881272 -0.111108
v 1.175079 -0.882751 -0.113144
v 1.174870 -0.881470 -0.112412
v 1.174958 -0.882011 -0.112951
v 1.175673 -0.880990 -0.111075
v 1.176683 -0.882211 -0.113080
v 1.175808 -0.881154 -0.112375
v 1.176178 -0.881601 -0.112902
v 1.180355 -0.872642 -0.110889
v 1.181323 -0.873940 -0.112896
v 1.180485 -0.872816 -0.112189
v 1.180839 -0.873291 -0.112717
v 1.182076 -0.872252 -0.110820
v 1.182076 -0.873769 -0.112866
v 1.182076 -0.872456 -0.112126
v 1.182076 -0.873011 -0.112668
v 1.183796 -0.872642 -0.110752
v 1.182829 -0.873940 -0.112836
v 1.183667 -0.872816 -0.112063
v 1.183313 -0.873291 -0.112619
v 1.188479 -0.880990 -0.110566
v 1.187468 -0.882211 -0.112652
v 1.188343 -0.881154 -0.111877
v 1.187973 -0.881601 -0.112433
v 1.189314 -0.881272 -0.110532
v 1.189072 -0.882751 -0.112588
v 1.189282 -0.881470 -0.111839
v 1.189193 -0.882011 -0.112385
v 1.198590 -0.881272 -0.110163
v 1.198785 -0.882751 -0.112202
v 1.198616 -0.881470 -0.111468
v 1.198687 -0.882011 -0.112007
v 1.206828 -0.879065 -0.109836
v 1.207592 -0.880391 -0.111852
v 1.206930 -0.879242 -0.111138
v 1.207210 -0.879728 -0.111669
v 1.212857 -0.873035 -0.109597
v 1.214182 -0.873801 -0.111590
v 1.213035 -0.873137 -0.110896
v 1.213520 -0.873418 -0.111418
v 1.215065 -0.864799 -0.109510
v 1.216595 -0.864799 -0.111494
v 1.215270 -0.864799 -0.110807
v 1.215830 -0.864799 -0.111326
v 1.212857 -0.856564 -0.109597
v 1.214142 -0.855646 -0.111591
v 1.213030 -0.856441 -0.110896
v 1.213500 -0.856105 -0.111419
v 1.206828 -0.850534 -0.109836
v 1.207869 -0.849373 -0.111841
v 1.206967 -0.850379 -0.111137
v 1.207348 -0.849954 -0.111663
v 1.198444 -0.846848 -0.112215
v 1.198590 -0.848327 -0.110163
v 1.198517 -0.847587 -0.112014
v 1.198571 -0.848129 -0.111470
v 1.189314 -0.848327 -0.110532
v 1.189072 -0.846848 -0.112588
v 1.189282 -0.848129 -0.111839
v 1.189193 -0.847587 -0.112385
v 1.188479 -0.848608 -0.110566
v 1.187468 -0.847388 -0.112652
v 1.188343 -0.848445 -0.111877
v 1.187973 -0.847998 -0.112433
v 1.183796 -0.856956 -0.110752
v 1.182829 -0.855659 -0.112836
v 1.183667 -0.856783 -0.112063
v 1.183313 -0.856308 -0.112619
v 1.182076 -0.857346 -0.110820
v 1.182076 -0.855830 -0.112866
v 1.182076 -0.857143 -0.112126
v 1.182076 -0.856588 -0.112668
v 1.180355 -0.856956 -0.110889
v 1.181323 -0.855659 -0.112896
v 1.180485 -0.856783 -0.112189
v 1.180839 -0.856308 -0.112717
v 1.175673 -0.848608 -0.111075
v 1.176683 -0.847388 -0.113080
v 1.175808 -0.848445 -0.112375
v 1.176178 -0.847998 -0.112902
v 1.174837 -0.848327 -0.111108
v 1.175079 -0.846848 -0.113144
v 1.174870 -0.848129 -0.112412
v 1.174958 -0.847587 -0.112951
v 1.165561 -0.848327 -0.111476
v 1.165367 -0.846848 -0.113530
v 1.165535 -0.848129 -0.112783
v 1.165464 -0.847587 -0.113328
v 1.157324 -0.850534 -0.111804
v 1.156559 -0.849208 -0.113880
v 1.157222 -0.850356 -0.113114
v 1.156942 -0.849871 -0.113667
v 1.151294 -0.856564 -0.112044
v 1.149969 -0.855798 -0.114142
v 1.151116 -0.856461 -0.113357
v 1.150632 -0.856181 -0.113918
v 1.149087 -0.864799 -0.112132
v 1.147557 -0.864799 -0.114238
v 1.148882 -0.864799 -0.113446
v 1.148322 -0.864799 -0.114010
v 1.150011 -0.873957 -0.114141
v 1.151294 -0.873035 -0.112044
v 1.150653 -0.873496 -0.113917
v 1.151122 -0.873158 -0.113357
v 2.034584 -1.613461 -0.039297
v 1.925024 -1.613461 -0.074245
v 1.925024 -1.596183 -0.074242
v 2.034584 -1.596183 -0.039297
v 1.925024 -1.613461 -0.036860
v 2.034584 -1.613461 -0.036860
v 1.651122 -1.613461 -0.120210
v 2.034584 -1.596183 -0.036860
v 1.925024 -1.176842 -0.074152
v 1.925024 -1.596183 -0.036860
v 1.651122 -1.613461 -0.036860
v 1.651122 -1.596183 -0.120200
v 2.034584 -1.176842 -0.039289
v 2.034584 -1.176842 -0.036860
v 1.925024 -1.176842 -0.036860
v 1.651122 -1.596183 -0.036860
v 1.377222 -1.613461 -0.036860
v 1.377222 -1.613461 -0.149846
v 2.034584 -1.167982 -0.039289
v 2.034584 -1.167982 -0.036860
v 1.925024 -1.167982 -0.074150
v 1.651122 -1.176842 -0.119962
v 1.925024 -1.167982 -0.036860
v 1.651122 -1.176842 -0.036860
v 1.377222 -1.596183 -0.036860
v 1.048540 -1.613461 -0.036860
v 1.048540 -1.613461 -0.168942
v 1.377222 -1.596183 -0.149831
v 2.034584 -1.134339 -0.038900
v 2.034584 -1.134339 -0.036860
v 1.925024 -1.134339 -0.036860
v 1.651122 -1.167982 -0.036860
v 1.377222 -1.176842 -0.036860
v 1.048540 -1.596183 -0.036860
v 0.000000 -1.613461 -0.036860
v 0.000000 -1.613461 -0.168942
v 1.048540 -1.596183 -0.168923
v 1.925024 -1.134339 -0.060036
v 2.034584 -1.100696 -0.038684
v 2.034584 -1.100696 -0.036860
v 1.651122 -1.167982 -0.119957
v 1.377222 -1.176842 -0.149445
v 1.925024 -1.100696 -0.036860
v 1.651122 -1.134339 -0.036860
v 1.377222 -1.167982 -0.036860
v 1.048540 -1.176842 -0.036860
v 0.000000 -1.596183 -0.036860
v -1.048540 -1.613461 -0.036860
v -1.048540 -1.613461 -0.168942
v 0.000000 -1.596183 -0.168923
v 1.048540 -1.176842 -0.168451
v 1.925024 -1.100696 -0.056168
v 2.034584 -1.067053 -0.038600
v 2.034584 -1.067053 -0.036860
v 1.925024 -1.067053 -0.036860
v 1.651122 -1.100696 -0.036860
v 1.377222 -1.134339 -0.036860
v 1.048540 -1.167982 -0.036860
v 0.000000 -1.176842 -0.036860
v -1.048540 -1.596183 -0.036860
v -1.317134 -1.613461 -0.036860
v -1.317134 -1.613461 -0.153337
v -1.048540 -1.596183 -0.168923
v 0.000000 -1.176842 -0.168451
v 1.048540 -1.167982 -0.168441
v 1.377222 -1.167982 -0.149436
v 1.651122 -1.134339 -0.104416
v 1.925024 -1.067053 -0.055205
v 2.034584 -1.003759 -0.038599
v 2.034584 -1.003759 -0.036860
v 1.925024 -1.003759 -0.036860
v 1.651122 -1.067053 -0.036860
v 1.377222 -1.100696 -0.036860
v 1.048540 -1.134339 -0.036860
v 0.000000 -1.167982 -0.036860
v -1.048540 -1.176842 -0.036860
v -1.317134 -1.596183 -0.036860
v -1.377222 -1.613461 -0.036860
v -1.377222 -1.613461 -0.149846
v -1.317134 -1.596183 -0.153321
v -1.048540 -1.176842 -0.168451
v 0.000000 -1.167982 -0.168441
v 1.048540 -1.134339 -0.144821
v 1.651122 -1.100696 -0.097811
v 1.925024 -1.003759 -0.055192
v 2.034584 -0.938754 -0.038598
v 2.034584 -0.938754 -0.036860
v 1.925024 -0.938754 -0.036860
v 1.651122 -1.003759 -0.036860
v 1.377222 -1.067053 -0.036860
v 1.048540 -1.100696 -0.036860
v 0.000000 -1.134339 -0.036860
v -1.048540 -1.167982 -0.036860
v -1.317134 -1.176842 -0.036860
v -1.377222 -1.596183 -0.036860
v -1.651122 -1.613461 -0.120210
v -1.651122 -1.613461 -0.036860
v -1.377222 -1.596183 -0.149831
v -1.317134 -1.176842 -0.152919
v -1.048540 -1.167982 -0.168441
v 0.000000 -1.134339 -0.144821
v 1.377222 -1.134339 -0.130110
v 1.651122 -1.067053 -0.095259
v 1.925024 -0.938754 -0.055178
v 2.034584 -0.878821 -0.038597
v 2.034584 -0.878821 -0.036860
v 1.925024 -0.878821 -0.036860
v 1.651122 -0.938754 -0.036860
v 1.377222 -1.003759 -0.036860
v 1.048540 -1.067053 -0.036860
v 0.000000 -1.100696 -0.036860
v -1.048540 -1.134339 -0.036860
v -1.317134 -1.167982 -0.036860
v -1.377222 -1.176842 -0.036860
v -1.651122 -1.596183 -0.036860
v -1.925024 -1.613461 -0.074245
v -1.925024 -1.613461 -0.036860
v -1.651122 -1.596183 -0.120200
v -1.377222 -1.176842 -0.149445
v -1.317134 -1.167982 -0.152911
v -1.048540 -1.134339 -0.144821
v 0.000000 -1.100696 -0.131722
v 1.048540 -1.100696 -0.131722
v 1.377222 -1.100696 -0.119392
v 1.651122 -1.003759 -0.095223
v 1.925024 -0.878821 -0.055165
v 2.034584 -0.826614 -0.038596
v 2.034584 -0.826614 -0.036860
v 1.925024 -0.826614 -0.036860
v 1.651122 -0.878821 -0.036860
v 1.377222 -0.938754 -0.036860
v 1.048540 -1.003759 -0.036860
v 0.000000 -1.067053 -0.036860
v -1.048540 -1.100696 -0.036860
v -1.317134 -1.134339 -0.036860
v -1.377222 -1.167982 -0.036860
v -1.651122 -1.176842 -0.036860
v -1.925024 -1.596183 -0.036860
v -2.034584 -1.613461 -0.036860
v -2.034584 -1.613461 -0.039297
v -1.925024 -1.596183 -0.074242
v -1.377222 -1.167982 -0.149436
v -1.651122 -1.176842 -0.119962
v -1.048540 -1.100696 -0.131722
v 0.000000 -1.067053 -0.126660
v 1.048540 -1.067053 -0.126660
v 1.377222 -1.067053 -0.115251
v 1.651122 -0.938754 -0.095186
v 1.925024 -0.826614 -0.055154
v 2.034584 -0.642356 -0.038592
v 2.034584 -0.642356 -0.036860
v 1.925024 -0.642356 -0.036860
v 1.651122 -0.826614 -0.036860
v 1.377222 -0.878821 -0.036860
v 1.048540 -0.938754 -0.036860
v 0.000000 -1.003759 -0.036860
v -1.048540 -1.067053 -0.036860
v -1.317134 -1.100696 -0.036860
v -1.377222 -1.134339 -0.036860
v -1.651122 -1.167982 -0.036860
v -1.925024 -1.176842 -0.036860
v -2.034584 -1.596183 -0.036860
v -2.034584 -1.596183 -0.039297
v -1.925024 -1.176842 -0.074152
v -1.317134 -1.134339 -0.132799
v -1.651122 -1.167982 -0.119957
v -1.048540 -1.067053 -0.126660
v 0.000000 -1.003759 -0.126589
v 1.048540 -1.003759 -0.126589
v 1.377222 -1.003759 -0.115193
v 1.651122 -0.878821 -0.095152
v 1.925024 -0.642356 -0.055114
v 2.034584 0.077470 -0.038579
v 2.034584 0.077470 -0.036860
v 1.925024 0.077470 -0.036860
v 1.651122 -0.642356 -0.036860
v 1.377222 -0.826614 -0.036860
v 1.048540 -0.878821 -0.036860
v 0.000000 -0.938754 -0.036860
v -1.048540 -1.003759 -0.036860
v -1.317134 -1.067053 -0.036860
v -1.377222 -1.100696 -0.036860
v -1.651122 -1.134339 -0.036860
v -1.925024 -1.167982 -0.036860
v -2.034584 -1.176842 -0.036860
v -2.034584 -1.176842 -0.039289
v -1.377222 -1.134339 -0.130110
v -1.651122 -1.134339 -0.104416
v -1.925024 -1.167982 -0.074150
v -1.048540 -1.003759 -0.126589
v -1.317134 -1.100696 -0.121646
v 0.000000 -0.938754 -0.126516
v 1.048540 -0.938754 -0.126516
v 1.377222 -0.938754 -0.115133
v 1.651122 -0.826614 -0.095122
v 1.925024 0.077470 -0.054960
v 2.034584 0.320705 -0.038456
v 2.034584 0.320705 -0.036860
v 1.925024 0.320705 -0.036860
v 1.651122 0.077470 -0.036860
v 1.377222 -0.642356 -0.036860
v 1.048540 -0.826614 -0.036860
v 0.000000 -0.878821 -0.036860
v -1.048540 -0.938754 -0.036860
v -1.317134 -1.003759 -0.036860
v -1.377222 -1.067053 -0.036860
v -1.651122 -1.100696 -0.036860
v -1.925024 -1.134339 -0.036860
v -2.034584 -1.167982 -0.036860
v -2.034584 -1.167982 -0.039289
v -1.925024 -1.134339 -0.060036
v -0.731112 -0.993175 -0.126577
v -1.317134 -1.067053 -0.117337
v -1.317134 -1.003759 -0.117276
v -0.690094 -0.952127 -0.126531
v 0.000000 -0.878821 -0.126449
v 1.048540 -0.878821 -0.126449
v 1.377222 -0.878821 -0.115078
v 1.651122 -0.642356 -0.095018
v 1.925024 0.320705 -0.053549
v 2.034584 0.438685 -0.038234
v 2.034584 0.438685 -0.036860
v 1.925024 0.438685 -0.036860
v 1.651122 0.320705 -0.036860
v 1.377222 0.077470 -0.036860
v 1.048540 -0.642356 -0.036860
v 0.000000 -0.826614 -0.036860
v -1.048540 -0.878821 -0.036860
v -1.317134 -0.938754 -0.036860
v -1.377222 -1.003759 -0.036860
v -1.651122 -1.067053 -0.036860
v -1.925024 -1.100696 -0.036860
v -2.034584 -1.134339 -0.036860
v -2.034584 -1.134339 -0.038900
v -1.651122 -1.100696 -0.097811
v -1.377222 -1.100696 -0.119392
v -1.925024 -1.100696 -0.056168
v -0.715888 -0.990147 -0.126574
v -1.048540 -0.993175 -0.126577
v -1.316094 -0.993175 -0.117303
v -1.377222 -1.067053 -0.115251
v -1.377222 -1.003759 -0.115193
v -0.693129 -0.967382 -0.126548
v -0.690094 -0.938754 -0.126516
v -0.690094 -0.879153 -0.126449
v 0.000000 -0.826614 -0.126390
v 1.048540 -0.826614 -0.126390
v 1.377222 -0.826614 -0.115030
v 1.651122 0.077470 -0.094609
v 1.925024 0.438685 -0.050978
v 2.034584 0.556664 -0.037944
v 2.034584 0.556664 -0.036860
v 1.925024 0.556664 -0.036860
v 1.651122 0.438685 -0.036860
v 1.377222 0.320705 -0.036860
v 1.048540 0.077470 -0.036860
v 0.000000 -0.642356 -0.036860
v -1.048540 -0.826614 -0.036860
v -1.317134 -0.878821 -0.036860
v -1.377222 -0.938754 -0.036860
v -1.651122 -1.003759 -0.036860
v -1.925024 -1.067053 -0.036860
v -2.034584 -1.100696 -0.036860
v -2.034584 -1.100696 -0.038684
v -0.702251 -0.981035 -0.126564
v -0.731536 -0.988820 -0.126437
v -0.717572 -0.986042 -0.126434
v -1.048535 -0.988820 -0.126437
v -1.331132 -0.990184 -0.116779
v -1.344633 -0.981163 -0.116302
v -1.651122 -1.003759 -0.095223
v -0.697208 -0.965676 -0.126411
v -0.694428 -0.951696 -0.126395
v -0.694428 -0.938754 -0.126381
v -0.690094 -0.827235 -0.126391
v -0.694428 -0.879153 -0.126314
v 0.000000 -0.642356 -0.126183
v 1.048540 -0.642356 -0.126183
v 1.377222 -0.642356 -0.114860
v 1.651122 0.320705 -0.090869
v 1.925024 0.556664 -0.047633
v 2.034584 0.674644 -0.037571
v 2.034584 0.674644 -0.036860
v 1.925024 0.674644 -0.036860
v 1.651122 0.556664 -0.036860
v 1.377222 0.438685 -0.036860
v 1.048540 0.320705 -0.036860
v 0.000000 0.077470 -0.036860
v -1.048540 -0.642356 -0.036860
v -1.317134 -0.826614 -0.036860
v -1.377222 -0.878821 -0.036860
v -1.651122 -0.938754 -0.036860
v -1.925024 -1.003759 -0.036860
v -2.034584 -1.067053 -0.036860
v -2.034584 -1.067053 -0.038600
v -1.651122 -1.067053 -0.095259
v -1.925024 -1.067053 -0.055205
v -0.705368 -0.977888 -0.126425
v -0.731847 -0.985631 -0.126064
v -0.718805 -0.983037 -0.126061
v -1.315694 -0.988820 -0.117178
v -1.048524 -0.985631 -0.126064
v -1.353751 -0.967518 -0.115973
v -1.455765 -0.993926 -0.109465
v -0.700195 -0.964427 -0.126040
v -0.697600 -0.951380 -0.126026
v -0.697600 -0.938754 -0.126012
v -0.690094 -0.643997 -0.126184
v -0.694428 -0.827405 -0.126256
v -0.697600 -0.879153 -0.125945
v 0.000000 0.077470 -0.125373
v 1.048540 0.077470 -0.125373
v 1.377222 0.077470 -0.114198
v 1.651122 0.438685 -0.079725
v 1.925024 0.674644 -0.043332
v 2.034584 0.791280 -0.037419
v 2.034584 0.791280 -0.036860
v 1.925024 0.791280 -0.036860
v 1.651122 0.674644 -0.036860
v 1.377222 0.556664 -0.036860
v 1.048540 0.438685 -0.036860
v 0.000000 0.320705 -0.036860
v -1.048540 0.077470 -0.036860
v -1.317134 -0.642356 -0.036860
v -1.377222 -0.826614 -0.036860
v -1.651122 -0.878821 -0.036860
v -1.925024 -0.938754 -0.036860
v -2.034584 -1.003759 -0.036860
v -2.034584 -1.003759 -0.038599
v -0.707650 -0.975584 -0.126053
v -0.731961 -0.984465 -0.125558
v -0.719256 -0.981937 -0.125556
v -1.315401 -0.985632 -0.116815
v -1.048507 -0.984465 -0.125558
v -1.341701 -0.977952 -0.116265
v -1.329565 -0.986061 -0.116694
v -1.377222 -0.938754 -0.115133
v -1.349859 -0.965744 -0.115970
v -1.836412 -1.003759 -0.068142
v -1.425892 -0.987984 -0.111634
v -1.651122 -0.993926 -0.095217
v -0.698761 -0.951265 -0.125521
v -0.693129 -0.628741 -0.126167
v -0.702251 -0.615089 -0.126152
v -0.715888 -0.605977 -0.126142
v -0.731112 -0.602948 -0.126138
v -1.048540 -0.602948 -0.126138
v -1.048540 0.077470 -0.125373
v -0.694428 -0.644428 -0.126050
v -0.697600 -0.827544 -0.125886
v -0.698761 -0.938754 -0.125507
v -0.698761 -0.879153 -0.125440
v 0.000000 0.320705 -0.117954
v 1.048540 0.320705 -0.117954
v 1.377222 0.320705 -0.108127
v 1.418856 0.421919 -0.096018
v 1.416988 0.437895 -0.094628
v 1.651122 0.556664 -0.069185
v 1.925024 0.791280 -0.037419
v 1.651122 0.791280 -0.036860
v 1.377222 0.674644 -0.036860
v 1.048540 0.556664 -0.036860
v 0.000000 0.438685 -0.036860
v -1.048540 0.320705 -0.036860
v -1.317134 0.077470 -0.036860
v -1.377222 -0.642356 -0.036860
v -1.651122 -0.826614 -0.036860
v -1.925024 -0.878821 -0.036860
v -2.034584 -0.938754 -0.036860
v -2.034584 -0.938754 -0.038598
v -1.925024 -1.003759 -0.055192
v -0.708485 -0.974740 -0.125547
v -0.731961 -0.984465 -0.102921
v -0.719256 -0.981937 -0.102921
v -1.315294 -0.984465 -0.116312
v -1.315294 -0.984465 -0.102921
v -1.047426 -0.984465 -0.102921
v -1.339555 -0.975601 -0.115968
v -1.328418 -0.983042 -0.116361
v -1.411228 -0.969840 -0.112685
v -1.356779 -0.952183 -0.115843
v -1.347009 -0.964445 -0.115698
v -1.429351 -0.986863 -0.110894
v -1.421303 -0.984918 -0.111965
v -1.452584 -0.991484 -0.109207
v -0.701288 -0.963970 -0.125535
v -1.048540 0.320705 -0.117954
v -0.697208 -0.630448 -0.126034
v -0.705368 -0.618236 -0.126020
v -0.717572 -0.610082 -0.126011
v -0.731536 -0.607304 -0.126008
v -1.048376 -0.607304 -0.126008
v -1.316048 -0.602949 -0.116938
v -1.317134 0.077470 -0.116241
v -0.697600 -0.644744 -0.125681
v -0.698761 -0.827235 -0.125382
v -0.698761 -0.879153 -0.102921
v -0.698761 -0.938754 -0.102921
v 1.048540 0.397343 -0.109176
v 0.000000 0.396198 -0.109307
v 1.415948 0.414133 -0.096933
v 1.411158 0.425274 -0.096189
v 1.408694 0.437867 -0.095156
v 1.651122 0.674644 -0.056113
v 1.651122 0.791280 -0.037419
v 1.377222 0.791280 -0.036860
v 1.048540 0.674644 -0.036860
v 0.000000 0.556664 -0.036860
v -1.048540 0.438685 -0.036860
v -1.317134 0.320705 -0.036860
v -1.377222 0.077470 -0.036860
v -1.651122 -0.642356 -0.036860
v -1.925024 -0.826614 -0.036860
v -2.034584 -0.878821 -0.036860
v -2.034584 -0.878821 -0.038597
v -1.925024 -0.938754 -0.055178
v -0.708485 -0.974740 -0.102921
v -0.732199 -0.982045 -0.102921
v -0.720200 -0.979658 -0.102921
v -1.327999 -0.981937 -0.115869
v -1.327999 -0.981937 -0.102921
v -1.315056 -0.982045 -0.102921
v -1.047426 -0.982045 -0.102921
v -1.408366 -0.955451 -0.112880
v -1.356801 -0.938754 -0.115840
v -1.352636 -0.951724 -0.115855
v -1.345966 -0.963970 -0.115228
v -1.835095 -0.993926 -0.068334
v -1.422456 -0.982256 -0.111392
v -1.651066 -0.991484 -0.094733
v -0.701288 -0.963970 -0.102921
v -0.698761 -0.951265 -0.102921
v -1.048540 0.395054 -0.109439
v -0.700195 -0.631697 -0.125666
v -0.707650 -0.620540 -0.125653
v -0.718805 -0.613087 -0.125645
v -0.731847 -0.610492 -0.125642
v -1.047930 -0.610492 -0.125642
v -1.315671 -0.607304 -0.116816
v -1.377222 0.077470 -0.114198
v -0.698761 -0.644859 -0.125176
v -0.701180 -0.938754 -0.102921
v -0.701180 -0.879153 -0.102921
v -0.698761 -0.827235 -0.102921
v 1.048540 0.403535 -0.108467
v 0.000000 0.403535 -0.108467
v 1.386677 0.397712 -0.100315
v 1.409969 0.405474 -0.098120
v 1.409747 0.418060 -0.096956
v 1.409468 0.426010 -0.095867
v 1.407400 0.436577 -0.095000
v 1.408860 0.447481 -0.093995
v 1.377222 0.556664 -0.082686
v 1.377222 0.791280 -0.037419
v 1.048540 0.791280 -0.036860
v 0.000000 0.674644 -0.036860
v -1.048540 0.556664 -0.036860
v -1.317134 0.438685 -0.036860
v -1.377222 0.320705 -0.036860
v -1.651122 0.077470 -0.036860
v -1.925024 -0.642356 -0.036860
v -2.034584 -0.826614 -0.036860
v -2.034584 -0.826614 -0.038596
v -1.925024 -0.878821 -0.055165
v -1.880239 -0.961760 -0.061737
v -1.853056 -0.998979 -0.065709
v -0.710229 -0.972996 -0.102921
v -0.701180 -0.951026 -0.102921
v -0.703567 -0.963026 -0.102921
v -1.047426 -0.938754 -0.102921
v -1.338769 -0.974740 -0.115489
v -1.338769 -0.974740 -0.102921
v -1.327055 -0.979658 -0.102921
v -1.337025 -0.972996 -0.102921
v -1.343687 -0.963026 -0.102921
v -1.346074 -0.951026 -0.102921
v -1.346074 -0.938754 -0.102921
v -1.413522 -0.968885 -0.112030
v -1.410802 -0.955211 -0.112216
v -1.408366 -0.938754 -0.112865
v -1.356805 -0.879153 -0.115790
v -1.349604 -0.951388 -0.115593
v -1.849444 -0.991072 -0.066235
v -1.432283 -0.985912 -0.109294
v -1.423433 -0.979998 -0.109933
v -1.449888 -0.989414 -0.108015
v -1.048540 0.403535 -0.108467
v -1.317134 0.320705 -0.109924
v -0.708485 -0.621383 -0.125150
v -0.719256 -0.614186 -0.125142
v -0.731961 -0.611659 -0.125139
v -1.047319 -0.611659 -0.125139
v -1.315395 -0.610492 -0.116445
v -1.329552 -0.610064 -0.116344
v -1.331104 -0.605942 -0.116427
v -0.698761 -0.644859 -0.102921
v -1.045006 -0.879368 -0.102921
v -0.701180 -0.827235 -0.102921
v 0.000000 0.405365 -0.107899
v 1.048515 0.405365 -0.107899
v 1.387390 0.403527 -0.099725
v 1.400646 0.399472 -0.099270
v 1.404647 0.410427 -0.097991
v 1.408050 0.418764 -0.096638
v 1.404648 0.443923 -0.094696
v 1.408034 0.426635 -0.094876
v 1.377222 0.674644 -0.064189
v 1.048540 0.791280 -0.037419
v 0.000000 0.791280 -0.036860
v -1.048540 0.674644 -0.036860
v -1.317134 0.556664 -0.036860
v -1.377222 0.438685 -0.036860
v -1.651122 0.320705 -0.036860
v -1.925024 0.077470 -0.036860
v -2.034584 -0.642356 -0.036860
v -2.034584 -0.642356 -0.038592
v -1.925024 -0.826614 -0.055154
v -1.880470 -0.878821 -0.061669
v -1.880292 -0.938754 -0.061712
v -1.877277 -0.971887 -0.062166
v -1.867522 -0.987582 -0.063590
v -1.345966 -0.963970 -0.102921
v -1.346074 -0.879153 -0.102921
v -1.348494 -0.951265 -0.102921
v -1.348494 -0.938754 -0.102921
v -1.415466 -0.968075 -0.110502
v -1.412866 -0.955006 -0.110679
v -1.410802 -0.938755 -0.112201
v -1.377222 -0.878821 -0.115078
v -1.352647 -0.938754 -0.115847
v -1.348494 -0.951265 -0.115128
v -1.834860 -0.991484 -0.067879
v -1.424085 -0.978490 -0.107809
v -1.650907 -0.989414 -0.093357
v -1.048535 0.405365 -0.107899
v -1.317134 0.394761 -0.102702
v -0.701288 -0.632154 -0.125162
v -0.708485 -0.621383 -0.102921
v -0.719256 -0.614186 -0.102921
v -0.731961 -0.611659 -0.102921
v -1.047426 -0.611659 -0.102921
v -1.315294 -0.611659 -0.102921
v -1.315294 -0.611659 -0.115925
v -1.328415 -0.613082 -0.116001
v -1.344625 -0.614976 -0.115972
v -1.377222 0.320705 -0.108127
v -0.701288 -0.632154 -0.102921
v -0.701180 -0.645097 -0.102921
v -1.045006 -0.824816 -0.102921
v 0.000000 0.406917 -0.106700
v 1.048445 0.406917 -0.106700
v 1.397256 0.405489 -0.098920
v 1.403345 0.411723 -0.097593
v 1.403346 0.442645 -0.094575
v 1.406611 0.419361 -0.095649
v 1.406303 0.435484 -0.094150
v 1.400251 0.453465 -0.093811
v 1.048540 0.674644 -0.064253
v 0.000000 0.791280 -0.037419
v -1.048540 0.791280 -0.036860
v -1.317134 0.674644 -0.036860
v -1.377222 0.556664 -0.036860
v -1.651122 0.438685 -0.036860
v -1.925024 0.320705 -0.036860
v -2.034584 0.077470 -0.036860
v -2.034584 0.077470 -0.038579
v -1.925024 -0.642356 -0.055114
v -1.880623 -0.826614 -0.061633
v -1.873518 -0.955457 -0.062719
v -1.862148 -0.982583 -0.064376
v -1.348494 -0.879153 -0.102921
v -1.346074 -0.827235 -0.102921
v -1.348494 -0.938754 -0.115106
v -1.416765 -0.967534 -0.108332
v -1.414246 -0.954870 -0.108504
v -1.412866 -0.938756 -0.110664
v -1.410802 -0.878821 -0.112148
v -1.408366 -0.878821 -0.112812
v -1.356808 -0.826614 -0.115746
v -1.352649 -0.879153 -0.115796
v -1.349607 -0.938754 -0.115578
v -1.848510 -0.988769 -0.065885
v -1.434242 -0.985277 -0.107076
v -1.448086 -0.988031 -0.106070
v -1.317125 0.405360 -0.101310
v -1.048523 0.406917 -0.106700
v -1.317134 0.403526 -0.101847
v -0.710229 -0.623128 -0.102921
v -0.720200 -0.616465 -0.102921
v -0.732199 -0.614079 -0.102921
v -1.047426 -0.614079 -0.102921
v -1.315056 -0.614079 -0.102921
v -1.327999 -0.614186 -0.115491
v -1.327999 -0.614186 -0.102921
v -1.339554 -0.620525 -0.115627
v -1.341697 -0.618180 -0.115935
v -1.377222 -0.642356 -0.114860
v -1.651122 0.320705 -0.090869
v -0.703567 -0.633098 -0.102921
v -1.047426 -0.644859 -0.102921
v 1.387616 0.405360 -0.099180
v 0.000000 0.407954 -0.105054
v 1.048340 0.407954 -0.105054
v 1.396454 0.407118 -0.098459
v 1.402242 0.412822 -0.096537
v 1.396973 0.449051 -0.094557
v 1.396279 0.447367 -0.094447
v 1.407077 0.427052 -0.093367
v 1.405650 0.419760 -0.094141
v 1.386963 0.456520 -0.094280
v 1.048540 0.556664 -0.086859
v 0.000000 0.674644 -0.064253
v -1.048540 0.791280 -0.037419
v -1.317134 0.791280 -0.036860
v -1.377222 0.674644 -0.036860
v -1.651122 0.556664 -0.036860
v -1.925024 0.438685 -0.036860
v -2.034584 0.320705 -0.036860
v -2.034584 0.320705 -0.038456
v -1.925024 0.077470 -0.054960
v -1.881143 -0.642356 -0.061507
v -1.873516 -0.878821 -0.062684
v -1.873516 -0.826614 -0.062670
v -1.873516 -0.938754 -0.062701
v -1.870652 -0.969856 -0.063131
v -1.860415 -0.980814 -0.064144
v -1.346074 -0.645097 -0.102921
v -1.348494 -0.827235 -0.102921
v -1.348494 -0.879153 -0.115052
v -1.417221 -0.967345 -0.105852
v -1.414246 -0.938758 -0.108489
v -1.412866 -0.878822 -0.110612
v -1.377222 -0.826614 -0.115030
v -1.834660 -0.989414 -0.066517
v -1.424315 -0.977961 -0.105345
v -1.650668 -0.988031 -0.091299
v -1.317097 0.406915 -0.100138
v -1.048504 0.407954 -0.105054
v -1.386305 0.394685 -0.100622
v -1.343687 -0.633098 -0.102921
v -1.337025 -0.623128 -0.102921
v -1.327055 -0.616465 -0.102921
v -1.338769 -0.621383 -0.115129
v -1.338769 -0.621383 -0.102921
v -1.347010 -0.631683 -0.115382
v -1.349861 -0.630397 -0.115668
v -1.353755 -0.628641 -0.115673
v -1.408366 -0.035625 -0.112076
v -1.651122 0.077470 -0.094609
v -1.417317 0.415056 -0.096759
v 1.387807 0.406915 -0.098000
v 0.000000 0.408318 -0.103210
v 1.048265 0.408318 -0.103210
v 1.395773 0.408500 -0.097349
v 1.387507 0.450934 -0.094927
v 1.387687 0.449076 -0.094782
v 1.402242 0.441562 -0.093754
v 1.401504 0.413556 -0.094984
v 1.405570 0.434754 -0.092735
v 1.048540 0.456787 -0.101744
v 0.000000 0.556664 -0.086859
v -1.048540 0.674644 -0.064253
v -1.317134 0.791280 -0.037419
v -1.377222 0.791280 -0.036860
v -1.651122 0.674644 -0.036860
v -1.925024 0.556664 -0.036860
v -2.034584 0.438685 -0.036860
v -2.034584 0.438685 -0.038234
v -1.925024 0.320705 -0.053549
v -1.878217 -0.025303 -0.061794
v -1.873517 -0.642356 -0.062618
v -1.871101 -0.955214 -0.062582
v -1.868379 -0.968895 -0.062977
v -1.847717 -0.986817 -0.064617
v -1.348494 -0.644859 -0.102921
v -1.348494 -0.826614 -0.115005
v -1.349607 -0.879153 -0.115526
v -1.414730 -0.954822 -0.106022
v -1.414730 -0.938760 -0.106007
v -1.414246 -0.878824 -0.108437
v -1.412866 -0.826616 -0.110566
v -1.410802 -0.826615 -0.112102
v -1.408366 -0.826614 -0.112766
v -1.356821 -0.643980 -0.115590
v -1.352651 -0.826614 -0.115751
v -1.447453 -0.987545 -0.103668
v -1.434931 -0.985054 -0.104578
v -1.650402 -0.987545 -0.088873
v -1.387616 0.405360 -0.099181
v -1.387807 0.406915 -0.098002
v -1.317055 0.407954 -0.098509
v -1.048508 0.408318 -0.103210
v -1.387390 0.403526 -0.099725
v -1.399399 0.397695 -0.099516
v -1.345966 -0.632154 -0.102921
v -1.345966 -0.632154 -0.114893
v -1.349609 -0.644741 -0.115318
v -1.352657 -0.644420 -0.115592
v -1.404995 -0.023383 -0.112306
v -1.408366 -0.642356 -0.112604
v -1.651122 0.010457 -0.094647
v -1.410300 0.406416 -0.098008
v -1.651122 0.438685 -0.079725
v 1.387934 0.407954 -0.096364
v 1.048265 0.408318 -0.067657
v 0.000000 0.408318 -0.067657
v 1.395318 0.409422 -0.095761
v 1.048540 0.450914 -0.102619
v 1.395690 0.445940 -0.093635
v 1.406741 0.427199 -0.091569
v 1.405312 0.419900 -0.092344
v 1.401245 0.413814 -0.093170
v 0.000000 0.457616 -0.101620
v -1.048540 0.556664 -0.086859
v -1.317134 0.674644 -0.064201
v -1.377222 0.791280 -0.037419
v -1.651122 0.791280 -0.036860
v -1.925024 0.674644 -0.036860
v -2.034584 0.556664 -0.036860
v -2.034584 0.556664 -0.037944
v -1.925024 0.438685 -0.050978
v -1.873518 -0.035621 -0.062480
v -1.876728 -0.019199 -0.062005
v -1.871100 -0.938754 -0.062568
v -1.871100 -0.878821 -0.062551
v -1.871100 -0.826614 -0.062537
v -1.866451 -0.968080 -0.061875
v -1.858945 -0.979315 -0.062975
v -1.348494 -0.644859 -0.114840
v -1.349608 -0.826614 -0.115480
v -1.424315 -0.977961 -0.059974
v -1.417221 -0.967345 -0.059974
v -1.414730 -0.954822 -0.059974
v -1.414730 -0.938760 -0.059974
v -1.414730 -0.878826 -0.105954
v -1.414246 -0.826618 -0.108391
v -1.412866 -0.642357 -0.110405
v -1.410801 -0.642356 -0.111941
v -1.834526 -0.988031 -0.064454
v -1.447453 -0.987545 -0.059974
v -1.434931 -0.985054 -0.059974
v -1.650402 -0.987545 -0.059974
v -1.387934 0.407954 -0.096368
v -1.317062 0.408318 -0.096672
v -1.048508 0.408318 -0.067657
v -1.406589 -0.017914 -0.112181
v -1.410801 -0.035866 -0.111415
v -1.439730 0.010457 -0.109793
v -1.844265 0.010457 -0.066689
v -1.409774 0.418100 -0.096949
v -1.417567 0.426764 -0.095650
v 1.387979 0.408318 -0.094521
v 0.000000 0.446079 -0.067657
v 1.048265 0.446079 -0.067657
v 1.387979 0.408318 -0.067657
v 1.048506 0.449064 -0.102536
v 1.387841 0.447501 -0.093942
v 1.401504 0.440838 -0.092357
v 1.395159 0.409747 -0.093935
v 1.405312 0.434497 -0.090970
v 0.000000 0.450914 -0.102619
v -1.048540 0.458444 -0.101497
v -1.317134 0.556664 -0.083448
v -1.651122 0.791280 -0.037419
v -1.377222 0.674644 -0.064189
v -1.925024 0.791280 -0.036860
v -2.034584 0.674644 -0.036860
v -2.034584 0.674644 -0.037571
v -1.925024 0.556664 -0.047633
v -1.871100 -0.642356 -0.062484
v -1.870167 -0.020495 -0.062957
v -1.870653 -0.021223 -0.062887
v -1.869570 -0.004111 -0.063034
v -1.869052 -0.955008 -0.061495
v -1.857963 -0.978312 -0.061047
v -1.847188 -0.985512 -0.062624
v -1.429865 -0.972411 -0.059974
v -1.424472 -0.964341 -0.059974
v -1.422428 -0.954064 -0.059974
v -1.414730 -0.878826 -0.059974
v -1.422428 -0.938760 -0.059974
v -1.414730 -0.826620 -0.105909
v -1.414246 -0.642359 -0.108231
v -1.412866 -0.036071 -0.109881
v -1.448211 -0.979847 -0.059974
v -1.437934 -0.977803 -0.059974
v -1.834480 -0.987545 -0.062006
v -1.834480 -0.987545 -0.059974
v -1.650402 -0.979847 -0.059974
v -1.396453 0.407118 -0.098459
v -1.397256 0.405489 -0.098920
v -1.395773 0.408499 -0.097351
v -1.395318 0.409422 -0.095765
v -1.387979 0.408318 -0.094527
v -1.317062 0.408318 -0.067657
v -1.048508 0.446079 -0.067657
v -1.411227 -0.021238 -0.111857
v -1.414900 -0.002526 -0.111580
v -1.413521 -0.022193 -0.111207
v -1.428022 0.006692 -0.110632
v -1.651122 0.002848 -0.094652
v -1.856130 0.006656 -0.064971
v -1.835095 0.002848 -0.068020
v -1.404647 0.410427 -0.097991
v -1.417537 0.434705 -0.094894
v -1.410080 0.434578 -0.095378
v -1.411540 0.427123 -0.095998
v 1.387979 0.446079 -0.067657
v 0.000000 0.446079 -0.098630
v 1.048265 0.446079 -0.098630
v 1.395159 0.409747 -0.067657
v 0.000000 0.449064 -0.102536
v 1.395297 0.444986 -0.092245
v 1.406741 0.427199 -0.067657
v 1.405312 0.434497 -0.067657
v 1.405312 0.419900 -0.067657
v 1.401245 0.413814 -0.067657
v -1.048540 0.450914 -0.102619
v -1.317134 0.458656 -0.095885
v -1.377222 0.556664 -0.082686
v -1.651122 0.674644 -0.056113
v -1.925024 0.791280 -0.037419
v -2.034584 0.791280 -0.036860
v -2.034584 0.791280 -0.037419
v -1.925024 0.674644 -0.043332
v -1.871101 -0.035864 -0.062339
v -1.868380 -0.022183 -0.062726
v -1.862149 -0.008495 -0.064111
v -1.860415 -0.010263 -0.063872
v -1.869052 -0.878821 -0.061467
v -1.869052 -0.938755 -0.061484
v -1.869052 -0.642356 -0.061400
v -1.869052 -0.826615 -0.061452
v -1.865164 -0.967536 -0.059993
v -1.847002 -0.985054 -0.060208
v -1.650402 -0.954822 -0.059974
v -1.414730 -0.826620 -0.059974
v -1.422428 -0.878826 -0.059974
v -1.650402 -0.938760 -0.059974
v -1.414730 -0.642361 -0.105748
v -1.414246 -0.036207 -0.107707
v -1.415466 -0.023002 -0.109682
v -1.847002 -0.985054 -0.059974
v -1.833721 -0.979847 -0.059974
v -1.403345 0.411723 -0.097593
v -1.395159 0.409747 -0.093941
v -1.387979 0.408318 -0.067657
v -1.317062 0.446079 -0.067657
v -1.048508 0.446079 -0.098630
v -1.432452 -0.000011 -0.110319
v -1.446828 0.002848 -0.109293
v -1.651068 0.000407 -0.094170
v -1.834859 0.000407 -0.067565
v -1.408067 0.418789 -0.096634
v -1.407756 0.450383 -0.093890
v -1.408256 0.434547 -0.095138
v -1.409703 0.427152 -0.095750
v -1.651122 0.556664 -0.069185
v 1.395159 0.444651 -0.067657
v 1.401245 0.440584 -0.067657
v 1.387979 0.446079 -0.090769
v 0.000000 0.446447 -0.100377
v 1.048265 0.446447 -0.100377
v 1.048409 0.447495 -0.101749
v 0.000000 0.447495 -0.101749
v -1.048536 0.449064 -0.102536
v 1.387943 0.446448 -0.092532
v 1.401245 0.440584 -0.090598
v -1.317134 0.450928 -0.096865
v -1.386750 0.458711 -0.094026
v -1.866452 -0.022998 -0.061607
v -1.869052 -0.036070 -0.061238
v -1.848510 -0.002309 -0.065591
v -1.849445 -0.000006 -0.065945
v -1.867202 -0.938760 -0.059974
v -1.867202 -0.826620 -0.059974
v -1.867202 -0.954822 -0.059974
v -1.857618 -0.977961 -0.059974
v -1.859504 -0.954822 -0.059974
v -1.843998 -0.977803 -0.059974
v -1.852068 -0.972411 -0.059974
v -1.857460 -0.964341 -0.059974
v -1.414730 -0.642361 -0.059974
v -1.422428 -0.826620 -0.059974
v -1.650402 -0.878826 -0.059974
v -1.859504 -0.938760 -0.059974
v -1.414730 -0.036255 -0.105225
v -1.416765 -0.023543 -0.107515
v -1.402242 0.412822 -0.096538
v -1.401504 0.413556 -0.094987
v -1.401245 0.413814 -0.093176
v -1.395159 0.409747 -0.067657
v -1.387979 0.446079 -0.067657
v -1.317062 0.446079 -0.092772
v -1.048508 0.446447 -0.100377
v -1.421485 -0.010273 -0.110626
v -1.419731 -0.008511 -0.111237
v -1.422972 -0.011768 -0.109135
v -1.650911 -0.001664 -0.092797
v -1.834660 -0.001664 -0.066198
v -1.403173 0.444935 -0.094859
v -1.402435 0.443270 -0.094676
v 1.395159 0.444651 -0.090488
v -1.048525 0.447495 -0.101749
v -1.387507 0.450934 -0.094927
v -1.397945 0.454379 -0.093916
v -1.867202 -0.036255 -0.059974
v -1.847718 -0.004261 -0.064309
v -1.858945 -0.011763 -0.062688
v -1.867202 -0.878826 -0.059974
v -1.867202 -0.642361 -0.059974
v -1.864712 -0.967345 -0.059974
v -1.867202 -0.954822 -0.059974
v -1.414730 -0.036255 -0.059974
v -1.422428 -0.642361 -0.059974
v -1.650402 -0.826620 -0.059974
v -1.859504 -0.878826 -0.059974
v -1.417221 -0.023733 -0.105036
v -1.423966 -0.012766 -0.106990
v -1.406619 0.419373 -0.095649
v -1.405652 0.419763 -0.094144
v -1.405312 0.419900 -0.092350
v -1.401245 0.413814 -0.067657
v -1.405312 0.419900 -0.067657
v -1.406741 0.427199 -0.067657
v -1.405312 0.434497 -0.067657
v -1.401245 0.440584 -0.067657
v -1.395159 0.444651 -0.067657
v -1.387979 0.446079 -0.090777
v -1.317062 0.446448 -0.094527
v -1.434205 -0.004262 -0.108325
v -1.447067 0.000407 -0.108790
v -1.433401 -0.002312 -0.109767
v -1.650677 -0.003047 -0.090739
v -1.834526 -0.003047 -0.064126
v -1.408146 0.427177 -0.094822
v -1.401810 0.441858 -0.093804
v -1.406709 0.434521 -0.094217
v -1.317125 0.449073 -0.096742
v -1.864712 -0.023733 -0.059974
v -1.847188 -0.005565 -0.062294
v -1.857963 -0.012765 -0.060739
v -1.859504 -0.642361 -0.059974
v -1.859504 -0.826620 -0.059974
v -1.417221 -0.023733 -0.059974
v -1.422428 -0.037013 -0.059974
v -1.650402 -0.642361 -0.059974
v -1.424315 -0.013117 -0.104518
v -1.407106 0.427193 -0.093356
v -1.406741 0.427199 -0.091575
v -1.405312 0.434497 -0.090976
v -1.401245 0.440584 -0.090607
v -1.395159 0.444651 -0.090496
v -1.387943 0.446448 -0.092537
v -1.317100 0.447499 -0.095921
v -1.434742 -0.005566 -0.106213
v -1.447270 -0.001664 -0.107389
v -1.447406 -0.003047 -0.105305
v -1.650402 -0.003532 -0.088312
v -1.834480 -0.003532 -0.061666
v -1.396973 0.449051 -0.094557
v -1.396279 0.447367 -0.094447
v -1.395690 0.445940 -0.093637
v -1.387687 0.449076 -0.094783
v -1.867202 -0.036255 -0.059974
v -1.859504 -0.036255 -0.059974
v -1.857618 -0.013117 -0.059974
v -1.424315 -0.013117 -0.059974
v -1.424472 -0.026736 -0.059974
v -1.650402 -0.036255 -0.059974
v -1.434931 -0.006023 -0.103753
v -1.405675 0.434503 -0.092756
v -1.401392 0.440915 -0.092375
v -1.395297 0.444986 -0.092250
v -1.387841 0.447501 -0.093944
v -1.447453 -0.003532 -0.102855
v -1.650402 -0.003532 -0.059974
v -1.834480 -0.003532 -0.059974
v -1.847002 -0.006023 -0.059974
v -1.857460 -0.026736 -0.059974
v -1.434931 -0.006023 -0.059974
v -1.429865 -0.018667 -0.059974
v -1.650402 -0.011230 -0.059974
v -1.448211 -0.011230 -0.059974
v -1.437934 -0.013275 -0.059974
v -1.447453 -0.003532 -0.059974
v -1.833721 -0.011230 -0.059974
v -1.852068 -0.018667 -0.059974
v -1.843998 -0.013275 -0.059974
v -1.867202 -0.262766 -0.057076
v -1.867202 -0.642361 -0.059974
v -1.867202 -0.036255 -0.059974
v -1.867202 -0.938760 -0.059974
v -1.867202 -0.954822 -0.059974
v -1.867202 -0.954822 -0.059974
v 1.137992 -0.905982 -0.097619
v 1.223853 -0.905982 -0.094205
v 1.228938 -0.904969 -0.094003
v 1.137992 -0.823617 -0.097619
v 1.132908 -0.904969 -0.097821
v 1.233248 -0.902087 -0.093832
v 1.223853 -0.823617 -0.094205
v 1.124705 -0.836914 -0.098147
v 1.128597 -0.902087 -0.097992
v 1.236129 -0.897773 -0.093718
v 1.237140 -0.892684 -0.093677
v 1.237140 -0.836914 -0.093677
v 1.128597 -0.827512 -0.097992
v 1.124705 -0.892684 -0.098147
v 1.125717 -0.897773 -0.098107
v 1.233248 -0.827512 -0.093832
v 1.132908 -0.824629 -0.097821
v 1.228938 -0.824629 -0.094003
v 1.125717 -0.831826 -0.098107
v 1.236129 -0.831826 -0.093718
v 1.125601 -0.878824 -0.120679
v 1.122624 -0.878821 -0.123886
v 1.125412 -0.878823 -0.121873
v 1.124780 -0.878822 -0.122902
v 1.123801 -0.878821 -0.123609
v 1.125602 -0.892684 -0.120695
v 1.122625 -0.892990 -0.123904
v 1.125413 -0.892707 -0.121889
v 1.124781 -0.892774 -0.122918
v 1.123802 -0.892873 -0.123626
v 1.126614 -0.897773 -0.120665
v 1.123817 -0.898983 -0.123867
v 1.126438 -0.897865 -0.121859
v 1.125845 -0.898127 -0.122887
v 1.124925 -0.898520 -0.123592
v 1.129494 -0.902087 -0.120570
v 1.127383 -0.904323 -0.123749
v 1.129372 -0.902257 -0.121762
v 1.128927 -0.902742 -0.122785
v 1.128229 -0.903467 -0.123482
v 1.133806 -0.904969 -0.120423
v 1.132720 -0.907891 -0.123568
v 1.133761 -0.905192 -0.121613
v 1.133539 -0.905825 -0.122628
v 1.133173 -0.906773 -0.123315
v 1.138892 -0.905982 -0.120248
v 1.138710 -0.909083 -0.123362
v 1.138916 -0.906218 -0.121435
v 1.138890 -0.906890 -0.122444
v 1.138817 -0.907896 -0.123120
v 1.224770 -0.905982 -0.117276
v 1.225199 -0.909083 -0.120368
v 1.224841 -0.906218 -0.118461
v 1.224947 -0.906890 -0.119465
v 1.225073 -0.907896 -0.120135
v 1.229856 -0.904969 -0.117099
v 1.231189 -0.907891 -0.120159
v 1.229995 -0.905192 -0.118282
v 1.230297 -0.905825 -0.119279
v 1.230716 -0.906773 -0.119938
v 1.234167 -0.902087 -0.116947
v 1.236526 -0.904323 -0.119971
v 1.234385 -0.902257 -0.118127
v 1.234909 -0.902742 -0.119116
v 1.235661 -0.903467 -0.119764
v 1.237048 -0.897773 -0.116842
v 1.240091 -0.898983 -0.119842
v 1.237317 -0.897865 -0.118021
v 1.237990 -0.898127 -0.119005
v 1.238964 -0.898520 -0.119644
v 1.238059 -0.892684 -0.116802
v 1.241283 -0.892989 -0.119794
v 1.238343 -0.892707 -0.117980
v 1.239054 -0.892774 -0.118962
v 1.240087 -0.892873 -0.119599
v 1.238059 -0.878824 -0.116789
v 1.241282 -0.878821 -0.119781
v 1.238342 -0.878823 -0.117966
v 1.239054 -0.878822 -0.118949
v 1.240086 -0.878821 -0.119586
v 1.129491 -0.827512 -0.120491
v 1.125355 -0.827465 -0.123737
v 1.129214 -0.827508 -0.121688
v 1.128331 -0.827498 -0.122725
v 1.126976 -0.827483 -0.123445
v 1.124053 -0.829415 -0.123784
v 1.126611 -0.831826 -0.120595
v 1.125069 -0.830338 -0.123514
v 1.125913 -0.831120 -0.122813
v 1.126454 -0.831642 -0.121788
v 1.125599 -0.836914 -0.120635
v 1.122623 -0.836609 -0.123841
v 1.125410 -0.836891 -0.121829
v 1.124779 -0.836825 -0.122858
v 1.123799 -0.836726 -0.123564
v 1.238564 -0.827485 -0.119823
v 1.234164 -0.827512 -0.116871
v 1.236918 -0.827495 -0.119643
v 1.235504 -0.827504 -0.119019
v 1.234537 -0.827510 -0.118046
v 1.238057 -0.836914 -0.116746
v 1.241280 -0.836609 -0.119738
v 1.238340 -0.836891 -0.117924
v 1.239052 -0.836825 -0.118906
v 1.240085 -0.836726 -0.119543
v 1.237045 -0.831826 -0.116776
v 1.239848 -0.829407 -0.119780
v 1.237296 -0.831642 -0.117955
v 1.237917 -0.831117 -0.118940
v 1.238813 -0.830333 -0.119581
v 1.229853 -0.824629 -0.117019
v 1.229388 -0.821350 -0.120137
v 1.229855 -0.824380 -0.118206
v 1.229767 -0.823669 -0.119216
v 1.229603 -0.822605 -0.119894
v 1.224767 -0.823617 -0.117193
v 1.225195 -0.820515 -0.120279
v 1.224837 -0.823381 -0.118378
v 1.224943 -0.822709 -0.119381
v 1.225069 -0.821702 -0.120048
v 1.138888 -0.823617 -0.120156
v 1.138706 -0.820515 -0.123263
v 1.138912 -0.823381 -0.121343
v 1.138886 -0.822709 -0.122350
v 1.138813 -0.821702 -0.123024
v 1.133803 -0.824629 -0.120333
v 1.134495 -0.821353 -0.123400
v 1.133893 -0.824380 -0.121516
v 1.134056 -0.823670 -0.122515
v 1.134268 -0.822607 -0.123176
v 1.244704 -0.878821 -0.119662
v 1.242110 -0.827463 -0.119700
v 1.122290 -0.827431 -0.123843
v 1.121134 -0.829712 -0.123885
v 1.244121 -0.837187 -0.119637
v 1.243557 -0.829511 -0.119650
v 1.119475 -0.878821 -0.123995
v 1.133758 -0.817799 -0.123425
v 1.139227 -0.817078 -0.123241
v 1.225474 -0.816722 -0.120267
v 1.230001 -0.818266 -0.120112
v 1.119632 -0.836930 -0.123945
v 1.119619 -0.893516 -0.123999
v 1.119619 -0.893513 -0.123999
v 1.121874 -0.900476 -0.123939
v 1.125463 -0.907125 -0.123817
v 1.132228 -0.911216 -0.123588
v 1.132239 -0.911223 -0.123588
v 1.138836 -0.912463 -0.123361
v 1.225466 -0.912501 -0.120364
v 1.233940 -0.910175 -0.120067
v 1.239777 -0.906587 -0.119861
v 1.243169 -0.900603 -0.119736
v 1.243922 -0.893188 -0.119704
v 1.154488 -0.846993 -0.113963
v 1.147989 -0.853482 -0.114221
v 1.209535 -0.847515 -0.111774
v 1.218314 -0.864708 -0.111425
v 1.200420 -0.845697 -0.112137
v 1.162030 -0.844895 -0.113663
v 1.146249 -0.864693 -0.114290
v 1.154630 -0.882030 -0.113957
v 1.209901 -0.882894 -0.111760
v 1.189224 -0.844953 -0.112582
v 1.175435 -0.844925 -0.113130
v 1.175065 -0.885196 -0.113145
v 1.202401 -0.884886 -0.112058
v 1.215620 -0.853912 -0.111533
v 1.153708 -0.847778 -0.113994
v 1.216151 -0.876138 -0.111511
v 1.163124 -0.884248 -0.113619
v 1.148622 -0.875563 -0.114196
v 1.148625 -0.875559 -0.114196
v 1.189211 -0.885305 -0.112582
v 1.175673 -0.864815 -0.092626
v 1.183796 -0.864812 -0.092626
v 1.182076 -0.864812 -0.092626
v 1.152460 -0.864816 -0.092687
v 1.180355 -0.864813 -0.092626
v 1.189314 -0.864810 -0.092626
v 1.174837 -0.864815 -0.092626
v 1.188479 -0.864810 -0.092626
v 1.175673 -0.856887 -0.092626
v 1.153630 -0.856568 -0.092641
v 1.174837 -0.856875 -0.092626
v 1.188479 -0.856893 -0.092626
v 1.189314 -0.856882 -0.092626
v 1.188479 -0.872706 -0.092626
v 1.189314 -0.872717 -0.092626
v 1.175673 -0.872710 -0.092626
v 1.174837 -0.872723 -0.092626
v 1.198590 -0.864806 -0.092626
v 1.198590 -0.856757 -0.092626
v 1.198590 -0.872842 -0.092626
v 1.165571 -0.872845 -0.092668
v 1.165567 -0.864816 -0.092651
v 1.165563 -0.856741 -0.092632
v 1.157339 -0.864816 -0.092674
v 1.157349 -0.872954 -0.092706
v 1.157328 -0.856621 -0.092638
v 1.206827 -0.872953 -0.092626
v 1.206827 -0.864803 -0.092626
v 1.206827 -0.856645 -0.092626
v 1.141084 -0.896992 -0.115768
v 1.222954 -0.896992 -0.112514
v 1.136817 -0.895388 -0.115938
v 1.138422 -0.896462 -0.115874
v 1.225616 -0.896462 -0.112408
v 1.135215 -0.891118 -0.116002
v 1.135745 -0.893782 -0.115981
v 1.227221 -0.895388 -0.112344
v 1.141084 -0.832607 -0.115768
v 1.222954 -0.832607 -0.112514
v 1.228823 -0.891118 -0.112281
v 1.228823 -0.838481 -0.112281
v 1.228294 -0.893782 -0.112302
v 1.135745 -0.835817 -0.115981
v 1.135215 -0.838481 -0.116002
v 1.138422 -0.833137 -0.115874
v 1.225616 -0.833137 -0.112408
v 1.228294 -0.835817 -0.112302
v 1.227221 -0.834210 -0.112344
v 1.136817 -0.834210 -0.115938
v -1.387979 0.427199 -0.067657
v 1.387979 0.427199 -0.067657
v -1.317062 0.427199 -0.067657
v 1.048265 0.427199 -0.067657
v -1.048508 0.427199 -0.067657
v 0.000000 0.427199 -0.067657
v 1.395182 0.427199 -0.067657
v 1.401252 0.427199 -0.067657
v -1.395159 0.427199 -0.067657
v -1.401245 0.427199 -0.067657
v -1.414730 -0.938760 -0.099163
v -1.414730 -0.826620 -0.101320
v -1.414730 -0.642361 -0.101804
v -1.414730 -0.036255 -0.098498
v -1.414730 -0.938760 -0.073911
v -1.414730 -0.826620 -0.071244
v -1.414730 -0.642361 -0.070589
v -1.414730 -0.036255 -0.073674
v -1.414730 -0.878826 -0.071657
v -1.414730 -0.878826 -0.101235
v -1.424315 -0.013117 -0.097661
v -1.447453 -0.003532 -0.096200
v -1.417221 -0.023733 -0.098648
v -1.434931 -0.006023 -0.096649
v -1.424315 -0.013117 -0.069818
v -1.434931 -0.006023 -0.067445
v -1.417221 -0.023733 -0.071995
v -1.447453 -0.003532 -0.065729
v -1.417221 -0.967345 -0.070867
v -1.417221 -0.967345 -0.070867
v -1.424315 -0.977961 -0.070163
v -1.447453 -0.987545 -0.067013
v -1.414730 -0.954822 -0.072397
v -1.434931 -0.985054 -0.067506
v -1.417221 -0.967345 -0.095811
v -1.417221 -0.967345 -0.095811
v -1.424315 -0.977961 -0.093491
v -1.424315 -0.977961 -0.093491
v -1.414730 -0.954822 -0.097748
v -1.414730 -0.954822 -0.097748
v -1.434931 -0.985054 -0.092731
v -1.447453 -0.987545 -0.090944
vt 0.000000 0.000000
vt 0.000000 0.000000
vt 0.000000 0.000000
vt 0.000000 0.000000
vt 0.000000 0.000000
vt 0.000000 0.000000
vt 0.000000 0.000000
vt 0.000000 0.000000
vt 0.000000 0.000000
vt 0.000000 0.000000
vt 0.000000 0.000000
vt 0.000000 0.000000
vt 0.000000 0.000000
vt 0.000000 0.000000
vt 0.000000 0.000000
vt 0.000000 0.000000
vt 0.000000 0.000000
vt 0.000000 0.000000
vt 0.000000 0.000000
vt 0.000000 0.000000
vt 0.000000 0.000000
vt 0.000000 0.000000
vt 0.000000 0.000000
vt 0.000000 0.000000
vt 0.000000 0.000000
vt 0.000000 0.000000
vt 0.000000 0.000000
vt 0.000000 0.000000
vt 0.000000 0.000000
vt 0.000000 0.000000
vt 0.000000 0.000000
vt 0.000000 0.000000
vt 0.000000 0.000000
vt 0.000000 0.000000
vt 0.000000 0.000000
vt 0.000000 0.000000
vt 0.000000 0.000000
vt 0.000000 0.000000
vt 0.000000 0.000000
vt 0.000000 0.000000
vt 0.000000 0.000000
vt 0.000000 0.000000
vt 0.000000 0.000000
vt 0.000000 0.000000
vt 0.000000 0.000000
vt 0.000000 0.000000
vt 0.000000 0.000000
vt 0.000000 0.000000
vt 0.000000 0.000000
vt 0.000000 0.000000
vt 0.000000 0.000000
vt 0.000000 0.000000
vt 0.000000 0.000000
vt 0.000000 0.000000
vt 0.000000 0.000000
vt 0.000000 0.000000
vt 0.000000 0.000000
vt 0.000000 0.000000
vt 0.000000 0.000000
vt 0.000000 0.000000
vt 0.000000 0.000000
vt 0.000000 0.000000
vt 0.000000 0.000000
vt 0.000000 0.000000
vt 0.000000 0.000000
vt 0.000000 0.000000
vt 0.000000 0.000000
vt 0.000000 0.000000
vt 0.000000 0.000000
vt 0.000000 0.000000
vt 0.000000 0.000000
vt 0.000000 0.000000
vt 0.000000 0.000000
vt 0.000000 0.000000
vt 0.000000 0.000000
vt 0.000000 0.000000
vt 0.000000 0.000000
vt 0.000000 0.000000
vt 0.000000 0.000000
vt 0.000000 0.000000
vt 0.000000 0.000000
vt 0.000000 0.000000
vt 0.000000 0.000000
vt 0.000000 0.000000
vt 0.000000 0.000000
vt 0.000000 0.000000
vt 0.000000 0.000000
vt 0.000000 0.000000
vt 0.000000 0.000000
vt 0.000000 0.000000
vt 0.000000 0.000000
vt 0.000000 0.000000
vt 0.000000 0.000000
vt 0.000000 0.000000
vt 0.000000 0.000000
vt 0.000000 0.000000
vt 0.000000 0.000000
vt 0.000000 0.000000
vt 0.000000 0.000000
vt 0.000000 0.000000
vt 0.000000 0.000000
vt 0.000000 0.000000
vt 0.000000 0.000000
vt 0.000000 0.000000
vt 0.000000 0.000000
vt 0.000000 0.000000
vt 0.000000 0.000000
vt 0.000000 0.000000
vt 0.000000 0.000000
vt 0.000000 0.000000
vt 0.000000 0.000000
vt 0.000000 0.000000
vt 0.000000 0.000000
vt 0.000000 0.000000
vt 0.000000 0.000000
vt 0.000000 0.000000
vt 0.000000 0.000000
vt 0.000000 0.000000
vt 0.000000 0.000000
vt 0.000000 0.000000
vt 0.000000 0.000000
vt 0.000000 0.000000
vt 0.000000 0.000000
vt 0.000000 0.000000
vt 0.000000 0.000000
vt 0.000000 0.000000
vt 0.000000 0.000000
vt 0.000000 0.000000
vt 0.000000 0.000000
vt 0.000000 0.000000
vt 0.000000 0.000000
vt 0.000000 0.000000
vt 0.000000 0.000000
vt 0.000000 0.000000
vt 0.000000 0.000000
vt 0.000000 0.000000
vt 0.000000 0.000000
vt 0.000000 0.000000
vt 0.000000 0.000000
vt 0.000000 0.000000
vt 0.000000 0.000000
vt 0.000000 0.000000
vt 0.000000 0.000000
vt 0.000000 0.000000
vt 0.000000 0.000000
vt 0.000000 0.000000
vt 0.000000 0.000000
vt 0.000000 0.000000
vt 0.000000 0.000000
vt 0.000000 0.000000
vt 0.000000 0.000000
vt 0.000000 0.000000
vt 0.000000 0.000000
vt 0.000000 0.000000
vt 0.000000 0.000000
vt 0.000000 0.000000
vt 0.000000 0.000000
vt 0.000000 0.000000
vt 0.000000 0.000000
vt 0.000000 0.000000
vt 0.000000 0.000000
vt 0.000000 0.000000
vt 0.000000 0.000000
vt 0.000000 0.000000
vt 0.000000 0.000000
vt 0.000000 0.000000
vt 0.000000 0.000000
vt 0.000000 0.000000
vt 0.000000 0.000000
vt 0.000000 0.000000
vt 0.000000 0.000000
vt 0.000000 0.000000
vt 0.000000 0.000000
vt 0.000000 0.000000
vt 0.000000 0.000000
vt 0.000000 0.000000
vt 0.000000 0.000000
vt 0.000000 0.000000
vt 0.000000 0.000000
vt 0.000000 0.000000
vt 0.000000 0.000000
vt 0.000000 0.000000
vt 0.000000 0.000000
vt 0.000000 0.000000
vt 0.000000 0.000000
vt 0.000000 0.000000
vt 0.000000 0.000000
vt 0.000000 0.000000
vt 0.000000 0.000000
vt 0.000000 0.000000
vt 0.000000 0.000000
vt 0.000000 0.000000
vt 0.000000 0.000000
vt 0.000000 0.000000
vt 0.000000 0.000000
vt 0.000000 0.000000
vt 0.000000 0.000000
vt 0.000000 0.000000
vt 0.000000 0.000000
vt 0.000000 0.000000
vt 0.000000 0.000000
vt 0.000000 0.000000
vt 0.000000 0.000000
vt 0.000000 0.000000
vt 0.000000 0.000000
vt 0.000000 0.000000
vt 0.000000 0.000000
vt 0.000000 0.000000
vt 0.000000 0.000000
vt 0.000000 0.000000
vt 0.000000 0.000000
vt 0.000000 0.000000
vt 0.000000 0.000000
vt 0.000000 0.000000
vt 0.000000 0.000000
vt 0.000000 0.000000
vt 0.000000 0.000000
vt 0.000000 0.000000
vt 0.000000 0.000000
vt 0.000000 0.000000
vt 0.000000 0.000000
vt 0.000000 0.000000
vt 0.000000 0.000000
vt 0.000000 0.000000
vt 0.000000 0.000000
vt 0.000000 0.000000
vt 0.000000 0.000000
vt 0.000000 0.000000
vt 0.000000 0.000000
vt 0.000000 0.000000
vt 0.000000 0.000000
vt 0.000000 0.000000
vt 0.000000 0.000000
vt 0.000000 0.000000
vt 0.000000 0.000000
vt 0.000000 0.000000
vt 0.000000 0.000000
vt 0.000000 0.000000
vt 0.000000 0.000000
vt 0.000000 0.000000
vt 0.000000 0.000000
vt 0.000000 0.000000
vt 0.000000 0.000000
vt 0.000000 0.000000
vt 0.000000 0.000000
vt 0.000000 0.000000
vt 0.000000 0.000000
vt 0.000000 0.000000
vt 0.000000 0.000000
vt 0.000000 0.000000
vt 0.000000 0.000000
vt 0.000000 0.000000
vt 0.000000 0.000000
vt 0.000000 0.000000
vt 0.000000 0.000000
vt 0.000000 0.000000
vt 0.000000 0.000000
vt 0.000000 0.000000
vt 0.000000 0.000000
vt 0.000000 0.000000
vt 0.000000 0.000000
vt 0.000000 0.000000
vt 0.000000 0.000000
vt 0.000000 0.000000
vt 0.000000 0.000000
vt 0.000000 0.000000
vt 0.000000 0.000000
vt 0.000000 0.000000
vt 0.000000 0.000000
vt 0.000000 0.000000
vt 0.000000 0.000000
vt 0.000000 0.000000
vt 0.000000 0.000000
vt 0.000000 0.000000
vt 0.000000 0.000000
vt 0.000000 0.000000
vt 0.000000 0.000000
vt 0.000000 0.000000
vt 0.000000 0.000000
vt 0.000000 0.000000
vt 0.000000 0.000000
vt 0.000000 0.000000
vt 0.000000 0.000000
vt 0.000000 0.000000
vt 0.000000 0.000000
vt 0.000000 0.000000
vt 0.000000 0.000000
vt 0.000000 0.000000
vt 0.000000 0.000000
vt 0.000000 0.000000
vt 0.000000 0.000000
vt 0.000000 0.000000
vt 0.000000 0.000000
vt 0.000000 0.000000
vt 0.000000 0.000000
vt 0.000000 0.000000
vt 0.000000 0.000000
vt 0.000000 0.000000
vt 0.000000 0.000000
vt 0.000000 0.000000
vt 0.000000 0.000000
vt 0.000000 0.000000
vt 0.000000 0.000000
vt 0.000000 0.000000
vt 0.000000 0.000000
vt 0.000000 0.000000
vt 0.000000 0.000000
vt 0.000000 0.000000
vt 0.000000 0.000000
vt 0.000000 0.000000
vt 0.000000 0.000000
vt 0.000000 0.000000
vt 0.000000 0.000000
vt 0.000000 0.000000
vt 0.000000 0.000000
vt 0.000000 0.000000
vt 0.000000 0.000000
vt 0.000000 0.000000
vt 0.000000 0.000000
vt 0.000000 0.000000
vt 0.000000 0.000000
vt 0.000000 0.000000
vt 0.000000 0.000000
vt 0.000000 0.000000
vt 0.000000 0.000000
vt 0.000000 0.000000
vt 0.000000 0.000000
vt 0.000000 0.000000
vt 0.000000 0.000000
vt 0.000000 0.000000
vt 0.000000 0.000000
vt 0.000000 0.000000
vt 0.000000 0.000000
vt 0.000000 0.000000
vt 0.000000 0.000000
vt 0.000000 0.000000
vt 0.000000 0.000000
vt 0.000000 0.000000
vt 0.000000 0.000000
vt 0.000000 0.000000
vt 0.000000 0.000000
vt 0.000000 0.000000
vt 0.000000 0.000000
vt 0.000000 0.000000
vt 0.000000 0.000000
vt 0.000000 0.000000
vt 0.000000 0.000000
vt 0.000000 0.000000
vt 0.000000 0.000000
vt 0.000000 0.000000
vt 0.000000 0.000000
vt 0.000000 0.000000
vt 0.000000 0.000000
vt 0.000000 0.000000
vt 0.000000 0.000000
vt 0.000000 0.000000
vt 0.000000 0.000000
vt 0.000000 0.000000
vt 0.000000 0.000000
vt 0.000000 0.000000
vt 0.000000 0.000000
vt 0.000000 0.000000
vt 0.000000 0.000000
vt 0.000000 0.000000
vt 0.000000 0.000000
vt 0.000000 0.000000
vt 0.000000 0.000000
vt 0.000000 0.000000
vt 0.000000 0.000000
vt 0.000000 0.000000
vt 0.000000 0.000000
vt 0.000000 0.000000
vt 0.000000 0.000000
vt 0.000000 0.000000
vt 0.000000 0.000000
vt 0.000000 0.000000
vt 0.000000 0.000000
vt 0.000000 0.000000
vt 0.000000 0.000000
vt 0.000000 0.000000
vt 0.000000 0.000000
vt 0.000000 0.000000
vt 0.000000 0.000000
vt 0.000000 0.000000
vt 0.000000 0.000000
vt 0.000000 0.000000
vt 0.000000 0.000000
vt 0.000000 0.000000
vt 0.000000 0.000000
vt 0.000000 0.000000
vt 0.000000 0.000000
vt 0.000000 0.000000
vt 0.000000 0.000000
vt -85.386642 -55.818966
vt -85.386642 -56.565853
vt -80.650513 -56.565853
vt -80.650513 -55.818966
vt 0.000000 0.000000
vt 0.000000 0.000000
vt 0.000000 0.000000
vt 0.000000 0.000000
vt -68.810127 -56.565853
vt -68.810127 -55.818966
vt 0.000000 0.000000
vt 0.000000 0.000000
vt 0.000000 0.000000
vt 0.000000 0.000000
vt 0.000000 0.000000
vt 0.000000 0.000000
vt 0.000000 0.000000
vt -85.386642 -37.691429
vt -80.650513 -37.691429
vt -68.810127 -37.691429
vt 0.000000 0.000000
vt 0.000000 0.000000
vt 0.000000 0.000000
vt 0.000000 0.000000
vt -56.969772 -56.565853
vt -56.969772 -55.818966
vt 0.000000 0.000000
vt 0.000000 0.000000
vt -80.650513 -37.308418
vt -85.386642 -37.308418
vt 0.000000 0.000000
vt 0.000000 0.000000
vt 0.000000 0.000000
vt 0.000000 0.000000
vt 0.000000 0.000000
vt 0.000000 0.000000
vt 0.000000 0.000000
vt -56.969772 -37.691429
vt 0.000000 0.000000
vt 0.000000 0.000000
vt 0.000000 0.000000
vt 0.000000 0.000000
vt 0.000000 0.000000
vt 0.000000 0.000000
vt -42.761311 -55.818966
vt -42.761311 -56.565853
vt -80.650513 -35.854088
vt -85.386642 -35.854088
vt 0.000000 0.000000
vt 0.000000 0.000000
vt -68.810127 -37.308418
vt 0.000000 0.000000
vt 0.000000 0.000000
vt 0.000000 0.000000
vt 0.000000 0.000000
vt 0.000000 0.000000
vt 0.000000 0.000000
vt 0.000000 0.000000
vt 2.565569 -55.818966
vt 2.565569 -56.565853
vt -42.761311 -37.691429
vt -68.810127 -35.854088
vt -80.650513 -34.399757
vt -85.386642 -34.399757
vt 0.000000 0.000000
vt 0.000000 0.000000
vt -56.969772 -37.308418
vt 0.000000 0.000000
vt 0.000000 0.000000
vt 0.000000 0.000000
vt 0.000000 0.000000
vt 0.000000 0.000000
vt 0.000000 0.000000
vt 0.000000 0.000000
vt 0.000000 0.000000
vt 47.892502 -56.565853
vt 47.892502 -55.818966
vt 2.565569 -37.691429
vt -42.761311 -37.308418
vt -68.810127 -34.399757
vt -85.386642 -32.945427
vt -80.650513 -32.945427
vt 0.000000 0.000000
vt 0.000000 0.000000
vt 0.000000 0.000000
vt 0.000000 0.000000
vt 0.000000 0.000000
vt 0.000000 0.000000
vt 0.000000 0.000000
vt 0.000000 0.000000
vt 0.000000 0.000000
vt 0.000000 0.000000
vt 0.000000 0.000000
vt 59.503433 -56.565853
vt 59.503433 -55.818966
vt 47.892502 -37.691429
vt 2.565569 -37.308418
vt -42.761311 -35.854088
vt -56.969772 -35.854088
vt -68.810127 -32.945427
vt -85.386642 -30.209326
vt -80.650513 -30.209326
vt 0.000000 0.000000
vt 0.000000 0.000000
vt 0.000000 0.000000
vt 0.000000 0.000000
vt 0.000000 0.000000
vt 0.000000 0.000000
vt 0.000000 0.000000
vt 0.000000 0.000000
vt 0.000000 0.000000
vt 0.000000 0.000000
vt 0.000000 0.000000
vt 0.000000 0.000000
vt 62.101006 -56.565853
vt 62.101006 -55.818966
vt 59.503433 -37.691429
vt 47.892502 -37.308418
vt 2.565569 -35.854088
vt -56.969772 -34.399757
vt -80.650513 -27.399256
vt -85.386642 -27.399256
vt 0.000000 0.000000
vt 0.000000 0.000000
vt 0.000000 0.000000
vt 0.000000 0.000000
vt 0.000000 0.000000
vt 0.000000 0.000000
vt 0.000000 0.000000
vt 0.000000 0.000000
vt 0.000000 0.000000
vt 0.000000 0.000000
vt 0.000000 0.000000
vt 0.000000 0.000000
vt 0.000000 0.000000
vt 73.941307 -56.565853
vt 73.941307 -55.818966
vt 62.101006 -37.691429
vt 59.503433 -37.308418
vt 47.892502 -35.854088
vt 2.565569 -34.399757
vt -42.761311 -34.399757
vt -56.969772 -32.945427
vt -68.810127 -30.209326
vt -68.810127 -27.399256
vt -80.650513 -24.808413
vt -85.386642 -24.808413
vt 0.000000 0.000000
vt 0.000000 0.000000
vt 0.000000 0.000000
vt 0.000000 0.000000
vt 0.000000 0.000000
vt 0.000000 0.000000
vt 0.000000 0.000000
vt 0.000000 0.000000
vt 0.000000 0.000000
vt 0.000000 0.000000
vt 0.000000 0.000000
vt 0.000000 0.000000
vt 0.000000 0.000000
vt 0.000000 0.000000
vt 85.781647 -56.565853
vt 85.781647 -55.818966
vt 62.101006 -37.308418
vt 73.941307 -37.691429
vt 59.503433 -35.854088
vt 47.892502 -34.399757
vt 2.565569 -32.945427
vt -42.761311 -32.945427
vt -56.969772 -30.209326
vt -68.810127 -24.808413
vt -80.650513 -22.551592
vt -85.386642 -22.551592
vt 0.000000 0.000000
vt 0.000000 0.000000
vt 0.000000 0.000000
vt 0.000000 0.000000
vt 0.000000 0.000000
vt 0.000000 0.000000
vt 0.000000 0.000000
vt 0.000000 0.000000
vt 0.000000 0.000000
vt 0.000000 0.000000
vt 0.000000 0.000000
vt 0.000000 0.000000
vt 0.000000 0.000000
vt 0.000000 0.000000
vt 90.517746 -56.565853
vt 90.517746 -55.818966
vt 85.781647 -37.691429
vt 62.101006 -35.854088
vt 73.941307 -37.308418
vt 47.892502 -32.945427
vt 59.503433 -34.399757
vt 2.565569 -30.209326
vt -42.761311 -30.209326
vt -56.969772 -27.399256
vt -68.810127 -22.551592
vt -85.386642 -14.586366
vt -80.650513 -14.586366
vt 0.000000 0.000000
vt 0.000000 0.000000
vt 0.000000 0.000000
vt 0.000000 0.000000
vt 0.000000 0.000000
vt 0.000000 0.000000
vt 0.000000 0.000000
vt 0.000000 0.000000
vt 0.000000 0.000000
vt 0.000000 0.000000
vt 0.000000 0.000000
vt 0.000000 0.000000
vt 0.000000 0.000000
vt 0.000000 0.000000
vt 90.517746 -37.691429
vt 73.941307 -35.854088
vt 85.781647 -37.308418
vt 47.892502 -30.209326
vt 59.503433 -32.945427
vt 2.565569 -27.399256
vt -42.761311 -27.399256
vt -56.969772 -24.808413
vt -68.810127 -14.586366
vt -80.650513 16.530684
vt -85.386642 16.530684
vt 0.000000 0.000000
vt 0.000000 0.000000
vt 0.000000 0.000000
vt 0.000000 0.000000
vt 0.000000 0.000000
vt 0.000000 0.000000
vt 0.000000 0.000000
vt 0.000000 0.000000
vt 0.000000 0.000000
vt 0.000000 0.000000
vt 0.000000 0.000000
vt 0.000000 0.000000
vt 0.000000 0.000000
vt 0.000000 0.000000
vt 62.101006 -34.399757
vt 85.781647 -35.854088
vt 90.517746 -37.308418
vt 34.170509 -29.751793
vt 33.512417 -29.620899
vt 32.922905 -29.226994
vt 32.528572 -28.636812
vt 32.397388 -27.977327
vt 32.397388 -27.399256
vt 47.892502 -29.751793
vt 59.503433 -30.209326
vt 2.565569 -24.808413
vt -42.761311 -24.808413
vt -56.969772 -22.551592
vt -68.810127 16.530684
vt -80.650513 27.045389
vt -85.386642 27.045389
vt 0.000000 0.000000
vt 0.000000 0.000000
vt 0.000000 0.000000
vt 0.000000 0.000000
vt 0.000000 0.000000
vt 0.000000 0.000000
vt 0.000000 0.000000
vt 0.000000 0.000000
vt 0.000000 0.000000
vt 0.000000 0.000000
vt 0.000000 0.000000
vt 0.000000 0.000000
vt 0.000000 0.000000
vt 0.000000 0.000000
vt 73.941307 -34.399757
vt 85.781647 -34.399757
vt 90.517746 -35.854088
vt 59.458462 -29.751793
vt 62.101006 -32.945427
vt 62.101006 -30.209326
vt 32.397388 -24.822763
vt 2.565569 -22.551592
vt -42.761311 -22.551592
vt 0.000000 0.000000
vt 0.000000 0.000000
vt 0.000000 0.000000
vt 0.000000 0.000000
vt 0.000000 0.000000
vt -56.969772 -14.586366
vt -68.810127 27.045389
vt -80.650513 32.145473
vt -85.386642 32.145473
vt 0.000000 0.000000
vt 0.000000 0.000000
vt 0.000000 0.000000
vt 0.000000 0.000000
vt 0.000000 0.000000
vt 0.000000 0.000000
vt 0.000000 0.000000
vt 0.000000 0.000000
vt 0.000000 0.000000
vt 0.000000 0.000000
vt 0.000000 0.000000
vt 0.000000 0.000000
vt 0.000000 0.000000
vt 0.000000 0.000000
vt 90.517746 -34.399757
vt 34.188862 -29.563520
vt 33.585217 -29.443432
vt 47.892277 -29.563520
vt 73.941307 -32.945427
vt 73.941307 -30.209326
vt 32.704926 -28.563046
vt 32.584698 -27.958683
vt 32.584698 -27.399256
vt 32.397388 -22.578453
vt 32.584698 -24.822763
vt 2.565569 -14.586366
vt -42.761311 -14.586366
vt 0.000000 0.000000
vt 0.000000 0.000000
vt 0.000000 0.000000
vt 0.000000 0.000000
vt -56.969772 16.530684
vt -68.810127 32.145473
vt -80.650513 37.245556
vt -85.386642 37.245556
vt 0.000000 0.000000
vt 0.000000 0.000000
vt 0.000000 0.000000
vt 0.000000 0.000000
vt 0.000000 0.000000
vt 0.000000 0.000000
vt 0.000000 0.000000
vt 0.000000 0.000000
vt 0.000000 0.000000
vt 0.000000 0.000000
vt 0.000000 0.000000
vt 0.000000 0.000000
vt 0.000000 0.000000
vt 0.000000 0.000000
vt 33.057678 -29.090937
vt 0.000000 0.000000
vt 0.000000 0.000000
vt 0.000000 0.000000
vt 0.000000 0.000000
vt 59.441273 -29.563520
vt 0.000000 0.000000
vt 0.000000 0.000000
vt 0.000000 0.000000
vt 0.000000 0.000000
vt 0.000000 0.000000
vt 0.000000 0.000000
vt 32.397388 -14.657309
vt 32.584698 -22.585804
vt 0.000000 0.000000
vt 0.000000 0.000000
vt 0.000000 0.000000
vt 0.000000 0.000000
vt 2.565569 16.530684
vt -42.761311 16.530684
vt 0.000000 0.000000
vt 0.000000 0.000000
vt 0.000000 0.000000
vt 0.000000 0.000000
vt -85.386642 42.345646
vt -80.650513 42.345646
vt 0.000000 0.000000
vt 0.000000 0.000000
vt 0.000000 0.000000
vt 0.000000 0.000000
vt 0.000000 0.000000
vt 0.000000 0.000000
vt 0.000000 0.000000
vt 0.000000 0.000000
vt 0.000000 0.000000
vt 0.000000 0.000000
vt 0.000000 0.000000
vt 0.000000 0.000000
vt 0.000000 0.000000
vt 0.000000 0.000000
vt 90.517746 -32.945427
vt 85.781647 -32.945427
vt 0.000000 0.000000
vt 0.000000 0.000000
vt 0.000000 0.000000
vt 0.000000 0.000000
vt 0.000000 0.000000
vt 0.000000 0.000000
vt 0.000000 0.000000
vt 60.565407 -29.093712
vt 60.040810 -29.444231
vt 60.108635 -29.622503
vt 60.692146 -29.232538
vt 62.101006 -27.399256
vt 61.218163 -27.399256
vt 61.217274 -27.979731
vt 61.086296 -28.642673
vt 60.918049 -28.565971
vt 85.781647 -30.209326
vt 81.951080 -30.209326
vt 64.204865 -29.527386
vt 73.941307 -29.784233
vt 65.496239 -29.784233
vt 0.000000 0.000000
vt 0.000000 0.000000
vt 32.528572 -13.997838
vt 32.922905 -13.407641
vt 33.512417 -13.013753
vt 34.170509 -12.882856
vt 47.892502 -12.882856
vt 47.892502 16.530684
vt 32.584698 -14.675950
vt 0.000000 0.000000
vt 0.000000 0.000000
vt 0.000000 0.000000
vt 0.000000 0.000000
vt 2.565569 27.045389
vt -42.761311 27.045389
vt -56.969772 27.045389
vt -58.769592 31.420725
vt -58.688839 32.111328
vt -68.810127 37.245556
vt -68.810127 42.345646
vt -80.650513 47.445744
vt -85.386642 47.445744
vt 0.000000 0.000000
vt 0.000000 0.000000
vt 0.000000 0.000000
vt 0.000000 0.000000
vt 0.000000 0.000000
vt 0.000000 0.000000
vt 0.000000 0.000000
vt 0.000000 0.000000
vt 0.000000 0.000000
vt 0.000000 0.000000
vt 0.000000 0.000000
vt 0.000000 0.000000
vt 90.517746 -30.209326
vt 0.000000 0.000000
vt 0.000000 0.000000
vt 0.000000 0.000000
vt 0.000000 0.000000
vt 0.000000 0.000000
vt 0.000000 0.000000
vt 0.000000 0.000000
vt 0.000000 0.000000
vt 0.000000 0.000000
vt 0.000000 0.000000
vt 61.038151 -27.959887
vt 0.000000 0.000000
vt 0.000000 0.000000
vt 81.894157 -29.784233
vt 0.000000 0.000000
vt 0.000000 0.000000
vt 0.000000 0.000000
vt 0.000000 0.000000
vt 63.570969 -28.743019
vt 63.447258 -28.121050
vt 63.447258 -27.399256
vt 64.006516 -29.394854
vt 0.000000 0.000000
vt 0.000000 0.000000
vt 47.892502 27.045389
vt 32.704926 -14.071604
vt 33.057678 -13.543697
vt 33.585217 -13.191203
vt 34.188843 -13.071115
vt 47.885384 -13.071115
vt 59.456490 -12.882856
vt 59.503433 16.530684
vt 0.000000 0.000000
vt 0.000000 0.000000
vt 0.000000 0.000000
vt 0.000000 0.000000
vt 0.000000 0.000000
vt -42.761311 30.358328
vt 2.565569 30.308849
vt -57.378525 30.374279
vt -57.982372 30.450388
vt -58.385403 30.709839
vt -58.643879 31.084129
vt -58.436821 31.565733
vt -58.330296 32.110126
vt -58.337475 32.525730
vt -57.965332 32.784401
vt -57.390903 32.916462
vt -56.969772 37.245556
vt -68.810097 47.445744
vt 0.000000 0.000000
vt 0.000000 0.000000
vt 0.000000 0.000000
vt 0.000000 0.000000
vt 0.000000 0.000000
vt 0.000000 0.000000
vt 0.000000 0.000000
vt 0.000000 0.000000
vt 0.000000 0.000000
vt 0.000000 0.000000
vt 0.000000 0.000000
vt 90.517746 -27.399256
vt 85.781647 -27.399256
vt 0.000000 0.000000
vt 0.000000 0.000000
vt 0.000000 0.000000
vt 0.000000 0.000000
vt 0.000000 0.000000
vt 0.000000 0.000000
vt 0.000000 0.000000
vt 0.000000 0.000000
vt 0.000000 0.000000
vt 0.000000 0.000000
vt 0.000000 0.000000
vt 0.000000 0.000000
vt 0.000000 0.000000
vt 0.000000 0.000000
vt 0.000000 0.000000
vt 47.892502 30.259371
vt 59.503433 27.045389
vt 0.000000 0.000000
vt 0.000000 0.000000
vt 0.000000 0.000000
vt 0.000000 0.000000
vt 0.000000 0.000000
vt 0.000000 0.000000
vt 0.000000 0.000000
vt 0.000000 0.000000
vt 0.000000 0.000000
vt 0.000000 0.000000
vt 59.440212 -13.071115
vt 60.691906 -13.402796
vt 61.086597 -13.993496
vt 61.219048 -14.656590
vt 62.101006 -14.586366
vt 62.101006 16.530684
vt 60.107357 -13.012250
vt 0.000000 0.000000
vt 0.000000 0.000000
vt 0.000000 0.000000
vt 0.000000 0.000000
vt -42.761311 30.625998
vt 2.565569 30.625998
vt -57.409351 30.625648
vt -57.835857 30.710472
vt -58.155346 30.923939
vt -58.375820 31.253881
vt 0.000000 0.000000
vt 0.000000 0.000000
vt 0.000000 0.000000
vt 0.000000 0.000000
vt -58.155376 32.371899
vt -57.823624 32.593582
vt -57.414410 32.674984
vt -56.969772 42.345646
vt 0.000000 0.000000
vt 0.000000 0.000000
vt 0.000000 0.000000
vt 0.000000 0.000000
vt 0.000000 0.000000
vt 0.000000 0.000000
vt 0.000000 0.000000
vt 0.000000 0.000000
vt 0.000000 0.000000
vt 0.000000 0.000000
vt 90.517746 -24.808413
vt 85.781647 -24.808413
vt 83.847939 -27.399256
vt 83.845642 -28.393764
vt 83.717697 -28.831549
vt 83.295944 -29.510014
vt 82.670555 -30.002676
vt 0.000000 0.000000
vt 0.000000 0.000000
vt 0.000000 0.000000
vt 0.000000 0.000000
vt 0.000000 0.000000
vt 0.000000 0.000000
vt 0.000000 0.000000
vt 0.000000 0.000000
vt 0.000000 0.000000
vt 0.000000 0.000000
vt 0.000000 0.000000
vt 0.000000 0.000000
vt 0.000000 0.000000
vt 0.000000 0.000000
vt 62.101006 -24.808413
vt 61.218407 -24.822763
vt 61.038612 -27.399256
vt 0.000000 0.000000
vt 82.514465 -29.660856
vt 0.000000 0.000000
vt 0.000000 0.000000
vt 0.000000 0.000000
vt 0.000000 0.000000
vt 0.000000 0.000000
vt 0.000000 0.000000
vt 47.892502 30.625998
vt 59.503433 30.246725
vt 0.000000 0.000000
vt 0.000000 0.000000
vt 0.000000 0.000000
vt 0.000000 0.000000
vt 0.000000 0.000000
vt 0.000000 0.000000
vt 0.000000 0.000000
vt 60.040211 -13.190451
vt 62.101006 27.045389
vt 0.000000 0.000000
vt 0.000000 0.000000
vt 0.000000 0.000000
vt 0.000000 0.000000
vt 0.000000 0.000000
vt 0.000000 0.000000
vt 0.000000 0.000000
vt 0.000000 0.000000
vt 0.000000 0.000000
vt 0.000000 0.000000
vt 0.000000 0.000000
vt 0.000000 0.000000
vt 0.000000 0.000000
vt -56.969772 47.445744
vt 0.000000 0.000000
vt 0.000000 0.000000
vt 0.000000 0.000000
vt 0.000000 0.000000
vt 0.000000 0.000000
vt 0.000000 0.000000
vt 0.000000 0.000000
vt 0.000000 0.000000
vt 0.000000 0.000000
vt 90.517746 -22.551592
vt 85.781647 -22.551592
vt 83.855690 -24.808413
vt 0.000000 0.000000
vt 0.000000 0.000000
vt 0.000000 0.000000
vt 0.000000 0.000000
vt 0.000000 0.000000
vt 0.000000 0.000000
vt 0.000000 0.000000
vt 63.447258 -24.808413
vt 61.038727 -24.822763
vt 0.000000 0.000000
vt 0.000000 0.000000
vt 0.000000 0.000000
vt 0.000000 0.000000
vt 0.000000 0.000000
vt 0.000000 0.000000
vt 0.000000 0.000000
vt 0.000000 0.000000
vt 59.503433 30.625612
vt 0.000000 0.000000
vt 0.000000 0.000000
vt 0.000000 0.000000
vt 0.000000 0.000000
vt 0.000000 0.000000
vt 0.000000 0.000000
vt 0.000000 0.000000
vt 0.000000 0.000000
vt 0.000000 0.000000
vt 0.000000 0.000000
vt 0.000000 0.000000
vt 0.000000 0.000000
vt 0.000000 0.000000
vt 0.000000 0.000000
vt 0.000000 0.000000
vt 0.000000 0.000000
vt 0.000000 0.000000
vt 0.000000 0.000000
vt -42.761311 37.245556
vt -42.761311 42.345646
vt -42.761311 47.445744
vt 0.000000 0.000000
vt 0.000000 0.000000
vt 0.000000 0.000000
vt 0.000000 0.000000
vt 0.000000 0.000000
vt 0.000000 0.000000
vt 0.000000 0.000000
vt 0.000000 0.000000
vt 90.517746 -14.586366
vt 85.781647 -14.586366
vt 83.862389 -22.551592
vt 83.555130 -27.399256
vt 83.555183 -28.121302
vt 83.431328 -28.743736
vt 83.063606 -29.293909
vt 0.000000 0.000000
vt 0.000000 0.000000
vt 0.000000 0.000000
vt 0.000000 0.000000
vt 0.000000 0.000000
vt 0.000000 0.000000
vt 0.000000 0.000000
vt 0.000000 0.000000
vt 62.101006 -22.551592
vt 61.218464 -22.551592
vt 0.000000 0.000000
vt 0.000000 0.000000
vt 0.000000 0.000000
vt 0.000000 0.000000
vt 0.000000 0.000000
vt 0.000000 0.000000
vt 62.493565 30.243452
vt 0.000000 0.000000
vt 0.000000 0.000000
vt 0.000000 0.000000
vt 0.000000 0.000000
vt 0.000000 0.000000
vt 0.000000 0.000000
vt 0.000000 0.000000
vt 0.000000 0.000000
vt 0.000000 0.000000
vt 60.565300 -13.541275
vt 73.941307 16.530684
vt 73.941307 27.045389
vt 0.000000 0.000000
vt 0.000000 0.000000
vt 0.000000 0.000000
vt 0.000000 0.000000
vt 0.000000 0.000000
vt 0.000000 0.000000
vt 0.000000 0.000000
vt 0.000000 0.000000
vt 0.000000 0.000000
vt 0.000000 0.000000
vt 0.000000 0.000000
vt 0.000000 0.000000
vt 0.000000 0.000000
vt 0.000000 0.000000
vt 2.565569 47.445744
vt 2.565569 42.345646
vt 0.000000 0.000000
vt 0.000000 0.000000
vt 0.000000 0.000000
vt 0.000000 0.000000
vt 0.000000 0.000000
vt 0.000000 0.000000
vt 0.000000 0.000000
vt 90.517746 16.530684
vt 85.781647 16.530684
vt 83.884773 -14.586366
vt 83.555145 -24.808413
vt 83.555145 -22.551592
vt 0.000000 0.000000
vt 0.000000 0.000000
vt 0.000000 0.000000
vt 0.000000 0.000000
vt 0.000000 0.000000
vt 0.000000 0.000000
vt 0.000000 0.000000
vt 0.000000 0.000000
vt 0.000000 0.000000
vt 0.000000 0.000000
vt 63.447258 -22.551592
vt 61.038883 -22.551592
vt 0.000000 0.000000
vt 0.000000 0.000000
vt 0.000000 0.000000
vt 0.000000 0.000000
vt 0.000000 0.000000
vt 0.000000 0.000000
vt 62.540592 30.625628
vt 0.000000 0.000000
vt 0.000000 0.000000
vt 0.000000 0.000000
vt 0.000000 0.000000
vt 0.000000 0.000000
vt 0.000000 0.000000
vt 0.000000 0.000000
vt 60.918163 -14.069433
vt 63.447258 -14.586366
vt 63.447235 11.641742
vt 63.301609 12.170934
vt 63.834305 31.124037
vt 63.530861 30.750563
vt 63.059692 30.373579
vt 0.000000 0.000000
vt 0.000000 0.000000
vt 0.000000 0.000000
vt 0.000000 0.000000
vt 0.000000 0.000000
vt 0.000000 0.000000
vt 0.000000 0.000000
vt 0.000000 0.000000
vt -42.761311 32.928020
vt 2.565569 37.245556
vt 47.892502 42.345646
vt 47.892502 47.445744
vt 0.000000 0.000000
vt 0.000000 0.000000
vt 0.000000 0.000000
vt 0.000000 0.000000
vt 0.000000 0.000000
vt 0.000000 0.000000
vt 90.517746 27.045389
vt 85.781647 27.045389
vt 83.758232 12.087932
vt 83.555145 -14.586366
vt 0.000000 0.000000
vt 0.000000 0.000000
vt 0.000000 0.000000
vt 0.000000 0.000000
vt 0.000000 0.000000
vt 0.000000 0.000000
vt 0.000000 0.000000
vt 0.000000 0.000000
vt 0.000000 0.000000
vt 0.000000 0.000000
vt 0.000000 0.000000
vt 0.000000 0.000000
vt 0.000000 0.000000
vt 0.000000 0.000000
vt 0.000000 0.000000
vt 0.000000 0.000000
vt 0.000000 0.000000
vt 0.000000 0.000000
vt 0.000000 0.000000
vt 0.000000 0.000000
vt 0.000000 0.000000
vt 0.000000 0.000000
vt 0.000000 0.000000
vt 0.000000 0.000000
vt 0.000000 0.000000
vt 0.000000 0.000000
vt 0.000000 0.000000
vt 0.000000 0.000000
vt 2.565569 32.963818
vt 47.892502 37.245556
vt 59.503433 42.345646
vt 59.503433 47.445744
vt 0.000000 0.000000
vt 0.000000 0.000000
vt 0.000000 0.000000
vt 0.000000 0.000000
vt 0.000000 0.000000
vt 90.517746 32.145473
vt 85.781647 32.145473
vt 83.555183 11.641909
vt 0.000000 0.000000
vt 0.000000 0.000000
vt 0.000000 0.000000
vt 0.000000 0.000000
vt 0.000000 0.000000
vt 0.000000 0.000000
vt 0.000000 0.000000
vt 0.000000 0.000000
vt 0.000000 0.000000
vt 0.000000 0.000000
vt 0.000000 0.000000
vt 0.000000 0.000000
vt 0.000000 0.000000
vt 0.000000 0.000000
vt 0.000000 0.000000
vt 0.000000 0.000000
vt 0.000000 0.000000
vt 0.000000 0.000000
vt 0.000000 0.000000
vt 0.000000 0.000000
vt 0.000000 0.000000
vt 0.000000 0.000000
vt 0.000000 0.000000
vt 0.000000 0.000000
vt 0.000000 0.000000
vt 61.039043 -14.675583
vt 63.570927 12.263677
vt 63.370411 12.407401
vt 63.729828 13.072602
vt 64.296951 13.471031
vt 64.803131 13.633800
vt 0.000000 0.000000
vt 0.000000 0.000000
vt 0.000000 0.000000
vt 73.941307 13.633800
vt 82.290558 13.633800
vt 63.845020 31.630161
vt 73.941307 32.145473
vt 63.843689 31.973454
vt 0.000000 0.000000
vt 0.000000 0.000000
vt 0.000000 0.000000
vt 0.000000 0.000000
vt 0.000000 0.000000
vt 0.000000 0.000000
vt -42.761311 32.674133
vt 0.000000 0.000000
vt 0.000000 0.000000
vt 0.000000 0.000000
vt 0.000000 0.000000
vt 0.000000 0.000000
vt 0.000000 0.000000
vt 0.000000 0.000000
vt 0.000000 0.000000
vt 2.565569 32.674133
vt 47.892502 32.999634
vt 59.503433 37.245556
vt 0.000000 0.000000
vt 62.101006 47.445744
vt 62.101006 42.345646
vt 0.000000 0.000000
vt 0.000000 0.000000
vt 0.000000 0.000000
vt 90.517746 37.245556
vt 85.781647 37.245556
vt 0.000000 0.000000
vt 0.000000 0.000000
vt 0.000000 0.000000
vt 0.000000 0.000000
vt 83.693863 12.351827
vt 83.410355 12.295783
vt 83.431358 12.264345
vt 83.384476 13.004029
vt 82.803459 13.469496
vt 0.000000 0.000000
vt 0.000000 0.000000
vt 0.000000 0.000000
vt 0.000000 0.000000
vt 0.000000 0.000000
vt 0.000000 0.000000
vt 0.000000 0.000000
vt 0.000000 0.000000
vt 0.000000 0.000000
vt 0.000000 0.000000
vt 0.000000 0.000000
vt 0.000000 0.000000
vt 0.000000 0.000000
vt 0.000000 0.000000
vt 0.000000 0.000000
vt 0.000000 0.000000
vt 0.000000 0.000000
vt 0.000000 0.000000
vt 0.000000 0.000000
vt 0.000000 0.000000
vt 0.000000 0.000000
vt 0.000000 0.000000
vt 0.000000 0.000000
vt 0.000000 0.000000
vt 0.000000 0.000000
vt 0.000000 0.000000
vt 0.000000 0.000000
vt 0.000000 0.000000
vt 0.000000 0.000000
vt 0.000000 0.000000
vt 0.000000 0.000000
vt 0.000000 0.000000
vt 0.000000 0.000000
vt 0.000000 0.000000
vt 63.286469 30.923939
vt 62.967068 30.710472
vt 63.508129 31.255638
vt 0.000000 0.000000
vt 0.000000 0.000000
vt 65.109978 13.304891
vt 73.941307 13.304891
vt 81.894157 13.304891
vt 63.521431 31.967958
vt 63.584518 31.645697
vt 73.941307 37.245556
vt 0.000000 0.000000
vt 0.000000 0.000000
vt 0.000000 0.000000
vt 0.000000 0.000000
vt 0.000000 0.000000
vt 0.000000 0.000000
vt 0.000000 0.000000
vt 0.000000 0.000000
vt 0.000000 0.000000
vt 0.000000 0.000000
vt 0.000000 0.000000
vt 0.000000 0.000000
vt 0.000000 0.000000
vt 0.000000 0.000000
vt 0.000000 0.000000
vt 47.892502 32.674133
vt 59.503433 33.008820
vt 73.941284 47.445744
vt 73.941307 42.345646
vt 0.000000 0.000000
vt 62.101006 37.245556
vt 0.000000 0.000000
vt 0.000000 0.000000
vt 90.517746 42.345646
vt 85.781647 42.345646
vt 0.000000 0.000000
vt 0.000000 0.000000
vt 0.000000 0.000000
vt 0.000000 0.000000
vt 0.000000 0.000000
vt 83.063660 12.814551
vt 0.000000 0.000000
vt 0.000000 0.000000
vt 0.000000 0.000000
vt 0.000000 0.000000
vt 0.000000 0.000000
vt 0.000000 0.000000
vt 0.000000 0.000000
vt 0.000000 0.000000
vt 0.000000 0.000000
vt 0.000000 0.000000
vt 0.000000 0.000000
vt 0.000000 0.000000
vt 0.000000 0.000000
vt 0.000000 0.000000
vt 0.000000 0.000000
vt 0.000000 0.000000
vt 0.000000 0.000000
vt 0.000000 0.000000
vt 0.000000 0.000000
vt 0.000000 0.000000
vt 0.000000 0.000000
vt 63.938553 12.813849
vt 64.488480 13.181280
vt 82.514481 13.181513
vt 0.000000 0.000000
vt 0.000000 0.000000
vt 0.000000 0.000000
vt 0.000000 0.000000
vt 0.000000 0.000000
vt 0.000000 0.000000
vt 63.420956 32.651165
vt 62.996773 32.823952
vt 62.512821 33.011192
vt 62.545624 32.674969
vt 62.954735 32.593582
vt 63.222752 32.415653
vt 0.000000 0.000000
vt 0.000000 0.000000
vt 0.000000 0.000000
vt 0.000000 0.000000
vt 0.000000 0.000000
vt 0.000000 0.000000
vt 0.000000 0.000000
vt 0.000000 0.000000
vt 0.000000 0.000000
vt 0.000000 0.000000
vt 0.000000 0.000000
vt 0.000000 0.000000
vt 0.000000 0.000000
vt 0.000000 0.000000
vt 59.503433 32.674747
vt 85.781647 47.445744
vt 90.517746 47.445744
vt 0.000000 0.000000
vt 0.000000 0.000000
vt 0.000000 0.000000
vt 0.000000 0.000000
vt 0.000000 0.000000
vt 0.000000 0.000000
vt 0.000000 0.000000
vt 0.000000 0.000000
vt 0.000000 0.000000
vt 0.000000 0.000000
vt 0.000000 0.000000
vt 0.000000 0.000000
vt 0.000000 0.000000
vt 0.000000 0.000000
vt 0.000000 0.000000
vt 0.000000 0.000000
vt 0.000000 0.000000
vt 0.000000 0.000000
vt 0.000000 0.000000
vt 0.000000 0.000000
vt 0.000000 0.000000
vt 0.000000 0.000000
vt 0.000000 0.000000
vt 0.000000 0.000000
vt 0.000000 0.000000
vt 0.000000 0.000000
vt 0.000000 0.000000
vt 0.000000 0.000000
vt 0.000000 0.000000
vt 0.000000 0.000000
vt 0.000000 0.000000
vt 0.000000 0.000000
vt 0.000000 0.000000
vt 0.000000 0.000000
vt 0.000000 0.000000
vt 0.000000 0.000000
vt 0.000000 0.000000
vt 0.000000 0.000000
vt 0.000000 0.000000
vt 0.000000 0.000000
vt 0.000000 0.000000
vt 0.000000 0.000000
vt 0.000000 0.000000
vt 0.000000 0.000000
vt 0.000000 0.000000
vt 0.000000 0.000000
vt 0.000000 0.000000
vt 0.000000 0.000000
vt 0.000000 0.000000
vt 0.000000 0.000000
vt 0.000000 0.000000
vt 0.000000 0.000000
vt 0.000000 0.000000
vt 0.000000 0.000000
vt 0.000000 0.000000
vt 0.000000 0.000000
vt 0.000000 0.000000
vt 0.000000 0.000000
vt 0.000000 0.000000
vt 0.000000 0.000000
vt 0.000000 0.000000
vt 0.000000 0.000000
vt 0.000000 0.000000
vt 0.000000 0.000000
vt 0.000000 0.000000
vt 0.000000 0.000000
vt 0.000000 0.000000
vt 0.000000 0.000000
vt 0.000000 0.000000
vt 0.000000 0.000000
vt 0.000000 0.000000
vt 0.000000 0.000000
vt 0.000000 0.000000
vt 0.000000 0.000000
vt 0.000000 0.000000
vt 0.000000 0.000000
vt 0.000000 0.000000
vt 0.000000 0.000000
vt 0.000000 0.000000
vt 0.000000 0.000000
vt 0.000000 0.000000
vt 0.000000 0.000000
vt 0.000000 0.000000
vt 0.000000 0.000000
vt 0.000000 0.000000
vt 0.000000 0.000000
vt 0.000000 0.000000
vt 0.000000 0.000000
vt 0.000000 0.000000
vt 0.000000 0.000000
vt 0.000000 0.000000
vt 0.000000 0.000000
vt 0.000000 0.000000
vt 0.000000 0.000000
vt 0.000000 0.000000
vt 0.000000 0.000000
vt 0.000000 0.000000
vt 0.000000 0.000000
vt 0.000000 0.000000
vt 0.000000 0.000000
vt 0.000000 0.000000
vt 0.000000 0.000000
vt 0.000000 0.000000
vt 0.000000 0.000000
vt 0.000000 0.000000
vt 0.000000 0.000000
vt 0.000000 0.000000
vt 0.000000 0.000000
vt 0.000000 0.000000
vt 0.000000 0.000000
vt 0.000000 0.000000
vt 0.000000 0.000000
vt 0.000000 0.000000
vt 0.000000 0.000000
vt 0.000000 0.000000
vt 0.000000 0.000000
vt 0.000000 0.000000
vt 0.000000 0.000000
vt 0.000000 0.000000
vt 0.000000 0.000000
vt 0.000000 0.000000
vt 0.000000 0.000000
vt 0.000000 0.000000
vt 0.000000 0.000000
vt 0.000000 0.000000
vt 0.000000 0.000000
vt 0.000000 0.000000
vt 0.000000 0.000000
vt 0.000000 0.000000
vt 0.000000 0.000000
vt 0.000000 0.000000
vt 0.000000 0.000000
vt 0.000000 0.000000
vt 0.000000 0.000000
vt 0.000000 0.000000
vt 0.000000 0.000000
vt 0.000000 0.000000
vt 0.000000 0.000000
vt 0.000000 0.000000
vt 0.000000 0.000000
vt 0.000000 0.000000
vt 0.000000 0.000000
vt 0.000000 0.000000
vt 0.000000 0.000000
vt 0.000000 0.000000
vt 0.000000 0.000000
vt 0.000000 0.000000
vt 0.000000 0.000000
vt -51.129108 -22.588274
vt -51.241215 -24.808413
vt -51.216019 -23.008654
vt -51.191639 -22.676807
vt 0.000000 0.000000
vt 0.000000 0.000000
vt 0.000000 0.000000
vt 0.000000 0.000000
vt -50.605618 -22.190693
vt -50.409954 -22.123959
vt -46.681622 -22.139364
vt -46.445148 -22.170530
vt -45.949459 -22.586906
vt 0.000000 0.000000
vt 0.000000 0.000000
vt 0.000000 0.000000
vt 0.000000 0.000000
vt 0.000000 0.000000
vt 0.000000 0.000000
vt 0.000000 0.000000
vt 0.000000 0.000000
vt 0.000000 0.000000
vt 0.000000 0.000000
vt 0.000000 0.000000
vt 0.000000 0.000000
vt 0.000000 0.000000
vt 0.000000 0.000000
vt 0.000000 0.000000
vt 0.000000 0.000000
vt 0.000000 0.000000
vt 0.000000 0.000000
vt 0.000000 0.000000
vt 0.000000 0.000000
vt 0.000000 0.000000
vt 0.000000 0.000000
vt 0.000000 0.000000
vt 0.000000 0.000000
vt 0.000000 0.000000
vt 0.000000 0.000000
vt 0.000000 0.000000
vt 0.000000 0.000000
vt 0.000000 0.000000
vt 0.000000 0.000000
vt 0.000000 0.000000
vt 0.000000 0.000000
vt 0.000000 0.000000
vt 0.000000 0.000000
vt 0.000000 0.000000
vt 0.000000 0.000000
vt 0.000000 0.000000
vt 0.000000 0.000000
vt 0.000000 0.000000
vt 0.000000 0.000000
vt 0.000000 0.000000
vt 0.000000 0.000000
vt 0.000000 0.000000
vt 0.000000 0.000000
vt 0.000000 0.000000
vt 0.000000 0.000000
vt 0.000000 0.000000
vt 0.000000 0.000000
vt 0.000000 0.000000
vt 0.000000 0.000000
vt 0.000000 0.000000
vt 0.000000 0.000000
vt 0.000000 0.000000
vt 0.000000 0.000000
vt 0.000000 0.000000
vt 0.000000 0.000000
vt 0.000000 0.000000
vt 0.000000 0.000000
vt 0.000000 0.000000
vt 0.000000 0.000000
vt 0.000000 0.000000
vt 0.000000 0.000000
vt 0.000000 0.000000
vt 0.000000 0.000000
vt 0.000000 0.000000
vt 0.000000 0.000000
vt 0.000000 0.000000
vt 0.000000 0.000000
vt 0.000000 0.000000
vt 0.000000 0.000000
vt 0.000000 0.000000
vt 0.000000 0.000000
vt 0.000000 0.000000
vt 0.000000 0.000000
vt 0.000000 0.000000
vt 0.000000 0.000000
vt 0.000000 0.000000
vt 0.000000 0.000000
vt 0.000000 0.000000
vt 0.000000 0.000000
vt 0.000000 0.000000
vt 0.000000 0.000000
vt 0.000000 0.000000
vt 0.000000 0.000000
vt 0.000000 0.000000
vt 0.000000 0.000000
vt 0.000000 0.000000
vt 0.000000 0.000000
vt 0.000000 0.000000
vt 0.000000 0.000000
vt 0.000000 0.000000
vt 0.000000 0.000000
vt 0.000000 0.000000
vt 0.000000 0.000000
vt 0.000000 0.000000
vt 0.000000 0.000000
vt 0.000000 0.000000
vt 0.000000 0.000000
vt 0.000000 0.000000
vt 0.000000 0.000000
vt 0.000000 0.000000
vt 0.000000 0.000000
vt 0.000000 0.000000
vt 0.000000 0.000000
vt 0.000000 0.000000
vt 0.000000 0.000000
vt 0.000000 0.000000
vt 0.000000 0.000000
vt 0.000000 0.000000
vt 0.000000 0.000000
vt 0.000000 0.000000
vt 0.000000 0.000000
vt 0.000000 0.000000
vt 0.000000 0.000000
vt 0.000000 0.000000
vt 0.000000 0.000000
vt 0.000000 0.000000
vt 0.000000 0.000000
vt 0.000000 0.000000
vt 0.000000 0.000000
vt -45.899464 -22.685493
vt -45.834518 -22.997532
vt -45.827747 -24.808413
vt -45.833996 -25.443680
vt -45.833996 -25.443548
vt -45.931454 -25.744524
vt -46.086620 -26.031973
vt -46.379051 -26.208839
vt -46.379517 -26.209122
vt -46.664711 -26.262726
vt -50.409573 -26.264362
vt -50.775936 -26.163836
vt -51.028214 -26.008705
vt -51.174854 -25.750017
vt -51.207401 -25.429499
vt 0.000000 0.000000
vt 0.000000 0.000000
vt 0.000000 0.000000
vt 0.000000 0.000000
vt 0.000000 0.000000
vt 0.000000 0.000000
vt 0.000000 0.000000
vt 0.000000 0.000000
vt 0.000000 0.000000
vt 0.000000 0.000000
vt 0.000000 0.000000
vt 0.000000 0.000000
vt 0.000000 0.000000
vt 0.000000 0.000000
vt 0.000000 0.000000
vt 0.000000 0.000000
vt 0.000000 0.000000
vt 0.000000 0.000000
vt 0.000000 0.000000
vt 0.000000 0.000000
vt 0.000000 0.000000
vt 0.000000 0.000000
vt 0.000000 0.000000
vt 0.000000 0.000000
vt 0.000000 0.000000
vt 0.000000 0.000000
vt 0.000000 0.000000
vt 0.000000 0.000000
vt 0.000000 0.000000
vt 0.000000 0.000000
vt 0.000000 0.000000
vt 0.000000 0.000000
vt 0.000000 0.000000
vt 0.000000 0.000000
vt 0.000000 0.000000
vt 0.000000 0.000000
vt 0.000000 0.000000
vt 0.000000 0.000000
vt 0.000000 0.000000
vn 0.0514 0.1213 -0.9913
vn 0.0275 0.1213 -0.9922
vn 0.0529 -0.1373 -0.9891
vn 0.0259 -0.1371 -0.9902
vn 0.0824 0.1038 -0.9912
vn -0.0154 -0.1325 -0.9911
vn 0.0823 0.4837 -0.8713
vn -0.0129 0.4837 -0.8751
vn -0.0035 0.1038 -0.9946
vn 0.0946 -0.1332 -0.9865
vn 0.0847 -0.5087 -0.8568
vn -0.0152 -0.5072 -0.8617
vn 0.1188 0.0794 -0.9897
vn -0.0616 -0.1012 -0.9930
vn 0.2143 0.4330 -0.8755
vn -0.1615 -0.4754 -0.8648
vn 0.1045 0.8568 -0.5050
vn -0.0641 0.8568 -0.5116
vn -0.1441 0.4330 -0.8898
vn -0.0399 0.0794 -0.9960
vn 0.1415 -0.1021 -0.9846
vn 0.2338 -0.4802 -0.8454
vn 0.1053 -0.8659 -0.4889
vn -0.0648 -0.8639 -0.4994
vn 0.1431 0.0430 -0.9887
vn -0.0924 -0.0547 -0.9942
vn -0.3267 -0.3623 -0.8729
vn 0.3663 0.3314 -0.8695
vn 0.3471 0.7886 -0.5076
vn 0.1023 0.9864 -0.1282
vn -0.0918 0.9864 -0.1358
vn -0.3057 0.7886 -0.5335
vn 0.4038 -0.3690 -0.8371
vn 0.3547 -0.8074 -0.4715
vn -0.3102 -0.8006 -0.5126
vn 0.1023 -0.9871 -0.1232
vn -0.0916 -0.9864 -0.1367
vn 0.1606 0.0119 -0.9869
vn -0.0966 -0.0134 -0.9952
vn 0.4678 0.1794 -0.8654
vn -0.4363 -0.1955 -0.8783
vn 0.6238 0.6035 -0.4966
vn 0.3842 0.9154 -0.1200
vn -0.0979 0.9952 -0.0039
vn 0.0979 0.9952 0.0039
vn 0.0985 0.7244 -0.6823
vn -0.0440 0.7244 -0.6880
vn -0.0642 0.0430 -0.9970
vn 0.1730 -0.0553 -0.9833
vn 0.6399 -0.6201 -0.4539
vn 0.3846 -0.9171 -0.1043
vn -0.0533 -0.8379 -0.5433
vn 0.0884 -0.8384 -0.5377
vn 0.1606 -0.0119 -0.9869
vn -0.0966 0.0134 -0.9952
vn 0.5181 0.0476 -0.8540
vn 0.8086 0.3266 -0.4893
vn 0.7054 0.7006 -0.1072
vn 0.3824 0.9239 0.0152
vn 0.3117 0.6894 -0.6538
vn -0.3735 0.9154 -0.1501
vn -0.5824 0.6035 -0.5446
vn -0.2961 0.3314 -0.8958
vn -0.3976 0.1794 -0.8998
vn -0.0818 0.0119 -0.9966
vn 0.1775 -0.0136 -0.9840
vn 0.5181 -0.2002 -0.8315
vn 0.8315 -0.3364 -0.4421
vn 0.7067 -0.7027 -0.0819
vn -0.3726 -0.9146 -0.1570
vn 0.3100 -0.7482 -0.5866
vn -0.2782 -0.7523 -0.5972
vn 0.1431 -0.0430 -0.9887
vn -0.0924 0.0547 -0.9942
vn 0.5181 -0.0476 -0.8540
vn -0.4653 -0.0493 -0.8837
vn -0.4653 0.0493 -0.8837
vn -0.5886 -0.6105 -0.5299
vn -0.7735 -0.3296 -0.5413
vn 0.8763 0.0844 -0.4743
vn 0.9200 0.3791 -0.0987
vn 0.7065 0.7071 0.0281
vn 0.5537 0.5276 -0.6442
vn -0.3824 0.9239 -0.0152
vn -0.6947 0.7006 -0.1629
vn -0.4487 0.0476 -0.8924
vn -0.0818 -0.0119 -0.9966
vn 0.1775 0.0136 -0.9840
vn 0.5491 -0.0507 -0.8342
vn 0.8938 -0.0862 -0.4401
vn 0.9223 -0.3805 -0.0669
vn 0.5692 -0.5577 -0.6041
vn -0.6922 -0.6991 -0.1793
vn -0.5402 -0.5635 -0.6250
vn 0.1188 -0.0794 -0.9897
vn -0.0616 0.1012 -0.9930
vn 0.4678 -0.1794 -0.8654
vn 0.8763 -0.0844 -0.4743
vn -0.8326 -0.0841 -0.5473
vn -0.8326 0.0841 -0.5473
vn 0.9909 0.0972 -0.0929
vn 0.9232 0.3826 0.0367
vn 0.7153 0.2855 -0.6378
vn 0.0979 -0.9952 0.0039
vn -0.0979 -0.9952 -0.0039
vn -0.0440 -0.7244 -0.6880
vn 0.0985 -0.7244 -0.6823
vn -0.4487 -0.0476 -0.8924
vn -0.0642 -0.0430 -0.9970
vn 0.1730 0.0553 -0.9833
vn 0.5491 0.0507 -0.8342
vn 0.9933 -0.0975 -0.0609
vn 0.7421 -0.2966 -0.6010
vn 0.0884 0.8384 -0.5377
vn 0.1023 0.9871 -0.1232
vn -0.0916 0.9863 -0.1368
vn -0.0533 0.8379 -0.5433
vn -0.7216 -0.2978 -0.6250
vn -0.9052 -0.3780 -0.1941
vn 0.0824 -0.1038 -0.9912
vn -0.0154 0.1325 -0.9910
vn 0.3663 -0.3314 -0.8695
vn -0.4363 0.1955 -0.8783
vn -0.3267 0.3623 -0.8729
vn 0.8086 -0.3266 -0.4893
vn 0.9909 -0.0972 -0.0929
vn -0.7735 0.3295 -0.5414
vn -0.9753 -0.0967 -0.1986
vn -0.9753 0.0967 -0.1986
vn 0.9944 0.0980 0.0395
vn 0.7510 0.0713 -0.6564
vn -0.7065 0.7071 -0.0281
vn -0.1583 0.9844 -0.0768
vn 0.1345 0.9881 -0.0739
vn 0.0973 0.7262 -0.6805
vn -0.1189 0.7300 -0.6730
vn 0.3117 -0.6894 -0.6538
vn 0.3823 -0.9239 0.0152
vn -0.0918 -0.9864 -0.1360
vn 0.1023 -0.9864 -0.1283
vn 0.1045 -0.8567 -0.5050
vn -0.0641 -0.8567 -0.5117
vn -0.3735 -0.9154 -0.1502
vn -0.3823 -0.9239 -0.0152
vn -0.9944 -0.0980 -0.0395
vn -0.9944 0.0980 -0.0395
vn -0.6966 0.0714 -0.7139
vn -0.6966 -0.0714 -0.7139
vn -0.9093 0.3792 -0.1714
vn -0.7672 0.3266 -0.5519
vn -0.8359 0.0844 -0.5423
vn -0.3976 -0.1794 -0.8998
vn -0.8359 -0.0844 -0.5423
vn -0.0399 -0.0794 -0.9960
vn 0.1415 0.1021 -0.9846
vn 0.5181 0.2002 -0.8316
vn 0.8938 0.0862 -0.4402
vn 0.9933 0.0975 -0.0609
vn 0.8181 -0.0749 -0.5701
vn 0.3100 0.7482 -0.5866
vn 0.3846 0.9171 -0.1043
vn 0.1053 0.8659 -0.4889
vn -0.0647 0.8638 -0.4996
vn -0.3726 0.9146 -0.1570
vn -0.2783 0.7522 -0.5972
vn -0.8034 0.0734 -0.5909
vn -0.8034 -0.0734 -0.5909
vn 0.0514 -0.1213 -0.9913
vn 0.0259 0.1371 -0.9902
vn 0.2143 -0.4331 -0.8755
vn 0.6238 -0.6035 -0.4966
vn 0.9200 -0.3792 -0.0987
vn 0.9944 -0.0980 0.0395
vn 0.7510 -0.0713 -0.6564
vn -0.9231 0.3827 -0.0367
vn -0.5007 0.5276 -0.6861
vn -0.6624 0.2856 -0.6926
vn 0.3842 -0.9154 -0.1201
vn 0.3471 -0.7886 -0.5076
vn 0.0823 -0.4838 -0.8713
vn -0.0129 -0.4838 -0.8751
vn -0.9231 -0.3827 -0.0367
vn -0.6624 -0.2856 -0.6926
vn -0.9804 0.0971 -0.1712
vn -0.9804 -0.0971 -0.1712
vn -0.0035 -0.1038 -0.9946
vn 0.0946 0.1332 -0.9865
vn 0.4038 0.3690 -0.8371
vn 0.8315 0.3363 -0.4421
vn 0.8181 0.0749 -0.5701
vn 0.5692 0.5577 -0.6041
vn 0.7067 0.7027 -0.0819
vn 0.3547 0.8074 -0.4715
vn 0.0847 0.5086 -0.8568
vn -0.0152 0.5072 -0.8617
vn -0.6922 0.6991 -0.1793
vn -0.5402 0.5635 -0.6250
vn -0.7216 0.2978 -0.6250
vn -0.9052 0.3780 -0.1941
vn 0.0275 -0.1213 -0.9922
vn 0.0529 0.1373 -0.9891
vn -0.1615 0.4753 -0.8648
vn -0.5886 0.6105 -0.5299
vn 0.7054 -0.7006 -0.1073
vn 0.9232 -0.3826 0.0367
vn 0.7153 -0.2855 -0.6378
vn 0.5537 -0.5276 -0.6442
vn 0.7065 -0.7071 0.0281
vn -0.3056 -0.7885 -0.5336
vn -0.1441 -0.4331 -0.8897
vn -0.6947 -0.7006 -0.1629
vn -0.7065 -0.7071 -0.0281
vn -0.5007 -0.5276 -0.6861
vn -0.9093 -0.3792 -0.1714
vn -0.7672 -0.3266 -0.5519
vn -0.2961 -0.3314 -0.8958
vn 0.2338 0.4802 -0.8454
vn 0.6398 0.6201 -0.4539
vn 0.9223 0.3805 -0.0669
vn 0.7421 0.2966 -0.6010
vn -0.3102 0.8005 -0.5127
vn -0.5824 -0.6035 -0.5446
vn -0.6344 0.7686 -0.0819
vn -0.4933 0.5950 -0.6345
vn -0.5945 0.8000 -0.0812
vn -0.3500 0.4689 -0.8109
vn 0.0027 -0.0017 -1.0000
vn 0.0027 0.0021 -1.0000
vn 0.0013 0.0005 -1.0000
vn 0.0015 -0.0003 -1.0000
vn 0.0028 0.9971 -0.0762
vn 0.0000 0.6495 -0.7604
vn 0.0000 0.0000 -1.0000
vn 0.5007 -0.8620 -0.0789
vn 0.1331 -0.9881 -0.0763
vn 0.0960 -0.7277 -0.6791
vn 0.3788 -0.6550 -0.6538
vn 0.5021 -0.4951 -0.7090
vn 0.6706 -0.3753 -0.6398
vn 0.8641 -0.4971 -0.0788
vn 0.7702 0.0000 -0.6378
vn 0.9969 0.0000 -0.0788
vn 0.5979 0.7976 -0.0797
vn 0.3500 0.4689 -0.8109
vn -0.1582 -0.9844 -0.0768
vn -0.1195 -0.7303 -0.6725
vn 0.6379 0.7657 -0.0822
vn 0.4933 0.5950 -0.6345
vn -0.6344 -0.7687 -0.0819
vn -0.4933 -0.5950 -0.6345
vn 0.1642 0.9834 -0.0768
vn 0.1197 0.7304 -0.6724
vn -0.5945 -0.8000 -0.0812
vn -0.3500 -0.4689 -0.8109
vn -0.1272 0.9889 -0.0764
vn -0.0958 0.7280 -0.6789
vn 0.0028 -0.9971 -0.0762
vn 0.0000 -0.6495 -0.7604
vn -0.4962 0.8646 -0.0788
vn -0.3786 0.6557 -0.6532
vn 0.5979 -0.7976 -0.0797
vn 0.3500 -0.4689 -0.8109
vn -0.8625 0.4997 -0.0788
vn -0.6557 0.3786 -0.6532
vn 0.6378 -0.7657 -0.0822
vn 0.4933 -0.5950 -0.6344
vn -0.9969 0.0000 -0.0788
vn -0.7572 0.0000 -0.6532
vn 0.1642 -0.9834 -0.0768
vn 0.1196 -0.7304 -0.6724
vn -0.8631 -0.4986 -0.0808
vn -0.6557 -0.3786 -0.6532
vn -0.4938 -0.8660 -0.0786
vn -0.3786 -0.6557 -0.6532
vn -0.0958 -0.7280 -0.6789
vn -0.1287 -0.9889 -0.0740
vn 0.4982 0.8635 -0.0784
vn 0.3801 0.6509 -0.6571
vn 0.1390 0.8807 -0.4528
vn 0.4461 0.7574 -0.4766
vn 0.0978 0.4856 -0.8687
vn 0.2617 0.3912 -0.8823
vn 0.0533 0.1210 -0.9912
vn 0.0943 0.0891 -0.9915
vn -0.1239 0.8741 -0.4697
vn -0.0414 0.4704 -0.8815
vn 0.0208 0.1144 -0.9932
vn -0.5364 0.6721 -0.5104
vn -0.2412 0.3356 -0.9106
vn -0.0206 0.0728 -0.9971
vn -0.5252 0.7215 -0.4512
vn -0.2821 0.4185 -0.8632
vn -0.0518 0.1213 -0.9912
vn 0.0155 0.8975 -0.4408
vn 0.0322 0.5183 -0.8545
vn 0.0390 0.1451 -0.9886
vn 0.5460 0.7141 -0.4380
vn 0.3380 0.4129 -0.8457
vn 0.1285 0.1205 -0.9843
vn 0.5652 0.6569 -0.4990
vn 0.3074 0.3268 -0.8937
vn 0.0991 0.0717 -0.9925
vn 0.1617 0.8694 -0.4668
vn 0.1121 0.4672 -0.8770
vn 0.0582 0.1140 -0.9918
vn -0.0967 0.8798 -0.4653
vn -0.0274 0.4778 -0.8780
vn 0.0240 0.1180 -0.9927
vn -0.4211 0.7644 -0.4882
vn -0.1935 0.3984 -0.8965
vn -0.0133 0.0919 -0.9957
vn -0.7490 0.4442 -0.4916
vn -0.3648 0.2318 -0.9017
vn -0.0524 0.0533 -0.9972
vn -0.8701 0.0000 -0.4928
vn -0.4283 0.0000 -0.9036
vn -0.0668 0.0000 -0.9977
vn -0.7472 -0.4382 -0.4996
vn -0.3572 -0.2277 -0.9058
vn -0.0494 -0.0530 -0.9973
vn -0.4135 -0.7702 -0.4856
vn -0.1944 -0.3997 -0.8958
vn -0.0157 -0.0902 -0.9958
vn 0.8646 0.4958 -0.0810
vn 0.7649 0.4250 -0.4841
vn 0.4159 0.2194 -0.8825
vn 0.1269 0.0520 -0.9905
vn 0.1617 -0.8694 -0.4668
vn -0.1021 -0.8844 -0.4554
vn 0.1121 -0.4673 -0.8769
vn -0.0277 -0.4876 -0.8726
vn 0.0582 -0.1140 -0.9918
vn 0.0256 -0.1212 -0.9923
vn 0.5652 -0.6569 -0.4989
vn 0.3074 -0.3268 -0.8937
vn 0.0991 -0.0717 -0.9925
vn 0.5460 -0.7141 -0.4380
vn 0.3380 -0.4129 -0.8457
vn 0.1285 -0.1205 -0.9843
vn 0.0155 -0.8974 -0.4408
vn 0.0322 -0.5183 -0.8545
vn 0.0390 -0.1451 -0.9886
vn -0.5252 -0.7215 -0.4512
vn -0.2821 -0.4185 -0.8633
vn -0.0518 -0.1213 -0.9912
vn -0.5365 -0.6721 -0.5104
vn -0.2412 -0.3356 -0.9106
vn -0.0206 -0.0728 -0.9971
vn -0.1239 -0.8741 -0.4697
vn -0.0414 -0.4704 -0.8815
vn 0.0208 -0.1144 -0.9932
vn 0.1344 -0.8761 -0.4630
vn 0.0979 -0.4753 -0.8744
vn 0.0550 -0.1176 -0.9915
vn 0.4537 -0.7512 -0.4794
vn 0.2612 -0.3901 -0.8829
vn 0.0920 -0.0908 -0.9916
vn 0.7664 -0.4311 -0.4762
vn 0.4230 -0.2235 -0.8781
vn 0.1299 -0.0522 -0.9901
vn 0.8799 0.0000 -0.4750
vn 0.4816 0.0000 -0.8764
vn 0.1438 0.0000 -0.9896
vn 0.6590 0.3776 -0.6505
vn 0.0213 0.0023 -0.9998
vn 0.0397 0.0000 -0.9992
vn -0.2589 0.6894 -0.6765
vn -0.2589 -0.6894 -0.6765
vn 0.8074 0.0001 -0.5900
vn 0.6487 -0.5953 -0.4740
vn 0.1700 -0.6913 -0.7022
vn 0.2351 0.0002 -0.9720
vn 0.0000 -0.7071 0.7071
vn 0.5773 -0.5773 0.5773
vn 0.0975 -0.7004 -0.7071
vn 0.1364 0.0005 -0.9906
vn 0.7071 0.0000 0.7071
vn 0.0000 0.0000 1.0000
vn 0.8072 0.0001 -0.5902
vn 0.2348 0.0002 -0.9720
vn 0.1362 0.0005 -0.9907
vn 0.0590 -0.7012 -0.7105
vn 0.0827 0.0009 -0.9966
vn 0.7984 0.0645 -0.5986
vn 0.2173 0.1550 -0.9637
vn 0.0207 -0.7002 -0.7136
vn 0.7787 0.0849 -0.6216
vn 0.0825 0.0009 -0.9966
vn 0.0000 -0.7067 -0.7075
vn 0.0290 0.0011 -0.9996
vn 0.1820 0.2039 -0.9619
vn 0.7632 0.0246 -0.6456
vn 0.1303 0.2198 -0.9668
vn -0.0207 -0.7002 -0.7136
vn 0.0000 0.0011 -1.0000
vn 0.0289 0.0011 -0.9996
vn 0.1199 0.3177 -0.9405
vn 0.1571 0.0695 -0.9851
vn 0.7591 0.0051 -0.6509
vn 0.0766 0.2579 -0.9631
vn -0.0410 -0.7067 -0.7063
vn -0.0290 0.0011 -0.9996
vn 0.0263 0.2898 -0.9567
vn 0.1153 0.1380 -0.9837
vn 0.1489 0.0168 -0.9887
vn 0.7582 0.0001 -0.6520
vn -0.0590 -0.7012 -0.7104
vn -0.0579 0.0010 -0.9983
vn -0.0289 0.0011 -0.9996
vn 0.0000 0.3018 -0.9533
vn 0.0207 0.4560 -0.8897
vn 0.0641 0.3979 -0.9152
vn 0.1103 0.0379 -0.9932
vn 0.1472 0.0002 -0.9891
vn 0.7581 0.0001 -0.6521
vn -0.0975 -0.7004 -0.7071
vn -0.0827 0.0008 -0.9966
vn -0.0578 0.0010 -0.9983
vn -0.0262 0.2917 -0.9561
vn 0.0000 0.4721 -0.8815
vn 0.0586 0.2050 -0.9770
vn 0.1471 0.0002 -0.9891
vn -0.1700 -0.6913 -0.7022
vn -0.1364 0.0005 -0.9906
vn -0.0825 0.0008 -0.9966
vn -0.0526 0.2734 -0.9604
vn -0.0206 0.4592 -0.8881
vn 0.0000 0.2574 -0.9663
vn 0.0187 0.2468 -0.9688
vn 0.0548 0.0591 -0.9967
vn 0.1087 0.0005 -0.9940
vn 0.1086 0.0005 -0.9940
vn 0.1470 0.0002 -0.9891
vn 0.7581 0.0001 -0.6522
vn -0.5773 -0.5773 0.5773
vn -0.6487 -0.5953 -0.4740
vn -0.2351 0.0002 -0.9720
vn -0.0767 0.2485 -0.9656
vn -0.1362 0.0005 -0.9907
vn -0.0415 0.4270 -0.9033
vn -0.0187 0.2488 -0.9684
vn 0.0000 0.0751 -0.9972
vn 0.0176 0.0718 -0.9973
vn 0.0537 0.0009 -0.9985
vn 0.1086 0.0005 -0.9941
vn 0.1469 0.0002 -0.9891
vn 0.7579 0.0001 -0.6523
vn -0.7071 0.0000 0.7071
vn -0.8074 0.0001 -0.5900
vn -0.2348 0.0002 -0.9720
vn -0.0645 0.3833 -0.9214
vn -0.1303 0.2198 -0.9668
vn -0.0176 0.0724 -0.9972
vn -0.0375 0.2286 -0.9728
vn 0.0173 0.0011 -0.9998
vn 0.0536 0.0009 -0.9985
vn 0.1085 0.0005 -0.9941
vn 0.1464 0.0002 -0.9892
vn 0.7567 0.0011 -0.6537
vn -0.8072 0.0001 -0.5902
vn -0.1199 0.3177 -0.9405
vn -0.2173 0.1550 -0.9637
vn -0.0173 0.0011 -0.9998
vn -0.0353 0.0662 -0.9972
vn 0.1081 0.0005 -0.9941
vn 0.1434 0.0035 -0.9897
vn 0.7529 0.0049 -0.6581
vn -0.7984 0.0645 -0.5986
vn -0.0587 0.1960 -0.9788
vn -0.1820 0.2039 -0.9619
vn -0.0015 0.0165 -0.9998
vn -0.0058 0.0152 -0.9998
vn -0.0108 0.0119 -0.9998
vn -0.0141 0.0070 -0.9998
vn -0.0154 0.0026 -0.9998
vn -0.0156 0.0011 -0.9998
vn -0.0173 0.0166 -0.9997
vn -0.0346 0.0009 -0.9994
vn 0.0535 0.0009 -0.9986
vn 0.1055 0.0079 -0.9944
vn 0.1317 0.0208 -0.9911
vn 0.7462 0.0091 -0.6656
vn -0.7787 0.0849 -0.6216
vn -0.1153 0.1380 -0.9837
vn -0.1571 0.0695 -0.9851
vn -0.0332 0.0154 -0.9993
vn -0.0548 0.0563 -0.9969
vn -0.0537 0.0009 -0.9985
vn 0.0172 0.0011 -0.9998
vn 0.6009 -0.0461 -0.7979
vn 0.6009 0.0461 -0.7979
vn 0.9934 0.0977 -0.0597
vn 0.9983 0.0001 -0.0585
vn 0.9934 -0.0975 -0.0598
vn 0.0532 0.0009 -0.9986
vn 0.0972 0.0455 -0.9942
vn 0.1097 0.0358 -0.9933
vn 0.7369 0.0119 -0.6759
vn -0.7632 0.0246 -0.6456
vn -0.0069 0.0709 -0.9974
vn -0.0255 0.0627 -0.9977
vn -0.0173 0.0742 -0.9971
vn -0.1103 0.0379 -0.9932
vn -0.1087 0.0005 -0.9940
vn -0.0617 0.0267 -0.9977
vn -0.0702 0.0080 -0.9975
vn -0.0735 0.0011 -0.9973
vn -0.9154 -0.3757 -0.1447
vn -0.9856 -0.0974 -0.1382
vn -0.5934 -0.0579 -0.8028
vn -0.5788 -0.2510 -0.7759
vn 0.0512 0.0124 -0.9986
vn 0.0824 0.0786 -0.9935
vn 0.0815 0.0417 -0.9958
vn 0.7243 0.0158 -0.6893
vn -0.7591 0.0051 -0.6509
vn -0.0472 0.0483 -0.9977
vn -0.0244 0.2489 -0.9682
vn -0.0908 0.2205 -0.9711
vn -0.0277 0.0709 -0.9971
vn -0.0167 0.2594 -0.9656
vn -0.2201 0.0923 -0.9711
vn -0.2490 0.0256 -0.9681
vn -0.0145 -0.0003 -0.9999
vn -0.2599 0.0011 -0.9656
vn -0.2598 0.0011 -0.9656
vn 0.0000 0.0158 -0.9998
vn 0.0165 0.0151 -0.9997
vn 0.2570 -0.5729 -0.7783
vn 0.4707 -0.4409 -0.7642
vn 0.6985 -0.7124 -0.0677
vn 0.3907 -0.9175 -0.0737
vn 0.0456 0.0560 -0.9974
vn 0.5828 0.5821 -0.5670
vn 0.5773 0.5773 0.5773
vn 0.0000 0.7071 0.7071
vn -0.7582 0.0001 -0.6520
vn -0.1489 0.0168 -0.9887
vn -0.1681 0.1693 -0.9711
vn -0.0808 0.8206 -0.5658
vn -0.3100 0.7489 -0.5856
vn -0.0092 0.2493 -0.9684
vn -0.0095 0.8332 -0.5528
vn 0.0135 0.0493 -0.9987
vn -0.0089 0.0631 -0.9980
vn -0.0287 0.0151 -0.9995
vn -0.0237 0.0120 -0.9996
vn -0.0536 0.0009 -0.9985
vn -0.0183 0.0007 -0.9998
vn -0.0187 0.0025 -0.9998
vn -0.0201 0.0071 -0.9998
vn 0.0291 0.0277 -0.9992
vn -0.1472 0.0002 -0.9891
vn -0.1446 0.0003 -0.9895
vn -0.1095 0.0716 -0.9914
vn -0.1082 0.0982 -0.9893
vn -0.0764 0.1039 -0.9916
vn -0.7489 0.3108 -0.5853
vn -0.8208 0.0815 -0.5654
vn -0.0141 -0.0047 -0.9999
vn -0.0108 -0.0096 -0.9999
vn -0.0058 -0.0129 -0.9999
vn -0.0015 -0.0142 -0.9999
vn -0.0173 -0.0147 -0.9997
vn -0.0165 0.0152 -0.9997
vn -0.0702 -0.0058 -0.9975
vn -0.8362 0.0006 -0.5484
vn 0.0000 0.0722 -0.9974
vn 0.0149 0.0694 -0.9975
vn 0.0467 0.0619 -0.9970
vn 0.0627 0.0935 -0.9936
vn 0.0603 0.1013 -0.9930
vn 0.0621 0.0922 -0.9938
vn 0.0348 0.1256 -0.9915
vn 0.0169 0.7301 -0.6831
vn -0.7581 0.0001 -0.6521
vn -0.0713 0.7244 -0.6857
vn -0.2855 0.6894 -0.6657
vn -0.5730 0.5735 -0.5854
vn 0.0577 0.2228 -0.9731
vn 0.0603 0.8218 -0.5665
vn 0.0713 0.7244 -0.6857
vn 0.0000 0.7071 -0.7071
vn 0.1384 0.1739 -0.9750
vn 0.0385 0.0082 -0.9992
vn 0.1952 0.0963 -0.9760
vn -0.1354 0.0913 -0.9866
vn -0.1009 0.4101 -0.9064
vn -0.2101 0.3386 -0.9172
vn -0.1598 0.0373 -0.9864
vn -0.1678 0.0103 -0.9857
vn -0.1686 0.0009 -0.9857
vn -0.1312 0.0647 -0.9892
vn -0.1005 0.3814 -0.9189
vn -0.0148 0.0695 -0.9975
vn -0.0617 -0.0244 -0.9978
vn -0.0472 -0.0461 -0.9978
vn -0.0255 -0.0604 -0.9978
vn -0.0069 -0.0687 -0.9976
vn -0.0177 -0.0735 -0.9971
vn -0.0328 -0.0139 -0.9994
vn -0.0331 0.0139 -0.9993
vn -0.2490 -0.0234 -0.9682
vn -0.7071 0.0000 -0.7071
vn 0.0134 0.1098 -0.9938
vn 0.0000 0.1138 -0.9935
vn 0.0446 0.0995 -0.9940
vn 0.0626 0.0931 -0.9937
vn -0.0277 0.0976 -0.9948
vn -0.0209 0.0700 -0.9973
vn 0.0593 0.1122 -0.9919
vn 0.0392 0.1215 -0.9918
vn 0.0290 0.1356 -0.9903
vn 0.0124 0.7580 -0.6522
vn -0.1471 0.0002 -0.9891
vn -0.5276 0.5276 -0.6657
vn 0.2909 0.7542 -0.5887
vn 0.2856 0.6894 -0.6657
vn 0.5604 0.5811 -0.5902
vn 0.2282 0.0269 -0.9732
vn 0.7427 0.3162 -0.5902
vn -0.2971 0.2327 -0.9261
vn -0.6894 0.2855 -0.6657
vn -0.7244 0.0713 -0.6857
vn -0.0130 0.1096 -0.9939
vn -0.0303 0.0641 -0.9975
vn -0.2201 -0.0901 -0.9713
vn -0.1682 -0.1672 -0.9714
vn -0.0909 -0.2184 -0.9716
vn -0.0244 -0.2469 -0.9687
vn -0.0180 -0.2629 -0.9646
vn -0.0271 -0.0715 -0.9971
vn -0.0229 -0.0105 -0.9997
vn -0.0190 -0.0052 -0.9998
vn -0.0189 -0.0005 -0.9998
vn -0.0534 0.0009 -0.9986
vn -0.0512 0.0118 -0.9986
vn -0.0282 -0.0137 -0.9995
vn -0.8208 -0.0801 -0.5655
vn 0.0127 0.2021 -0.9792
vn 0.0000 0.2060 -0.9785
vn 0.0360 0.1874 -0.9816
vn 0.0249 0.1807 -0.9832
vn -0.0052 0.1602 -0.9871
vn -0.0265 0.1298 -0.9911
vn -0.3294 0.0922 -0.9396
vn -0.3057 -0.0553 -0.9505
vn -0.0076 0.0492 -0.9987
vn 0.0255 0.0299 -0.9992
vn 0.0349 0.0356 -0.9987
vn 0.0150 0.1799 -0.9836
vn 0.0047 0.7771 -0.6293
vn -0.7581 0.0001 -0.6522
vn -0.1470 0.0002 -0.9891
vn -0.1447 0.0004 -0.9895
vn -0.1445 0.0002 -0.9895
vn -0.1444 0.0000 -0.9895
vn -0.1445 0.0001 -0.9895
vn -0.1446 0.0001 -0.9895
vn 0.5276 0.5276 -0.6657
vn -0.3871 0.1333 -0.9124
vn -0.4248 0.0361 -0.9045
vn -0.0181 0.0009 -0.9998
vn 0.0428 0.0008 -0.9991
vn 0.8174 0.0830 -0.5700
vn -0.1126 0.0785 -0.9905
vn -0.0996 0.3701 -0.9236
vn -0.1255 0.7486 -0.6511
vn -0.3098 0.6619 -0.6825
vn -0.5127 0.4533 -0.7291
vn -0.0771 0.7048 -0.7052
vn -0.0121 0.2018 -0.9793
vn -0.0280 0.1012 -0.9944
vn -0.7492 -0.3095 -0.5855
vn -0.5735 -0.5725 -0.5860
vn -0.3103 -0.7483 -0.5863
vn -0.0808 -0.8200 -0.5666
vn -0.0068 -0.8342 -0.5514
vn -0.0080 -0.2564 -0.9665
vn -0.0075 -0.0635 -0.9979
vn -0.0472 0.0591 -0.9971
vn -0.7244 -0.0713 -0.6857
vn 0.0000 0.4611 -0.8873
vn 0.0115 0.4578 -0.8889
vn -0.2713 0.2253 -0.9357
vn -0.2059 -0.1526 -0.9666
vn -0.6956 0.0624 -0.7157
vn -0.6536 -0.2076 -0.7278
vn 0.0000 0.7823 -0.6229
vn -0.7579 0.0001 -0.6523
vn -0.1469 0.0002 -0.9891
vn -0.1444 0.0002 -0.9895
vn 0.6894 0.2855 -0.6657
vn 0.7244 0.0713 -0.6857
vn 0.7071 0.0000 -0.7071
vn -0.6664 0.2552 -0.7005
vn -0.7226 0.0668 -0.6880
vn -0.4376 0.0008 -0.8991
vn 0.0435 0.0009 -0.9990
vn 0.2416 0.0010 -0.9703
vn -0.0005 0.3352 -0.9421
vn -0.3594 0.8619 -0.3575
vn -0.6654 0.6228 -0.4115
vn -0.0109 0.4576 -0.8891
vn -0.0269 0.1939 -0.9806
vn -0.5276 -0.5276 -0.6657
vn -0.2855 -0.6894 -0.6657
vn -0.0713 -0.7244 -0.6857
vn 0.0000 -0.7071 -0.7071
vn 0.0713 -0.7244 -0.6857
vn 0.0613 -0.8256 -0.5608
vn 0.0616 -0.2293 -0.9714
vn -0.6894 -0.2855 -0.6657
vn 0.0065 0.4440 -0.8960
vn 0.0000 0.7401 -0.6725
vn 0.0087 0.7382 -0.6745
vn -0.1897 0.3360 -0.9225
vn -0.5953 0.3343 -0.7306
vn 0.0059 0.1598 -0.9871
vn 0.0016 0.2020 -0.9794
vn 0.0000 0.7823 -0.6228
vn -0.7567 0.0011 -0.6537
vn -0.1465 0.0002 -0.9892
vn -0.1443 0.0002 -0.9895
vn -0.0450 0.0006 -0.9990
vn -0.0520 0.0097 -0.9986
vn -0.0657 0.0330 -0.9973
vn -0.0850 0.0607 -0.9945
vn 0.8337 0.0007 -0.5522
vn -0.8562 0.3431 -0.3862
vn -0.9223 0.0884 -0.3762
vn -0.7330 0.0006 -0.6803
vn -0.0538 0.0009 -0.9985
vn -0.0365 0.6995 -0.7137
vn -0.1291 0.9351 -0.3300
vn -0.0420 0.9222 -0.3844
vn -0.0244 0.4519 -0.8917
vn -0.0083 0.7380 -0.6747
vn -0.0463 0.0951 -0.9944
vn 0.2936 -0.7580 -0.5824
vn 0.2855 -0.6894 -0.6657
vn 0.1455 -0.1786 -0.9731
vn 0.0159 -0.0493 -0.9986
vn -0.1053 0.0080 -0.9944
vn -0.0972 0.0455 -0.9942
vn -0.0352 0.7321 -0.6803
vn 0.0000 0.9292 -0.3695
vn 0.0047 0.9285 -0.3713
vn -0.0758 0.4088 -0.9095
vn -0.0830 -0.2308 -0.9695
vn -0.4720 -0.4321 -0.7685
vn -0.4342 0.5480 -0.7149
vn -0.9261 0.0261 -0.3762
vn -0.8674 -0.3186 -0.3822
vn -0.8292 0.3904 -0.4000
vn 0.0000 0.2062 -0.9785
vn -0.7529 0.0049 -0.6581
vn -0.1433 0.0035 -0.9897
vn -0.1442 0.0002 -0.9895
vn -0.0450 0.0003 -0.9990
vn -0.0449 0.0003 -0.9990
vn 0.1209 0.2626 -0.9573
vn 0.8340 0.0005 -0.5517
vn -0.7106 0.6952 -0.1085
vn -0.9203 0.3782 -0.1002
vn -0.9290 0.0003 -0.3699
vn -0.7329 0.0006 -0.6803
vn -0.1685 0.0009 -0.9857
vn 0.0439 0.0009 -0.9990
vn 0.2428 0.0008 -0.9701
vn 0.1605 0.6524 -0.7407
vn -0.3739 0.9229 -0.0916
vn -0.0185 0.7356 -0.6771
vn -0.0045 0.9284 -0.3715
vn -0.0382 0.1831 -0.9823
vn 0.5647 -0.5836 -0.5835
vn 0.5276 -0.5276 -0.6657
vn 0.2035 -0.0973 -0.9742
vn 0.0323 -0.0264 -0.9991
vn -0.1681 0.0009 -0.9857
vn -0.1610 -0.0079 -0.9869
vn -0.0716 0.0010 -0.9974
vn -0.0627 0.0934 -0.9936
vn -0.0626 0.0931 -0.9937
vn -0.0724 0.9246 -0.3738
vn 0.0000 0.9952 -0.0973
vn 0.0012 0.9951 -0.0981
vn -0.2108 0.6852 -0.6971
vn 0.0056 -0.2612 -0.9653
vn -0.2347 -0.5909 -0.7718
vn -0.6181 0.6807 -0.3932
vn 0.0099 0.1399 -0.9901
vn 0.0000 0.1678 -0.9858
vn -0.0016 0.2028 -0.9792
vn -0.7462 0.0091 -0.6656
vn -0.1317 0.0208 -0.9911
vn -0.1437 0.0004 -0.9896
vn -0.0443 0.0002 -0.9990
vn 0.2678 0.0005 -0.9634
vn 0.2524 0.0392 -0.9668
vn 0.2063 0.1446 -0.9677
vn 0.4008 0.5134 -0.7588
vn 0.7244 -0.0713 -0.6857
vn 0.8343 0.0005 -0.5513
vn -0.9905 0.0969 -0.0977
vn -0.9953 0.0001 -0.0962
vn -0.4375 0.0008 -0.8992
vn 0.0334 0.9210 -0.3881
vn -0.1122 0.9901 -0.0838
vn -0.0109 0.9949 -0.0997
vn -0.0086 0.4407 -0.8976
vn 0.0337 0.7304 -0.6822
vn -0.0101 0.9282 -0.3720
vn -0.0012 0.9951 -0.0982
vn 0.6894 -0.2856 -0.6657
vn 0.7475 -0.3166 -0.5840
vn -0.3180 0.8671 -0.3833
vn 0.0000 0.1474 -0.9891
vn -0.0057 0.1617 -0.9868
vn -0.0032 0.1952 -0.9807
vn -0.0047 0.7771 -0.6294
vn -0.7369 0.0119 -0.6759
vn -0.1097 0.0358 -0.9933
vn -0.0507 -0.0090 -0.9987
vn 0.5498 0.2739 -0.7891
vn 0.8198 -0.0819 -0.5667
vn 0.2434 0.0009 -0.9699
vn -0.7489 0.6627 0.0000
vn -0.9239 0.3827 0.0000
vn -0.7071 -0.7071 0.0000
vn -0.9239 -0.3827 0.0000
vn -0.9290 0.0003 -0.3700
vn -0.7328 0.0006 -0.6804
vn -0.4373 0.0008 -0.8993
vn -0.0980 0.9952 0.0000
vn -0.3827 0.9239 0.0000
vn -0.6600 0.7512 0.0000
vn 0.0715 0.9243 -0.3747
vn -0.0027 0.9952 -0.0979
vn 0.2337 -0.0251 -0.9720
vn 0.0411 -0.0063 -0.9991
vn -0.1477 -0.0308 -0.9885
vn -0.0713 0.0009 -0.9974
vn -0.0713 0.0008 -0.9974
vn -0.4242 -0.0345 -0.9049
vn -0.1074 0.0007 -0.9942
vn -0.1433 0.0005 -0.9897
vn -0.0628 0.0937 -0.9936
vn -0.0824 0.0786 -0.9935
vn -0.0602 0.1003 -0.9931
vn -0.0935 0.9908 -0.0982
vn 0.0111 -0.2586 -0.9659
vn 0.0113 0.0439 -0.9990
vn -0.0395 -0.6418 -0.7658
vn -0.6532 -0.6330 -0.4153
vn -0.3435 -0.8421 -0.4158
vn -0.9246 -0.3693 -0.0936
vn -0.9957 0.0035 -0.0925
vn -0.9155 0.3894 -0.1011
vn -0.6956 0.7113 -0.1007
vn -0.3714 0.9231 -0.0992
vn 0.0000 0.0516 -0.9987
vn -0.0094 0.1420 -0.9898
vn -0.0123 0.1477 -0.9890
vn -0.0124 0.7580 -0.6522
vn -0.0150 0.1764 -0.9842
vn -0.7243 0.0158 -0.6893
vn -0.0815 0.0417 -0.9958
vn 0.2553 -0.0387 -0.9661
vn 0.2689 0.0002 -0.9632
vn -0.0602 -0.0556 -0.9966
vn -0.0524 -0.0376 -0.9979
vn -0.1433 0.0006 -0.9897
vn 0.2676 0.0002 -0.9635
vn 0.5528 0.0003 -0.8333
vn 0.5695 0.0646 -0.8194
vn 0.5609 0.2922 -0.7746
vn 0.5593 0.6341 -0.5340
vn 0.2966 0.8580 -0.4193
vn -0.6894 0.2856 -0.6657
vn -0.7223 -0.0656 -0.6884
vn 0.0833 0.9916 -0.0987
vn 0.0757 0.4084 -0.9096
vn -0.0249 0.1805 -0.9832
vn 0.2106 0.6848 -0.6976
vn 0.3179 0.8670 -0.3837
vn 0.0933 0.9908 -0.0983
vn 0.0050 0.1601 -0.9871
vn 0.0151 0.1251 -0.9920
vn -0.3862 -0.1317 -0.9129
vn -0.0800 -0.0903 -0.9927
vn -0.1069 -0.0973 -0.9895
vn -0.1340 -0.0908 -0.9868
vn 0.0239 0.0687 -0.9973
vn 0.0345 0.0940 -0.9950
vn -0.0622 0.0922 -0.9938
vn 0.0000 -0.9946 -0.1036
vn 0.0012 -0.9945 -0.1042
vn 0.0088 -0.6405 -0.7679
vn 0.0000 -0.2521 -0.9677
vn -0.0782 -0.9066 -0.4147
vn -0.7057 -0.7012 -0.1016
vn -0.7456 0.0000 -0.6663
vn -0.6901 -0.2846 -0.6654
vn -0.6901 0.2846 -0.6654
vn -0.0106 0.0461 -0.9989
vn -0.0211 0.1290 -0.9914
vn -0.0348 0.1256 -0.9915
vn -0.0169 0.7301 -0.6831
vn -0.0298 0.1293 -0.9911
vn -0.5773 0.5773 0.5773
vn -0.5828 0.5821 -0.5670
vn -0.0456 0.0560 -0.9974
vn 0.2102 -0.1452 -0.9668
vn 0.1245 -0.2641 -0.9564
vn -0.0830 -0.0605 -0.9947
vn 0.5507 0.0002 -0.8347
vn 0.5473 0.0002 -0.8369
vn 0.5378 0.0002 -0.8430
vn 0.3652 0.4046 -0.8384
vn 0.3687 0.9222 -0.1167
vn -0.9223 -0.0878 -0.3764
vn -0.6661 -0.2541 -0.7012
vn 0.2855 0.6894 -0.6657
vn 0.1893 0.3357 -0.9227
vn 0.3714 0.9231 -0.0993
vn -0.0011 -0.9945 -0.1043
vn -0.1299 -0.0582 -0.9898
vn -0.1031 -0.0767 -0.9917
vn -0.1110 -0.0783 -0.9907
vn -0.0993 -0.3809 -0.9192
vn -0.0981 -0.3709 -0.9235
vn 0.2707 0.2247 -0.9361
vn -0.0585 0.1083 -0.9924
vn -0.0407 0.1144 -0.9926
vn -0.0368 0.0281 -0.9989
vn -0.0170 0.0241 -0.9995
vn 0.0195 0.0321 -0.9993
vn 0.3070 -0.0583 -0.9499
vn 0.3048 0.0905 -0.9481
vn -0.0956 -0.9901 -0.1029
vn 0.0000 -0.9089 -0.4169
vn 0.0046 -0.9089 -0.4169
vn 0.0000 -0.6379 -0.7701
vn -0.0104 -0.2564 -0.9665
vn -0.3797 -0.9196 -0.1010
vn -0.0243 0.0332 -0.9991
vn 0.5300 -0.0620 -0.8457
vn 0.5080 -0.2566 -0.8222
vn 0.0018 -0.3370 -0.9415
vn 0.3915 -0.5016 -0.7714
vn 0.3333 0.0000 -0.9428
vn 0.3356 0.0001 -0.9420
vn 0.3180 0.0000 -0.9481
vn 0.3294 0.0000 -0.9442
vn 0.4951 0.0519 -0.8672
vn 0.1946 0.1343 -0.9716
vn -0.9905 -0.0967 -0.0977
vn -0.8562 -0.3426 -0.3865
vn 0.4339 0.5478 -0.7153
vn 0.6179 0.6806 -0.3936
vn 0.6956 0.7113 -0.1009
vn -0.0026 -0.9946 -0.1037
vn -0.0045 -0.9087 -0.4173
vn -0.3129 -0.2456 -0.9175
vn -0.5257 -0.4736 -0.7066
vn -0.1028 -0.3674 -0.9243
vn -0.0762 -0.7048 -0.7052
vn -0.0353 -0.7008 -0.7125
vn 0.2329 -0.1851 -0.9547
vn -0.0083 -0.6393 -0.7689
vn -0.0237 -0.2674 -0.9633
vn 0.3623 -0.1718 -0.9161
vn 0.8751 -0.0962 -0.4743
vn 0.1630 -0.6549 -0.7379
vn 0.0442 0.0088 -0.9990
vn -0.9203 -0.3781 -0.1002
vn -0.6656 -0.6369 -0.3890
vn 0.5943 0.3340 -0.7316
vn 0.8286 0.3905 -0.4011
vn 0.9154 0.3895 -0.1014
vn 0.2856 -0.6894 -0.6657
vn 0.0953 -0.9901 -0.1029
vn -0.0103 -0.9100 -0.4145
vn -0.3115 -0.6263 -0.7146
vn -0.2015 -0.3243 -0.9242
vn -0.1198 -0.6931 -0.7108
vn -0.0415 -0.9223 -0.3842
vn 0.0340 -0.9211 -0.3877
vn 0.6625 0.0711 -0.7457
vn 0.5022 -0.4569 -0.7342
vn 0.6478 -0.2218 -0.7288
vn -0.0189 -0.6450 -0.7639
vn -0.0080 -0.2650 -0.9642
vn 0.2962 -0.8554 -0.4248
vn 0.5666 -0.6248 -0.5372
vn -0.7071 -0.6999 -0.1004
vn 0.9128 0.0383 -0.4065
vn 0.6901 0.2846 -0.6654
vn 0.7456 0.0000 -0.6663
vn 0.9948 0.0091 -0.1015
vn 0.9209 -0.3782 -0.0936
vn 0.6901 -0.2846 -0.6654
vn 0.7094 -0.6985 -0.0940
vn 0.3797 -0.9196 -0.1012
vn 0.0772 -0.9069 -0.4143
vn -0.3763 -0.8392 -0.3927
vn -0.1182 -0.9146 -0.3866
vn -0.0107 -0.9950 -0.0996
vn 0.0835 -0.9915 -0.0992
vn 0.0952 -0.2345 -0.9674
vn 0.2400 -0.5927 -0.7688
vn 0.2355 -0.6117 -0.7552
vn 0.4014 -0.4190 -0.8144
vn -0.3869 -0.9166 -0.1007
vn 0.8600 -0.3371 -0.3831
vn 0.6681 -0.6363 -0.3857
vn 0.3444 -0.8422 -0.4148
vn 0.0376 -0.6433 -0.7646
vn -0.1046 -0.9896 -0.0988
vn -0.3827 -0.9239 0.0000
vn -0.0980 -0.9952 0.0000
vn -0.3768 0.9190 -0.1162
vn -0.0940 0.9902 -0.1028
vn -0.0079 0.5787 -0.8155
vn -0.1997 0.5982 -0.7760
vn -0.6991 0.7033 -0.1290
vn -0.4289 0.4679 -0.7727
vn 0.1009 0.9903 -0.0951
vn 0.0772 0.5645 -0.8218
vn -0.9144 0.3806 -0.1375
vn -0.5788 0.2510 -0.7759
vn 0.3839 0.9193 -0.0859
vn 0.2570 0.5729 -0.7783
vn -0.9856 0.0976 -0.1383
vn -0.5934 0.0579 -0.8028
vn 0.1009 -0.9903 -0.0952
vn 0.0772 -0.5645 -0.8218
vn 0.7066 0.7038 -0.0731
vn 0.4707 0.4409 -0.7642
vn -0.9905 0.0001 -0.1373
vn -0.0940 -0.9902 -0.1029
vn -0.0079 -0.5787 -0.8155
vn 0.9223 0.3810 -0.0645
vn 0.6048 0.2280 -0.7630
vn 0.0347 0.0010 -0.9994
vn 0.0349 0.0010 -0.9994
vn -0.6913 -0.7120 -0.1226
vn -0.4289 -0.4679 -0.7727
vn -0.3844 -0.9172 -0.1044
vn -0.1997 -0.5982 -0.7760
vn 0.0345 0.0010 -0.9994
vn 1.0000 0.0000 0.0000
vn -0.8931 -0.4490 -0.0287
vn 0.0345 0.0011 -0.9994
vn 0.1325 0.0011 -0.9911
vn 0.1317 0.0107 -0.9912
vn 0.1234 0.0379 -0.9916
vn 0.1024 0.0692 -0.9923
vn 0.0711 0.0901 -0.9934
vn 0.0439 0.0982 -0.9942
vn 0.0248 0.0982 -0.9948
vn -0.0024 0.0900 -0.9959
vn -0.0336 0.0691 -0.9970
vn -0.0544 0.0379 -0.9978
vn -0.0626 0.0107 -0.9980
vn -0.0633 0.0010 -0.9980
vn 0.9238 -0.3760 -0.0717
vn 0.6048 -0.2280 -0.7630
vn 0.9313 0.0909 -0.3525
vn 0.9380 0.0004 -0.3465
vn 0.7220 0.0695 -0.6883
vn 0.7329 0.0008 -0.6803
vn 0.4018 0.0374 -0.9149
vn 0.4153 0.0010 -0.9097
vn 0.8621 0.3521 -0.3643
vn 0.6617 0.2646 -0.7015
vn 0.3616 0.1373 -0.9221
vn 0.6627 0.6499 -0.3720
vn 0.5119 0.4879 -0.7070
vn 0.2840 0.2529 -0.9248
vn 0.3647 0.8484 -0.3836
vn 0.2882 0.6366 -0.7152
vn 0.1684 0.3299 -0.9289
vn 0.1036 0.9172 -0.3847
vn 0.0931 0.6965 -0.7115
vn 0.0684 0.3698 -0.9266
vn -0.0768 0.9169 -0.3916
vn -0.0438 0.6961 -0.7166
vn -0.0042 0.3696 -0.9291
vn -0.3367 0.8472 -0.4109
vn -0.2376 0.6353 -0.7347
vn -0.1036 0.3293 -0.9385
vn -0.6335 0.6482 -0.4225
vn -0.4599 0.4861 -0.7431
vn -0.2187 0.2521 -0.9426
vn -0.8317 0.3509 -0.4302
vn -0.6084 0.2633 -0.7487
vn -0.2955 0.1368 -0.9455
vn -0.9012 0.0905 -0.4239
vn -0.6688 0.0691 -0.7402
vn -0.3357 0.0372 -0.9412
vn -0.9083 0.0004 -0.4183
vn -0.6803 0.0007 -0.7329
vn -0.3496 0.0009 -0.9369
vn 0.9314 -0.0901 -0.3526
vn 0.8575 -0.3401 -0.3860
vn 0.7220 -0.0680 -0.6886
vn 0.6423 -0.2504 -0.7244
vn 0.4016 -0.0354 -0.9151
vn 0.3414 -0.1294 -0.9309
vn 0.1316 -0.0085 -0.9912
vn 0.1151 -0.0358 -0.9927
vn -0.9012 -0.0898 -0.4239
vn -0.6690 -0.0676 -0.7402
vn -0.3359 -0.0353 -0.9412
vn -0.0623 -0.0085 -0.9980
vn -0.8255 -0.3388 -0.4514
vn -0.5875 -0.2491 -0.7699
vn -0.2751 -0.1288 -0.9527
vn -0.0457 -0.0357 -0.9983
vn -0.3575 -0.8578 -0.3693
vn -0.6280 -0.6695 -0.3967
vn -0.2648 -0.6727 -0.6909
vn -0.4696 -0.5099 -0.7206
vn -0.1155 -0.3619 -0.9250
vn -0.2288 -0.2556 -0.9393
vn -0.0000 -0.0980 -0.9952
vn -0.0274 -0.0516 -0.9983
vn -0.0769 -0.9167 -0.3919
vn -0.0440 -0.6955 -0.7172
vn -0.0045 -0.3682 -0.9297
vn 0.0246 -0.0963 -0.9950
vn 0.1036 -0.9170 -0.3851
vn 0.0928 -0.6955 -0.7125
vn 0.0676 -0.3676 -0.9275
vn 0.0434 -0.0958 -0.9944
vn 0.3825 -0.8586 -0.3411
vn 0.3120 -0.6727 -0.6709
vn 0.1782 -0.3601 -0.9157
vn 0.0678 -0.0968 -0.9930
vn 0.6553 -0.6707 -0.3474
vn 0.5200 -0.5107 -0.6847
vn 0.2938 -0.2547 -0.9213
vn 0.0964 -0.0514 -0.9940
vn 0.0346 0.0011 -0.9994
vn 0.0005 0.0004 -1.0000
vn 0.0010 0.0016 -1.0000
vn 0.0201 0.0020 -0.9998
vn 0.0033 -0.0035 -1.0000
vn 0.0027 0.0039 -1.0000
vn 0.0007 0.0032 -1.0000
vn -0.9952 -0.0980 0.0000
vn -1.0000 0.0000 0.0000
vn -0.9952 0.0980 0.0000
vn -0.9955 0.0942 0.0000
vn -0.7071 0.7071 0.0000
vn -0.9259 0.3776 0.0000
usemtl PatternWhite
s 1
f 193/1/75 194/2/76 195/3/77 196/4/78
f 197/5/79 193/1/75 196/4/78 198/6/80
f 199/7/81 200/8/82 194/2/76 193/1/75
f 194/2/76 201/9/83 202/10/84 195/3/77
f 196/4/78 195/3/77 203/11/85 204/12/86
f 205/13/87 197/5/79 198/6/80 206/14/88
f 197/5/79 207/15/89 199/7/81 193/1/75
f 196/4/78 204/12/86 217/16/90 198/6/80
f 208/17/91 209/18/92 200/8/82 199/7/81
f 194/2/76 200/8/82 221/19/93 201/9/83
f 202/10/84 201/9/83 222/20/94 210/21/95
f 203/11/85 195/3/77 202/10/84 211/22/96
f 204/12/86 203/11/85 212/23/97 213/24/98
f 214/25/99 205/13/87 206/14/88 215/26/100
f 198/6/80 217/16/90 230/27/101 206/14/88
f 207/15/89 197/5/79 205/13/87 216/28/102
f 218/29/103 208/17/91 199/7/81 207/15/89
f 219/30/104 220/31/105 209/18/92 208/17/91
f 200/8/82 209/18/92 235/32/106 221/19/93
f 210/21/95 223/33/107 211/22/96 202/10/84
f 211/22/96 224/34/108 212/23/97 203/11/85
f 204/12/86 213/24/98 240/35/109 217/16/90
f 213/24/98 212/23/97 225/36/110 226/37/111
f 227/38/112 214/25/99 215/26/100 228/39/113
f 214/25/99 229/40/114 216/28/102 205/13/87
f 206/14/88 230/27/101 247/41/115 215/26/100
f 218/29/103 207/15/89 216/28/102 231/42/116
f 219/30/104 208/17/91 218/29/103 232/43/117
f 1733/44/118 1732/45/119 233/46/120 234/47/121
f 222/20/94 236/48/122 237/49/123 210/21/95
f 223/33/107 239/50/124 224/34/108 211/22/96
f 224/34/108 241/51/125 225/36/110 212/23/97
f 242/52/126 226/37/111 225/36/110 243/53/127
f 244/54/128 227/38/112 228/39/113 245/55/129
f 229/40/114 214/25/99 227/38/112 246/56/130
f 229/40/114 248/57/131 231/42/116 216/28/102
f 232/43/117 218/29/103 231/42/116 249/58/132
f 1735/59/133 250/60/134 233/46/120 1732/45/119
f 251/61/135 235/32/106 209/18/92 220/31/105
f 221/19/93 235/32/106 279/62/136 253/63/137
f 253/63/137 222/20/94 201/9/83 221/19/93
f 222/20/94 253/63/137 280/64/138 236/48/122
f 236/48/122 254/65/139 255/66/140 237/49/123
f 237/49/123 238/67/141 223/33/107 210/21/95
f 238/67/141 256/68/142 239/50/124 223/33/107
f 241/51/125 224/34/108 239/50/124 257/69/143
f 258/70/144 240/35/109 213/24/98 226/37/111
f 243/53/127 225/36/110 241/51/125 259/71/145
f 226/37/111 242/52/126 265/72/146 258/70/144
f 266/73/147 244/54/128 245/55/129 267/74/148
f 268/75/149 246/56/130 227/38/112 244/54/128
f 245/55/129 228/39/113 269/76/150 270/77/151
f 269/76/150 228/39/113 215/26/100 247/41/115
f 230/27/101 272/78/152 297/79/153 247/41/115
f 248/57/131 229/40/114 246/56/130 271/80/154
f 272/78/152 230/27/101 217/16/90 240/35/109
f 248/57/131 273/81/155 249/58/132 231/42/116
f 1734/82/156 274/83/157 250/60/134 1735/59/133
f 1736/84/158 251/61/135 220/31/105 1733/44/118
f 235/32/106 251/61/135 299/85/159 279/62/136
f 236/48/122 280/64/138 305/86/160 254/65/139
f 254/65/139 281/87/161 282/88/162 255/66/140
f 238/67/141 237/49/123 255/66/140 283/89/163
f 256/68/142 238/67/141 283/89/163 284/90/164
f 256/68/142 285/91/165 257/69/143 239/50/124
f 259/71/145 241/51/125 257/69/143 286/92/166
f 240/35/109 258/70/144 290/93/167 272/78/152
f 258/70/144 265/72/146 289/94/168 290/93/167
f 291/95/169 266/73/147 267/74/148 292/96/170
f 266/73/147 293/97/171 268/75/149 244/54/128
f 294/98/172 271/80/154 246/56/130 268/75/149
f 270/77/151 269/76/150 295/99/173 296/100/174
f 271/80/154 298/101/175 273/81/155 248/57/131
f 1734/82/156 1738/102/176 276/103/177 274/83/157
f 1740/104/178 1741/105/179 252/106/180 277/107/181
f 281/87/161 254/65/139 305/86/160 306/108/182
f 281/87/161 307/109/183 308/110/184 282/88/162
f 309/111/185 283/89/163 255/66/140 282/88/162
f 285/91/165 256/68/142 284/90/164 310/112/186
f 286/92/166 257/69/143 285/91/165 311/113/187
f 287/114/188 314/115/189 315/116/190 261/117/191
f 290/93/167 289/94/168 318/118/192 319/119/193
f 320/120/194 291/95/169 292/96/170 321/121/195
f 291/95/169 322/122/196 293/97/171 266/73/147
f 267/74/148 323/123/197 356/124/198 292/96/170
f 323/123/197 267/74/148 245/55/129 270/77/151
f 293/97/171 324/125/199 294/98/172 268/75/149
f 325/126/200 298/101/175 271/80/154 294/98/172
f 270/77/151 296/100/174 359/127/201 323/123/197
f 295/99/173 269/76/150 247/41/115 297/79/153
f 296/100/174 295/99/173 326/128/202 327/129/203
f 272/78/152 290/93/167 319/119/193 297/79/153
f 1738/102/176 1737/130/204 301/131/205 276/103/177
f 1739/132/206 299/85/159 251/61/135 1736/84/158
f 430/133/207 426/134/208 397/135/209 398/136/210
f 1740/104/178 277/107/181 362/137/211 1747/138/212
f 303/139/213 302/140/214 332/141/215 333/142/216
f 1741/105/179 303/139/213 364/143/217 1748/144/218
f 1743/145/219 1742/146/220 300/147/221 278/148/222
f 279/62/136 299/85/159 360/149/223 337/150/224
f 337/150/224 280/64/138 253/63/137 279/62/136
f 280/64/138 337/150/224 338/151/225 305/86/160
f 281/87/161 306/108/182 369/152/226 307/109/183
f 306/108/182 305/86/160 338/151/225 339/153/227
f 307/109/183 340/154/228 341/155/229 308/110/184
f 309/111/185 282/88/162 308/110/184 342/156/230
f 343/157/231 284/90/164 283/89/163 309/111/185
f 344/158/232 310/112/186 284/90/164 343/157/231
f 311/113/187 285/91/165 310/112/186 312/159/233
f 314/115/189 287/114/188 346/160/234 347/161/235
f 348/162/236 349/163/237 315/116/190 314/115/189
f 261/117/191 315/116/190 350/164/238 351/165/239
f 288/166/240 327/129/203 326/128/202 317/167/241
f 319/119/193 318/118/192 317/167/241 326/128/202
f 353/168/242 320/120/194 321/121/195 354/169/243
f 322/122/196 291/95/169 320/120/194 355/170/244
f 322/122/196 357/171/245 324/125/199 293/97/171
f 325/126/200 294/98/172 324/125/199 358/172/246
f 1737/130/204 1746/173/247 330/174/248 301/131/205
f 326/128/202 295/99/173 297/79/153 319/119/193
f 1744/175/249 1739/132/206 328/176/250 329/177/251
f 1742/146/220 1744/175/249 329/177/251 300/147/221
f 331/178/252 363/179/253 332/141/215 302/140/214
f 333/142/216 332/141/215 365/180/254 366/181/255
f 1749/182/256 1743/145/219 278/148/222 334/183/257
f 339/153/227 338/151/225 336/184/258 335/185/259
f 340/154/228 370/186/260 371/187/261 341/155/229
f 342/156/230 308/110/184 341/155/229 372/188/262
f 343/157/231 309/111/185 342/156/230 373/189/263
f 344/158/232 313/190/264 312/159/233 310/112/186
f 347/161/235 346/160/234 345/191/265 377/192/266
f 348/162/236 314/115/189 347/161/235 376/193/267
f 378/194/268 379/195/269 349/163/237 348/162/236
f 351/165/239 350/164/238 380/196/270 316/197/271
f 352/198/272 381/199/273 327/129/203 288/166/240
f 316/197/271 380/196/270 381/199/273 352/198/272
f 382/200/274 353/168/242 354/169/243 383/201/275
f 355/170/244 320/120/194 353/168/242 365/180/254
f 384/202/276 321/121/195 292/96/170 356/124/198
f 323/123/197 359/127/201 393/203/277 356/124/198
f 357/171/245 322/122/196 355/170/244 363/179/253
f 357/171/245 385/204/278 358/172/246 324/125/199
f 1746/173/247 1745/205/279 361/206/280 330/174/248
f 381/199/273 359/127/201 296/100/174 327/129/203
f 336/184/258 338/151/225 337/150/224 360/149/223
f 1747/138/212 362/137/211 394/207/281 1751/208/282
f 363/179/253 331/178/252 385/204/278 357/171/245
f 386/209/283 364/143/217 303/139/213 333/142/216
f 333/142/216 366/181/255 395/210/284 386/209/283
f 365/180/254 332/141/215 363/179/253 355/170/244
f 366/181/255 365/180/254 353/168/242 382/200/274
f 1748/144/218 364/143/217 387/211/285 1750/212/286
f 1750/212/286 1749/182/256 334/183/257 368/213/287
f 367/214/288 388/215/289 339/153/227 335/185/259
f 388/215/289 369/152/226 306/108/182 339/153/227
f 389/216/290 340/154/228 307/109/183 369/152/226
f 340/154/228 389/216/290 395/210/284 370/186/260
f 370/186/260 382/200/274 383/201/275 371/187/261
f 371/187/261 390/217/291 372/188/262 341/155/229
f 372/188/262 391/218/292 373/189/263 342/156/230
f 373/189/263 374/219/293 344/158/232 343/157/231
f 374/219/293 375/220/294 313/190/264 344/158/232
f 377/192/266 345/191/265 375/220/294 374/219/293
f 376/193/267 347/161/235 377/192/266 391/218/292
f 376/193/267 390/217/291 378/194/268 348/162/236
f 383/201/275 354/169/243 379/195/269 378/194/268
f 349/163/237 379/195/269 384/202/276 392/221/295
f 392/221/295 350/164/238 315/116/190 349/163/237
f 350/164/238 392/221/295 393/203/277 380/196/270
f 380/196/270 393/203/277 359/127/201 381/199/273
f 379/195/269 354/169/243 321/121/195 384/202/276
f 356/124/198 393/203/277 392/221/295 384/202/276
f 1745/205/279 1751/208/282 394/207/281 361/206/280
f 364/143/217 386/209/283 396/222/296 387/211/285
f 366/181/255 382/200/274 370/186/260 395/210/284
f 388/215/289 367/214/288 387/211/285 396/222/296
f 369/152/226 388/215/289 396/222/296 389/216/290
f 383/201/275 378/194/268 390/217/291 371/187/261
f 391/218/292 372/188/262 390/217/291 376/193/267
f 374/219/293 373/189/263 391/218/292 377/192/266
f 386/209/283 395/210/284 389/216/290 396/222/296
f 434/223/297 430/133/207 398/136/210 399/224/298
f 438/225/299 434/223/297 399/224/298 404/226/300
f 1723/227/301 1724/228/302 1709/229/303 1719/230/304
f 442/231/305 438/225/299 404/226/300 406/232/306
f 1703/233/307 1718/234/307 1719/230/304 1709/229/303
f 518/235/308 514/236/309 401/237/310 400/238/311
f 400/238/311 263/239/312 262/240/313 522/241/314 518/235/308
f 262/240/313 264/242/315 526/243/316 522/241/314
f 446/244/317 442/231/305 406/232/306 408/245/318
f 1707/246/307 404/226/300 1718/234/307 1703/233/307
f 514/236/309 510/247/319 402/248/320 401/237/310
f 450/249/321 446/244/317 408/245/318 410/250/322
f 1705/251/307 406/232/306 404/226/300 1707/246/307
f 510/247/319 506/252/323 405/253/324 402/248/320
f 454/254/325 450/249/321 410/250/322 412/255/326
f 1705/251/307 1704/256/307 408/245/318 406/232/306
f 506/252/323 502/257/327 407/258/328 405/253/324
f 458/259/329 454/254/325 412/255/326 414/260/330
f 408/245/318 1716/261/307 410/250/322
f 502/257/327 498/262/331 409/263/332 407/258/328
f 462/264/333 458/259/329 414/260/330 416/265/334
f 1716/261/307 1717/266/307 412/255/326 410/250/322
f 498/262/331 494/267/335 411/268/336 409/263/332
f 466/269/337 462/264/333 416/265/334 421/270/338
f 1729/271/307 421/270/338 416/265/334
f 494/267/335 490/272/339 413/273/340 411/268/336
f 470/274/341 466/269/337 421/270/338 420/275/342
f 490/272/339 486/276/343 415/277/344 413/273/340
f 474/278/345 470/274/341 420/275/342 419/279/346
f 478/280/347 474/278/345 419/279/346 418/281/348
f 417/282/349 483/283/350 478/280/347 418/281/348
f 426/134/208 423/284/351 403/285/352 397/135/209
f 486/276/343 483/283/350 417/282/349 415/277/344
f 423/284/351 426/134/208 428/286/353 425/287/354
f 425/287/354 428/286/353 429/288/355 424/289/356
f 424/289/356 429/288/355 427/290/357 422/291/358
f 426/134/208 430/133/207 432/292/359 428/286/353
f 428/286/353 432/292/359 433/293/360 429/288/355
f 429/288/355 433/293/360 431/294/361 427/290/357
f 430/133/207 434/223/297 436/295/362 432/292/359
f 432/292/359 436/295/362 437/296/363 433/293/360
f 433/293/360 437/296/363 435/297/364 431/294/361
f 434/223/297 438/225/299 440/298/365 436/295/362
f 436/295/362 440/298/365 441/299/366 437/296/363
f 437/296/363 441/299/366 439/300/367 435/297/364
f 438/225/299 442/231/305 444/301/368 440/298/365
f 440/298/365 444/301/368 445/302/369 441/299/366
f 441/299/366 445/302/369 443/303/370 439/300/367
f 442/231/305 446/244/317 448/304/371 444/301/368
f 444/301/368 448/304/371 449/305/372 445/302/369
f 445/302/369 449/305/372 447/306/373 443/303/370
f 446/244/317 450/249/321 452/307/374 448/304/371
f 448/304/371 452/307/374 453/308/375 449/305/372
f 449/305/372 453/308/375 451/309/376 447/306/373
f 450/249/321 454/254/325 456/310/377 452/307/374
f 452/307/374 456/310/377 457/311/378 453/308/375
f 453/308/375 457/311/378 455/312/379 451/309/376
f 454/254/325 458/259/329 460/313/380 456/310/377
f 456/310/377 460/313/380 461/314/381 457/311/378
f 457/311/378 461/314/381 459/315/382 455/312/379
f 458/259/329 462/264/333 464/316/383 460/313/380
f 460/313/380 464/316/383 465/317/384 461/314/381
f 461/314/381 465/317/384 463/318/385 459/315/382
f 462/264/333 466/269/337 468/319/386 464/316/383
f 464/316/383 468/319/386 469/320/387 465/317/384
f 465/317/384 469/320/387 467/321/388 463/318/385
f 466/269/337 470/274/341 472/322/389 468/319/386
f 468/319/386 472/322/389 473/323/390 469/320/387
f 469/320/387 473/323/390 471/324/391 467/321/388
f 470/274/341 474/278/345 476/325/392 472/322/389
f 472/322/389 476/325/392 477/326/393 473/323/390
f 473/323/390 477/326/393 475/327/394 471/324/391
f 474/278/345 478/280/347 480/328/395 476/325/392
f 476/325/392 480/328/395 481/329/396 477/326/393
f 477/326/393 481/329/396 479/330/397 475/327/394
f 531/331/398 423/284/351 425/287/354 533/332/399
f 533/332/399 425/287/354 424/289/356 532/333/400
f 532/333/400 424/289/356 422/291/358 530/334/401
f 483/283/350 486/276/343 488/335/402 485/336/403
f 485/336/403 488/335/402 489/337/404 484/338/405
f 484/338/405 489/337/404 487/339/406 482/340/407
f 486/276/343 490/272/339 492/341/408 488/335/402
f 488/335/402 492/341/408 493/342/409 489/337/404
f 489/337/404 493/342/409 491/343/410 487/339/406
f 490/272/339 494/267/335 496/344/411 492/341/408
f 492/341/408 496/344/411 497/345/412 493/342/409
f 493/342/409 497/345/412 495/346/413 491/343/410
f 494/267/335 498/262/331 500/347/414 496/344/411
f 496/344/411 500/347/414 501/348/415 497/345/412
f 497/345/412 501/348/415 499/349/416 495/346/413
f 498/262/331 502/257/327 504/350/417 500/347/414
f 500/347/414 504/350/417 505/351/418 501/348/415
f 501/348/415 505/351/418 503/352/419 499/349/416
f 502/257/327 506/252/323 508/353/420 504/350/417
f 504/350/417 508/353/420 509/354/421 505/351/418
f 505/351/418 509/354/421 507/355/422 503/352/419
f 506/252/323 510/247/319 512/356/423 508/353/420
f 508/353/420 512/356/423 513/357/424 509/354/421
f 509/354/421 513/357/424 511/358/425 507/355/422
f 510/247/319 514/236/309 516/359/426 512/356/423
f 512/356/423 516/359/426 517/360/427 513/357/424
f 513/357/424 517/360/427 515/361/428 511/358/425
f 514/236/309 518/235/308 520/362/429 516/359/426
f 516/359/426 520/362/429 521/363/430 517/360/427
f 517/360/427 521/363/430 519/364/431 515/361/428
f 518/235/308 522/241/314 524/365/432 520/362/429
f 520/362/429 524/365/432 525/366/433 521/363/430
f 521/363/430 525/366/433 523/367/434 519/364/431
f 522/241/314 526/243/316 528/368/435 524/365/432
f 524/365/432 528/368/435 529/369/436 525/366/433
f 525/366/433 529/369/436 527/370/437 523/367/434
f 526/243/316 531/331/398 533/332/399 528/368/435
f 528/368/435 533/332/399 532/333/400 529/369/436
f 529/369/436 532/333/400 530/334/401 527/370/437
f 478/280/347 483/283/350 485/336/403 480/328/395
f 480/328/395 485/336/403 484/338/405 481/329/396
f 481/329/396 484/338/405 482/340/407 479/330/397
f 531/331/398 526/243/316 264/242/315 260/371/438
f 423/284/351 531/331/398 260/371/438 403/285/352
f 264/242/315 1706/372/439 260/371/438
f 361/206/280 394/207/281 362/137/211
f 277/107/181 330/174/248 361/206/280
f 250/60/134 276/103/177 301/131/205
f 276/103/177 250/60/134 274/83/157
f 495/346/413 503/352/419 507/355/422
f 250/60/134 301/131/205 233/46/120
f 495/346/413 499/349/416 503/352/419
f 1700/373/440 1701/374/440 530/334/401 422/291/358 1690/375/440
f 491/343/410 495/346/413 507/355/422
f 1689/376/440 527/370/437 530/334/401 1701/374/440
f 491/343/410 507/355/422 511/358/425
f 487/339/406 491/343/410 511/358/425
f 300/147/221 1686/377/440 278/148/222
f 1693/378/440 511/358/425 515/361/428 1688/379/440
f 519/364/431 523/367/434 1684/380/440 1697/381/440
f 1702/382/440 234/47/121 1694/383/440
f 1683/384/440 519/364/431 1697/381/440
f 361/206/280 362/137/211 277/107/181
f 1685/385/440 479/330/397 482/340/407 1687/386/440
f 482/340/407 487/339/406 1692/387/440 1687/386/440
f 1688/379/440 515/361/428 519/364/431 1683/384/440
f 275/388/441 329/177/251 328/176/250
f 304/389/442 368/213/287 334/183/257
f 278/148/222 252/106/180 304/389/442
f 439/300/367 447/306/373 451/309/376
f 439/300/367 443/303/370 447/306/373
f 334/183/257 278/148/222 304/389/442
f 435/297/364 439/300/367 451/309/376
f 300/147/221 234/47/121 1691/390/440
f 431/294/361 451/309/376 455/312/379
f 1686/377/440 471/324/391 475/327/394 1696/391/440
f 431/294/361 435/297/364 451/309/376
f 278/148/222 1685/385/440 252/106/180
f 463/318/385 1691/390/440 1695/392/440 459/315/382
f 459/315/382 1695/392/440 1702/382/440 455/312/379
f 275/388/441 234/47/121 300/147/221
f 300/147/221 329/177/251 275/388/441
f 330/174/248 1689/376/440 301/131/205
f 427/290/357 431/294/361 1694/383/440 1699/393/440
f 537/394/443 534/395/444 535/396/445 536/397/446
f 538/398/447 535/399/445 534/400/444 539/401/448
f 535/396/445 540/402/449 545/403/450 536/397/446
f 537/404/443 541/405/451 539/401/448 534/400/444
f 541/405/451 543/406/452 538/398/447 539/401/448
f 535/399/445 538/398/447 544/407/447 540/408/449
f 546/409/453 547/410/451 541/405/451 537/404/443
f 546/411/453 537/394/443 536/397/446 542/412/454
f 536/397/446 545/403/450 555/413/455 542/412/454
f 547/410/451 548/414/452 543/406/452 541/405/451
f 549/415/452 544/407/447 538/398/447 543/406/452
f 540/408/449 544/407/447 550/416/447 551/417/456
f 540/402/449 551/418/456 561/419/457 545/403/450
f 552/420/458 553/421/451 547/410/451 546/409/453
f 542/412/454 554/422/459 552/423/458 546/411/453
f 553/421/451 556/424/452 548/414/452 547/410/451
f 557/425/452 549/415/452 543/406/452 548/414/452
f 558/426/452 550/416/447 544/407/447 549/415/452
f 559/427/447 560/428/460 551/417/456 550/416/447
f 562/429/461 563/430/451 553/421/451 552/420/458
f 545/403/450 561/419/457 575/431/462 555/413/455
f 563/430/451 564/432/452 556/424/452 553/421/451
f 565/433/452 557/425/452 548/414/452 556/424/452
f 566/434/452 558/426/452 549/415/452 557/425/452
f 559/427/447 550/416/447 558/426/452 567/435/452
f 568/436/447 569/437/463 560/428/460 559/427/447
f 570/438/464 561/419/457 551/418/456 560/439/460
f 554/422/459 571/440/465 562/441/461 552/423/458
f 572/442/466 573/443/451 563/430/451 562/429/461
f 574/444/467 554/422/459 542/412/454 555/413/455
f 573/443/451 576/445/452 564/432/452 563/430/451
f 564/432/452 577/446/452 565/433/452 556/424/452
f 578/447/452 566/434/452 557/425/452 565/433/452
f 567/435/452 558/426/452 566/434/452 579/448/452
f 567/435/452 580/449/452 568/436/447 559/427/447
f 568/436/447 581/450/447 582/451/468 569/437/463
f 583/452/469 570/438/464 560/439/460 569/453/463
f 584/454/470 575/431/462 561/419/457 570/438/464
f 554/422/459 574/444/467 600/455/471 571/440/465
f 571/440/465 585/456/472 572/457/466 562/441/461
f 586/458/473 587/459/451 573/443/451 572/442/466
f 555/413/455 575/431/462 599/460/474 574/444/467
f 587/459/451 588/461/452 576/445/452 573/443/451
f 576/445/452 589/462/452 577/446/452 564/432/452
f 577/446/452 590/463/452 578/447/452 565/433/452
f 579/448/452 566/434/452 578/447/452 591/464/452
f 579/448/452 592/465/452 580/449/452 567/435/452
f 593/466/452 581/450/447 568/436/447 580/449/452
f 581/450/447 594/467/447 595/468/475 582/451/468
f 583/452/469 569/453/463 582/469/468 596/470/476
f 597/471/469 584/454/470 570/438/464 583/452/469
f 598/472/477 599/460/474 575/431/462 584/454/470
f 571/440/465 600/455/471 617/473/478 585/456/472
f 586/474/473 572/457/466 585/456/472 601/475/479
f 602/476/480 603/477/451 587/459/451 586/458/473
f 603/477/451 604/478/452 588/461/452 587/459/451
f 588/461/452 605/479/452 589/462/452 576/445/452
f 589/462/452 606/480/452 590/463/452 577/446/452
f 591/464/452 578/447/452 590/463/452 607/481/452
f 591/464/452 608/482/452 592/465/452 579/448/452
f 609/483/452 593/466/452 580/449/452 592/465/452
f 581/450/447 593/466/452 610/484/452 594/467/447
f 594/467/447 611/485/447 612/486/481 595/468/475
f 596/470/476 582/469/468 595/487/475 613/488/482
f 597/471/469 583/452/469 596/470/476 614/489/483
f 615/490/484 598/472/477 584/454/470 597/471/469
f 598/472/477 616/491/485 635/492/486 599/460/474
f 574/444/467 599/460/474 635/492/486 600/455/471
f 585/456/472 617/473/478 636/493/487 601/475/479
f 602/494/480 586/474/473 601/475/479 618/495/488
f 619/496/489 620/497/451 603/477/451 602/476/480
f 620/497/451 621/498/452 604/478/452 603/477/451
f 604/478/452 622/499/452 605/479/452 588/461/452
f 605/479/452 623/500/452 606/480/452 589/462/452
f 607/481/452 590/463/452 606/480/452 624/501/452
f 607/481/452 625/502/452 608/482/452 591/464/452
f 626/503/452 609/483/452 592/465/452 608/482/452
f 593/466/452 609/483/452 627/504/452 610/484/452
f 594/467/447 610/484/452 628/505/452 611/485/447
f 629/506/490 612/486/481 611/485/447 630/507/447
f 613/488/482 595/487/475 612/508/481 631/509/491
f 614/489/483 596/470/476 613/488/482 632/510/492
f 615/490/484 597/471/469 614/489/483 633/511/493
f 634/512/494 616/491/485 598/472/477 615/490/484
f 600/455/471 635/492/486 657/513/495 617/473/478
f 618/495/488 637/514/496 619/515/489 602/494/480
f 638/516/489 639/517/451 620/497/451 619/496/489
f 639/517/451 640/518/452 621/498/452 620/497/451
f 621/498/452 641/519/452 622/499/452 604/478/452
f 622/499/452 642/520/452 623/500/452 605/479/452
f 624/501/452 606/480/452 623/500/452 643/521/452
f 624/501/452 644/522/452 625/502/452 607/481/452
f 645/523/452 626/503/452 608/482/452 625/502/452
f 609/483/452 626/503/452 646/524/452 627/504/452
f 610/484/452 627/504/452 647/525/452 628/505/452
f 628/505/452 648/526/452 630/507/447 611/485/447
f 649/527/497 629/506/490 630/507/447 650/528/447
f 629/529/490 651/530/498 631/509/491 612/508/481
f 632/510/492 613/488/482 631/509/491 652/531/499
f 633/511/493 614/489/483 632/510/492 653/532/500
f 634/512/494 615/490/484 633/511/493 654/533/501
f 655/534/502 656/535/503 616/491/485 634/512/494
f 616/491/485 656/535/503 657/513/495 635/492/486
f 617/473/478 657/513/495 680/536/504 636/493/487
f 658/537/505 618/495/488 601/475/479 636/493/487
f 618/495/488 658/537/505 681/538/506 637/514/496
f 637/514/496 659/539/507 638/540/489 619/515/489
f 660/541/508 661/542/451 639/517/451 638/516/489
f 661/542/451 662/543/452 640/518/452 639/517/451
f 640/518/452 663/544/452 641/519/452 621/498/452
f 641/519/452 664/545/452 642/520/452 622/499/452
f 643/521/452 623/500/452 642/520/452 665/546/452
f 643/521/452 666/547/452 644/522/452 624/501/452
f 667/548/452 645/523/452 625/502/452 644/522/452
f 626/503/452 645/523/452 668/549/452 646/524/452
f 627/504/452 646/524/452 669/550/452 647/525/452
f 647/525/452 670/551/452 648/526/452 628/505/452
f 648/526/452 671/552/452 650/528/447 630/507/447
f 650/528/447 672/553/509 673/554/510 649/527/497
f 649/555/497 674/556/511 651/530/498 629/529/490
f 653/532/500 632/510/492 652/531/499 675/557/512
f 651/530/498 676/558/513 652/531/499 631/509/491
f 633/511/493 653/532/500 698/559/514 654/533/501
f 655/534/502 634/512/494 654/533/501 677/560/515
f 678/561/516 679/562/517 656/535/503 655/534/502
f 636/493/487 680/536/504 703/563/518 658/537/505
f 637/514/496 681/538/506 704/564/519 659/539/507
f 659/539/507 682/565/520 660/566/508 638/540/489
f 683/567/521 684/568/451 661/542/451 660/541/508
f 684/568/451 685/569/452 662/543/452 661/542/451
f 662/543/452 686/570/452 663/544/452 640/518/452
f 663/544/452 687/571/452 664/545/452 641/519/452
f 665/546/452 642/520/452 664/545/452 688/572/452
f 665/546/452 689/573/452 666/547/452 643/521/452
f 690/574/452 667/548/452 644/522/452 666/547/452
f 645/523/452 667/548/452 691/575/452 668/549/452
f 646/524/452 668/549/452 692/576/452 669/550/452
f 669/550/452 693/577/452 670/551/452 647/525/452
f 670/551/452 694/578/452 671/552/452 648/526/452
f 695/579/522 672/553/509 650/528/447 671/552/452
f 696/580/523 673/554/510 672/553/509 695/579/522
f 649/555/497 673/581/510 696/582/523 674/556/511
f 674/556/511 697/583/524 676/558/513 651/530/498
f 653/532/500 675/557/512 720/584/525 698/559/514
f 676/558/513 699/585/526 675/557/512 652/531/499
f 678/561/516 655/534/502 677/560/515 700/586/527
f 654/533/501 698/559/514 724/587/528 677/560/515
f 701/588/469 702/589/529 679/562/517 678/561/516
f 680/536/504 657/513/495 656/535/503 679/562/517
f 658/537/505 703/563/518 727/590/530 681/538/506
f 659/539/507 704/564/519 728/591/531 682/565/520
f 683/592/521 660/566/508 682/565/520 705/593/532
f 706/594/533 707/595/451 684/568/451 683/567/521
f 707/595/451 708/596/452 685/569/452 684/568/451
f 685/569/452 709/597/452 686/570/452 662/543/452
f 686/570/452 710/598/452 687/571/452 663/544/452
f 688/572/452 664/545/452 687/571/452 711/599/452
f 688/572/452 712/600/452 689/573/452 665/546/452
f 713/601/452 690/574/452 666/547/452 689/573/452
f 667/548/452 690/574/452 714/602/452 691/575/452
f 668/549/452 691/575/452 715/603/452 692/576/452
f 716/604/452 693/577/452 669/550/452 692/576/452
f 693/577/452 717/605/452 694/578/452 670/551/452
f 718/606/522 695/579/522 671/552/452 694/578/452
f 719/607/534 696/580/523 695/579/522 718/606/522
f 674/556/511 696/582/523 719/608/534 697/583/524
f 699/585/526 721/609/535 720/584/525 675/557/512
f 697/583/524 722/610/536 699/585/526 676/558/513
f 701/588/469 678/561/516 700/586/527 723/611/537
f 677/560/515 724/587/528 746/612/538 700/586/527
f 725/613/469 726/614/529 702/589/529 701/588/469
f 702/589/529 703/563/518 680/536/504 679/562/517
f 681/538/506 727/590/530 751/615/530 704/564/519
f 682/565/520 728/591/531 752/616/539 705/593/532
f 705/593/532 729/617/540 706/618/533 683/592/521
f 730/619/541 731/620/451 707/595/451 706/594/533
f 731/620/451 732/621/452 708/596/452 707/595/451
f 708/596/452 733/622/452 709/597/452 685/569/452
f 709/597/452 734/623/452 710/598/452 686/570/452
f 711/599/452 687/571/452 710/598/452 735/624/452
f 711/599/452 736/625/452 712/600/452 688/572/452
f 737/626/452 713/601/452 689/573/452 712/600/452
f 690/574/452 713/601/452 738/627/452 714/602/452
f 691/575/452 714/602/452 739/628/452 715/603/452
f 740/629/452 716/604/452 692/576/452 715/603/452
f 741/630/452 717/605/452 693/577/452 716/604/452
f 742/631/522 718/606/522 694/578/452 717/605/452
f 743/632/542 719/607/534 718/606/522 742/631/522
f 698/559/514 720/584/525 769/633/543 724/587/528
f 721/609/535 699/585/526 722/610/536 744/634/544
f 697/583/524 719/608/534 743/635/542 722/610/536
f 745/636/545 771/637/546 798/638/547 776/639/548 748/640/549 777/641/550 725/613/469 701/588/469 723/611/537 772/642/551
f 723/611/537 700/586/527 746/612/538 747/643/552
f 749/644/469 750/645/529 726/614/529 725/613/469
f 726/614/529 727/590/530 703/563/518 702/589/529
f 704/564/519 751/615/530 781/646/553 728/591/531
f 705/593/532 752/616/539 782/647/554 729/617/540
f 729/617/540 753/648/555 730/649/541 706/618/533
f 754/650/556 755/651/451 731/620/451 730/619/541
f 755/651/451 756/652/452 732/621/452 731/620/451
f 732/621/452 757/653/452 733/622/452 708/596/452
f 733/622/452 758/654/452 734/623/452 709/597/452
f 735/624/452 710/598/452 734/623/452 759/655/452
f 735/624/452 760/656/452 736/625/452 711/599/452
f 761/657/452 737/626/452 712/600/452 736/625/452
f 713/601/452 737/626/452 762/658/452 738/627/452
f 714/602/452 738/627/452 763/659/452 739/628/452
f 764/660/452 740/629/452 715/603/452 739/628/452
f 765/661/452 741/630/452 716/604/452 740/629/452
f 766/662/522 742/631/522 717/605/452 741/630/452
f 767/663/557 743/632/542 742/631/522 766/662/522
f 721/609/535 768/664/558 769/633/543 720/584/525
f 744/634/544 770/665/559 768/664/558 721/609/535
f 722/610/536 743/635/542 767/666/557 744/634/544
f 747/643/552 773/667/560 772/642/551 723/611/537
f 747/643/552 746/612/538 774/668/561 775/669/562
f 724/587/528 769/633/543 774/668/561 746/612/538
f 749/644/469 725/613/469 777/641/550 778/670/550
f 779/671/469 780/672/563 750/645/529 749/644/469
f 1536/673/564 1542/674/565 1554/675/566 1549/676/567 1619/677/568
f 728/591/531 781/646/553 812/678/569 752/616/539
f 729/617/540 782/647/554 813/679/570 753/648/555
f 753/648/555 783/680/571 754/681/556 730/649/541
f 784/682/572 785/683/451 755/651/451 754/650/556
f 785/683/451 786/684/452 756/652/452 755/651/451
f 756/652/452 787/685/452 757/653/452 732/621/452
f 757/653/452 788/686/452 758/654/452 733/622/452
f 759/655/452 734/623/452 758/654/452 789/687/452
f 759/655/452 790/688/452 760/656/452 735/624/452
f 791/689/452 761/657/452 736/625/452 760/656/452
f 737/626/452 761/657/452 792/690/452 762/658/452
f 738/627/452 762/658/452 793/691/452 763/659/452
f 794/692/452 764/660/452 739/628/452 763/659/452
f 795/693/452 765/661/452 740/629/452 764/660/452
f 796/694/522 766/662/522 741/630/452 765/661/452
f 797/695/573 767/663/557 766/662/522 796/694/522
f 744/634/544 767/666/557 797/696/573 770/665/559
f 799/697/574 800/698/575 771/637/546 745/636/545
f 801/699/576 799/697/574 745/636/545 772/642/551
f 775/669/562 774/668/561 829/700/577 804/701/578
f 805/702/579 806/703/580 748/640/549 776/639/548
f 806/703/580 807/704/581 777/641/550 748/640/549
f 779/671/469 749/644/469 778/670/550 808/705/550
f 807/704/581 809/706/581 778/670/550 777/641/550
f 810/707/469 811/708/563 780/672/563 779/671/469
f 1634/709/582 1629/710/583 1540/711/584 1548/712/585
f 752/616/539 812/678/569 846/713/586 782/647/554
f 753/648/555 813/679/570 847/714/587 783/680/571
f 783/680/571 814/715/588 784/716/572 754/681/556
f 815/717/589 816/718/451 785/683/451 784/682/572
f 816/718/451 817/719/452 786/684/452 785/683/451
f 786/684/452 818/720/452 787/685/452 756/652/452
f 787/685/452 819/721/452 788/686/452 757/653/452
f 789/687/452 758/654/452 788/686/452 820/722/452
f 789/687/452 821/723/452 790/688/452 759/655/452
f 822/724/452 791/689/452 760/656/452 790/688/452
f 761/657/452 791/689/452 823/725/452 792/690/452
f 762/658/452 792/690/452 824/726/452 793/691/452
f 825/727/452 794/692/452 763/659/452 793/691/452
f 826/728/452 795/693/452 764/660/452 794/692/452
f 827/729/522 796/694/522 765/661/452 795/693/452
f 828/730/590 797/695/573 796/694/522 827/729/522
f 768/664/558 829/700/577 774/668/561 769/633/543
f 800/698/575 831/731/591 798/638/547 771/637/546
f 832/732/592 833/733/593 800/734/575 799/735/574
f 834/736/594 801/699/576 772/642/551 773/667/560
f 835/737/595 832/732/592 799/735/574 801/738/576
f 831/731/591 805/702/579 776/639/548 798/638/547
f 838/739/596 839/740/597 806/741/580 805/742/579
f 810/707/469 779/671/469 808/705/550 841/743/598
f 809/706/581 842/744/581 808/705/550 778/670/550
f 840/745/599 843/746/600 809/747/581 807/748/581
f 844/749/601 845/750/602 811/708/563 810/707/469
f 1545/751/603 1541/752/604 1609/753/605 1654/754/606
f 815/755/589 784/716/572 814/715/588 848/756/607
f 849/757/608 850/758/609 816/718/451 815/717/589
f 850/758/609 851/759/610 817/719/452 816/718/451
f 817/719/452 852/760/452 818/720/452 786/684/452
f 818/720/452 853/761/452 819/721/452 787/685/452
f 820/722/452 788/686/452 819/721/452 854/762/452
f 820/722/452 855/763/452 821/723/452 789/687/452
f 856/764/452 822/724/452 790/688/452 821/723/452
f 791/689/452 822/724/452 857/765/452 823/725/452
f 792/690/452 823/725/452 858/766/452 824/726/452
f 859/767/452 825/727/452 793/691/452 824/726/452
f 860/768/452 826/728/452 794/692/452 825/727/452
f 861/769/522 827/729/522 795/693/452 826/728/452
f 862/770/611 828/730/590 827/729/522 861/769/522
f 770/665/559 797/696/573 828/771/590 830/772/612
f 829/700/577 768/664/558 770/665/559 830/772/612
f 833/733/593 863/773/613 831/774/591 800/734/575
f 864/775/614 865/776/615 833/733/593 832/732/592
f 866/777/616 835/737/595 801/738/576 834/778/594
f 867/779/617 864/775/614 832/732/592 835/737/595
f 868/780/618 869/781/619 802/782/620 803/783/621
f 869/781/619 834/736/594 773/667/560 802/782/620
f 775/669/562 870/784/622 958/785/623 914/786/624 836/787/625 803/783/621 802/782/620 773/667/560 747/643/552
f 871/788/626 868/780/618 803/783/621 836/787/625
f 829/700/577 830/772/612 904/789/627 872/790/628 804/701/578
f 873/791/629 775/669/562 804/701/578 874/792/630 837/793/631
f 863/773/613 838/739/596 805/742/579 831/774/591
f 839/740/597 838/739/596 919/794/632 875/795/633
f 839/740/597 840/745/599 807/748/581 806/741/580
f 844/749/601 810/707/469 841/743/598 876/796/634 877/797/635 878/798/636 879/799/637 880/800/638 881/801/639
f 842/744/581 882/802/640 841/743/598 808/705/550
f 843/746/600 883/803/600 842/804/581 809/747/581
f 884/805/641 885/806/641 843/746/600 840/745/599
f 886/807/642 887/808/643 845/750/602 844/749/601
f 845/750/602 846/713/586 812/678/569 811/708/563
f 888/809/644 813/679/570 782/647/554 846/713/586
f 813/679/570 889/810/645 890/811/646 847/714/587
f 891/812/647 814/715/588 783/680/571 847/714/587
f 814/715/588 891/812/647 937/813/648 848/756/607
f 848/756/607 892/814/649 849/815/608 815/755/589
f 850/758/609 849/757/608 892/816/649 851/759/610
f 851/759/610 893/817/610 852/760/452 817/719/452
f 852/760/452 894/818/452 853/761/452 818/720/452
f 854/762/452 819/721/452 853/761/452 895/819/452
f 854/762/452 896/820/452 855/763/452 820/722/452
f 897/821/452 856/764/452 821/723/452 855/763/452
f 822/724/452 856/764/452 898/822/452 857/765/452
f 823/725/452 857/765/452 899/823/452 858/766/452
f 900/824/452 859/767/452 824/726/452 858/766/452
f 901/825/452 860/768/452 825/727/452 859/767/452
f 902/826/522 861/769/522 826/728/452 860/768/452
f 903/827/650 862/770/611 861/769/522 902/826/522
f 862/828/611 904/789/627 830/772/612 828/771/590
f 865/776/615 864/775/614 906/829/651 907/830/652
f 865/776/615 905/831/653 863/773/613 833/733/593
f 834/778/594 869/832/619 912/833/654 866/777/616
f 908/834/655 867/779/617 835/737/595 866/777/616
f 909/835/656 910/836/657 906/829/651 864/775/614 867/779/617 908/834/655
f 911/837/658 912/833/654 869/832/619 868/838/618
f 836/787/625 914/786/624 959/839/659 871/788/626
f 871/840/626 915/841/660 911/837/658 868/838/618
f 804/701/578 872/790/628 961/842/661 874/792/630
f 873/843/629 837/844/631 918/845/662 916/846/663
f 913/847/664 957/848/665 1013/849/666 870/784/622 775/669/562 873/791/629 917/850/667
f 837/844/631 874/851/630 963/852/668 918/845/662
f 838/739/596 863/773/613 905/831/653 919/794/632
f 840/745/599 839/740/597 875/795/633 884/805/641
f 886/807/642 844/749/601 881/801/639 920/853/669
f 882/802/640 921/854/670 876/796/634 841/743/598
f 921/854/670 922/855/671 877/797/635 876/796/634
f 922/855/671 923/856/672 878/798/636 877/797/635
f 923/856/672 924/857/673 879/799/637 878/798/636
f 924/857/673 925/858/674 880/800/638 879/799/637
f 881/801/639 880/800/638 926/859/675 927/860/676
f 883/803/600 928/861/677 882/862/640 842/804/581
f 930/863/678 885/806/641 884/805/641 931/864/678
f 885/806/641 929/865/641 883/803/600 843/746/600
f 932/866/679 887/808/643 886/807/642 933/867/680
f 845/750/602 887/808/643 888/809/644 846/713/586
f 813/679/570 888/809/644 980/868/681 1035/869/682 981/870/682 934/871/682 889/810/645
f 889/810/645 935/872/683 936/873/684 890/811/646
f 847/714/587 890/811/646 985/874/685 1090/875/685 1143/876/686 986/877/687 891/812/647
f 892/814/649 848/756/607 937/813/648 938/878/688
f 938/879/688 893/817/610 851/759/610 892/816/649
f 893/817/610 939/880/610 894/818/452 852/760/452
f 895/819/452 853/761/452 894/818/452 940/881/452
f 895/819/452 941/882/452 896/820/452 854/762/452
f 942/883/452 897/821/452 855/763/452 896/820/452
f 856/764/452 897/821/452 943/884/452 898/822/452
f 857/765/452 898/822/452 944/885/452 899/823/452
f 945/886/452 900/824/452 858/766/452 899/823/452
f 946/887/452 901/825/452 859/767/452 900/824/452
f 947/888/522 902/826/522 860/768/452 901/825/452
f 948/889/650 903/827/650 902/826/522 947/888/522
f 903/890/650 949/891/689 904/789/627 862/828/611
f 905/831/653 865/776/615 907/830/652 950/892/690
f 951/893/307 952/894/307 907/830/652 906/829/651
f 866/777/616 912/833/654 953/895/691 908/834/655
f 908/834/655 953/895/691 954/896/692 909/835/656
f 955/897/307 956/898/307 910/836/657 909/835/656
f 956/898/307 951/893/307 906/829/651 910/836/657
f 912/833/654 911/837/658 1004/899/693 953/895/691
f 871/840/626 959/900/659 1015/901/694 915/841/660
f 915/841/660 960/902/695 1004/899/693 911/837/658
f 916/846/663 962/903/696 917/904/667 873/843/629
f 919/794/632 905/831/653 950/892/690 964/905/697
f 875/795/633 919/794/632 964/905/697 965/906/698
f 931/864/678 884/805/641 875/795/633 965/906/698
f 933/867/680 886/807/642 920/853/669 966/907/699
f 881/801/639 927/860/676 1021/908/700 920/853/669
f 928/861/677 967/909/701 921/910/670 882/862/640
f 967/909/701 968/911/702 922/912/671 921/910/670
f 968/911/702 969/913/703 923/914/672 922/912/671
f 969/913/703 970/915/704 924/916/673 923/914/672
f 970/915/704 971/917/705 925/918/674 924/916/673
f 925/858/674 972/919/706 926/859/675 880/800/638
f 1078/920/707 1180/921/708 1217/922/709 1130/923/710 973/924/711 927/860/676 926/859/675 1028/925/712
f 928/861/677 883/803/600 929/865/641 974/926/713
f 975/927/307 976/928/307 930/863/678 931/864/678
f 929/865/641 885/806/641 930/863/678 977/929/678
f 978/930/714 932/866/679 933/867/680 979/931/715
f 932/866/679 980/868/681 888/809/644 887/808/643
f 935/872/683 889/810/645 934/871/682 981/870/682 1035/869/682 980/868/681 1034/932/716 1085/933/717 1036/934/718 982/935/719
f 936/936/684 935/937/683 983/938/720 984/939/721
f 1038/940/722 1139/941/723 1188/942/724 1143/876/686 1090/875/685 985/874/685 890/811/646 936/873/684
f 891/812/647 986/877/687 1040/943/725 937/813/648
f 987/944/726 939/880/610 893/817/610 938/879/688
f 939/880/610 988/945/610 940/881/452 894/818/452
f 940/881/452 989/946/452 941/882/452 895/819/452
f 990/947/452 942/883/452 896/820/452 941/882/452
f 897/821/452 942/883/452 991/948/452 943/884/452
f 898/822/452 943/884/452 992/949/452 944/885/452
f 993/950/452 945/886/452 899/823/452 944/885/452
f 994/951/452 946/887/452 900/824/452 945/886/452
f 995/952/522 947/888/522 901/825/452 946/887/452
f 996/953/727 948/889/650 947/888/522 995/952/522
f 948/954/650 997/955/728 949/891/689 903/890/650
f 904/789/627 949/891/689 1052/956/729 998/957/730
f 872/790/628 904/789/627 998/957/730 1053/958/731 1054/959/732 999/960/733
f 952/894/307 1000/961/307 950/892/690 907/830/652
f 975/927/307 1001/962/307 1002/963/307 1000/961/307 952/894/307 951/893/307 956/898/307 1003/964/307
f 953/895/691 1004/899/693 1005/965/734 954/896/692
f 1006/966/307 955/897/307 909/835/656 954/896/692
f 1003/964/307 956/898/307 955/897/307 1006/966/307 1007/967/307 1008/968/307 1009/969/307 1010/970/307
f 962/903/696 1011/971/735 913/972/664 917/904/667
f 1011/971/735 1012/973/736 957/974/665 913/972/664
f 958/785/623 870/784/622 1062/975/562 1014/976/737
f 914/786/624 958/785/623 1063/977/738 959/839/659
f 915/841/660 1015/901/694 1064/978/739 960/902/695
f 961/842/661 872/790/628 999/960/733 1016/979/740
f 874/851/630 961/980/661 1065/981/741 963/852/668
f 916/846/663 918/845/662 1019/982/742 1017/983/743
f 1017/983/743 1018/984/744 962/903/696 916/846/663
f 918/845/662 963/852/668 1067/985/745 1019/982/742
f 1000/961/307 1002/963/307 964/905/697 950/892/690
f 1002/963/307 1001/962/307 965/906/698 964/905/697
f 1001/962/307 975/927/307 931/864/678 965/906/698
f 979/931/715 933/867/680 966/907/699 1020/986/746
f 920/853/669 1021/908/700 1069/987/747 966/907/699
f 928/861/677 974/926/713 1070/988/748 967/909/701
f 968/911/702 967/909/701 1070/988/748 1022/989/749
f 1022/989/749 1023/990/750 969/913/703 968/911/702
f 970/915/704 969/913/703 1023/990/750 1024/991/751
f 1024/991/751 1025/992/752 971/917/705 970/915/704
f 971/917/705 1026/993/753 972/994/706 925/918/674
f 972/919/706 1027/995/754 1028/925/712 926/859/675
f 927/860/676 973/924/711 1079/996/755 1021/908/700
f 974/926/713 929/865/641 977/929/678 1029/997/756
f 976/928/307 975/927/307 1003/964/307 1030/998/307
f 976/928/307 1031/999/307 977/929/678 930/863/678
f 978/1000/714 979/1001/715 1032/1002/757 1033/1003/758
f 978/930/714 1034/932/716 980/868/681 932/866/679
f 982/1004/719 1037/1005/759 983/938/720 935/937/683
f 936/936/684 984/939/721 1087/1006/760 1038/1007/722
f 983/938/720 1039/1008/761 1089/1009/762 984/939/721
f 938/878/688 937/813/648 1040/943/725 987/1010/726
f 939/880/610 987/944/726 1041/1011/763 988/945/610
f 988/945/610 1042/1012/610 989/946/452 940/881/452
f 1043/1013/452 990/947/452 941/882/452 989/946/452
f 942/883/452 990/947/452 1044/1014/452 991/948/452
f 943/884/452 991/948/452 1045/1015/452 992/949/452
f 1046/1016/452 993/950/452 944/885/452 992/949/452
f 1047/1017/452 994/951/452 945/886/452 993/950/452
f 1048/1018/522 995/952/522 946/887/452 994/951/452
f 1049/1019/764 996/953/727 995/952/522 1048/1018/522
f 997/955/728 948/954/650 996/1020/727 1050/1021/765
f 997/955/728 1051/1022/766 1052/956/729 949/891/689
f 1004/899/693 960/902/695 1055/1023/767 1005/965/734
f 1007/967/307 1006/966/307 954/896/692 1005/965/734
f 1008/968/307 1007/967/307 1005/965/734 1055/1023/767
f 1009/969/307 1008/968/307 1055/1023/767 1057/1024/768
f 1010/970/307 1009/969/307 1057/1024/768 1058/1025/769
f 1018/984/744 1059/1026/770 1011/971/735 962/903/696
f 1059/1026/770 1060/1027/771 1012/973/736 1011/971/735
f 1012/973/736 1061/1028/772 1013/1029/666 957/974/665
f 870/784/622 1013/849/666 1111/1030/666 1062/975/562
f 958/785/623 1014/976/737 1113/1031/773 1063/977/738
f 959/900/659 1063/1032/738 1114/1033/774 1015/901/694
f 961/980/661 1016/1034/740 1115/1035/775 1065/981/741
f 1018/984/744 1017/983/743 1116/1036/776 1066/1037/777
f 979/1001/715 1020/1038/746 1068/1039/778 1032/1002/757
f 966/907/699 1069/987/747 1120/1040/779 1020/986/746
f 1023/990/750 1022/989/749 1071/1041/780 1072/1042/781
f 1073/1043/782 1074/1044/783 1075/1045/784 1076/1046/785 1025/992/752 1024/991/751
f 1025/992/752 1076/1046/785 1026/993/753 971/917/705
f 1027/1047/754 972/994/706 1026/993/753 1077/1048/786
f 1070/988/748 974/926/713 1029/997/756 1080/1049/787
f 1031/999/307 1081/1050/307 1029/997/756 977/929/678
f 1031/999/307 976/928/307 1030/998/307 1082/1051/307
f 978/1000/714 1033/1003/758 1134/1052/788 1034/1053/716
f 1033/1003/758 1032/1002/757 1083/1054/789 1084/1055/790
f 1036/1056/718 1086/1057/791 1037/1005/759 982/1004/719
f 1037/1005/759 1088/1058/792 1039/1008/761 983/938/720
f 1040/943/725 986/877/687 1144/1059/793 1091/1060/794
f 987/1010/726 1040/943/725 1091/1060/794 1041/1061/763
f 988/945/610 1041/1011/763 1092/1062/795 1042/1012/610
f 1093/1063/610 1043/1013/452 989/946/452 1042/1012/610
f 990/947/452 1043/1013/452 1094/1064/452 1044/1014/452
f 991/948/452 1044/1014/452 1095/1065/452 1045/1015/452
f 1096/1066/452 1046/1016/452 992/949/452 1045/1015/452
f 1097/1067/452 1047/1017/452 993/950/452 1046/1016/452
f 1098/1068/522 1048/1018/522 994/951/452 1047/1017/452
f 1099/1069/796 1049/1019/764 1048/1018/522 1098/1068/522
f 1049/1070/764 1100/1071/797 1050/1021/765 996/1020/727
f 1050/1021/765 1101/1072/798 1051/1022/766 997/955/728
f 998/957/730 1052/956/729 1157/1073/799 1102/1074/800
f 998/957/730 1102/1074/800 1158/1075/801 1053/958/731
f 1016/979/740 999/960/733 1054/959/732 1103/1076/802
f 960/902/695 1064/978/739 1057/1024/768 1055/1023/767
f 1056/1077/307 1010/970/307 1058/1025/769 1104/1078/769
f 1058/1025/769 1057/1024/768 1064/978/739 1106/1079/803
f 1066/1037/777 1107/1080/804 1059/1026/770 1018/984/744
f 1060/1027/771 1059/1026/770 1107/1080/804 1108/1081/805
f 1060/1027/771 1109/1082/806 1061/1028/772 1012/973/736
f 1061/1028/772 1110/1083/772 1111/1084/666 1013/1029/666
f 1014/976/737 1062/975/562 1166/1085/807 1112/1086/737
f 1015/901/694 1114/1033/774 1106/1079/803 1064/978/739
f 963/852/668 1065/981/741 1167/1087/808 1067/985/745
f 1017/983/743 1019/982/742 1117/1088/809 1116/1036/776
f 1019/982/742 1067/985/745 1169/1089/810 1117/1088/809
f 1068/1039/778 1020/1038/746 1120/1090/779 1118/1091/811
f 1032/1002/757 1068/1039/778 1119/1092/812 1083/1054/789
f 1021/908/700 1079/996/755 1172/1093/813 1069/987/747
f 1022/989/749 1070/988/748 1080/1049/787 1071/1041/780
f 1024/991/751 1023/990/750 1072/1042/781 1073/1043/782
f 1121/1094/307 1122/1095/307 1072/1042/781 1071/1041/780
f 1123/1096/307 1124/1097/307 1074/1044/783 1073/1043/782
f 1124/1097/307 1125/1098/307 1075/1045/784 1074/1044/783
f 1126/1099/814 1076/1046/785 1075/1045/784 1127/1100/815
f 1076/1046/785 1126/1099/814 1077/1048/786 1026/993/753
f 1077/1048/786 1128/1101/816 1129/1102/817 1027/1047/754
f 1027/995/754 1129/1103/817 1078/920/707 1028/925/712
f 1079/996/755 973/924/711 1182/1104/818 1131/1105/819
f 1081/1050/307 1132/1106/307 1080/1049/787 1029/997/756
f 1081/1050/307 1031/999/307 1082/1051/307 1133/1107/307
f 1033/1003/758 1084/1055/790 1184/1108/820 1134/1052/788
f 1084/1055/790 1083/1054/789 1135/1109/821 1136/1110/822
f 1085/1111/717 1034/1053/716 1134/1052/788 1137/1112/823
f 1036/1056/718 1085/1111/717 1137/1112/823 1086/1057/791
f 1139/1113/723 1038/1007/722 1087/1006/760 1140/1114/824
f 984/939/721 1089/1009/762 1190/1115/825 1087/1006/760
f 1088/1058/792 1037/1005/759 1086/1057/791 1138/1116/826
f 1039/1008/761 1141/1117/827 1192/1118/828 1089/1009/762
f 1088/1058/792 1142/1119/829 1141/1117/827 1039/1008/761
f 1092/1120/795 1041/1061/763 1091/1060/794 1145/1121/830
f 1093/1063/610 1042/1012/610 1092/1062/795 1146/1122/763
f 1147/1123/610 1094/1064/452 1043/1013/452 1093/1063/610
f 1044/1014/452 1094/1064/452 1148/1124/452 1095/1065/452
f 1149/1125/452 1096/1066/452 1045/1015/452 1095/1065/452
f 1150/1126/452 1097/1067/452 1046/1016/452 1096/1066/452
f 1151/1127/522 1098/1068/522 1047/1017/452 1097/1067/452
f 1152/1128/831 1099/1069/796 1098/1068/522 1151/1127/522
f 1099/1129/796 1153/1130/832 1100/1071/797 1049/1070/764
f 1100/1071/797 1154/1131/833 1101/1072/798 1050/1021/765
f 1051/1022/766 1155/1132/834 1157/1073/799 1052/956/729
f 1101/1072/798 1156/1133/835 1155/1132/834 1051/1022/766
f 1103/1076/802 1054/959/732 1053/958/731 1158/1075/801
f 1159/1134/836 1115/1035/775 1016/1034/740 1103/1135/802
f 1133/1107/307 1082/1051/307 1105/1136/307 1160/1137/307
f 1105/1136/307 1056/1077/307 1104/1078/769 1161/1138/769
f 1104/1078/769 1058/1025/769 1106/1079/803 1162/1139/837
f 1030/998/307 1056/1077/307 1105/1136/307 1082/1051/307
f 1107/1080/804 1066/1037/777 1168/1140/838 1163/1141/839
f 1108/1081/805 1164/1142/840 1109/1082/806 1060/1027/771
f 1109/1082/806 1165/1143/841 1110/1083/772 1061/1028/772
f 1062/975/562 1111/1030/666 1216/1144/842 1166/1085/807
f 1014/976/737 1112/1086/737 1218/1145/843 1113/1031/773
f 1063/1032/738 1113/1146/773 1210/1147/844 1114/1033/774
f 1065/981/741 1115/1035/775 1207/1148/845 1167/1087/808
f 1066/1037/777 1116/1036/776 1220/1149/846 1168/1140/838
f 1119/1092/812 1068/1039/778 1118/1091/811 1170/1150/847
f 1083/1054/789 1119/1092/812 1171/1151/848 1135/1109/821
f 1069/987/747 1172/1093/813 1226/1152/849 1120/1040/779
f 1132/1106/307 1121/1094/307 1071/1041/780 1080/1049/787
f 1122/1095/307 1123/1096/307 1073/1043/782 1072/1042/781
f 1132/1106/307 1081/1050/307 1133/1107/307 1124/1097/307 1123/1096/307 1122/1095/307 1121/1094/307
f 1124/1097/307 1133/1107/307 1160/1137/307 1173/1153/307 1174/1154/307 1175/1155/307 1125/1098/307
f 1125/1098/307 1175/1155/307 1127/1100/815 1075/1045/784
f 1176/1156/850 1126/1099/814 1127/1100/815 1177/1157/851
f 1128/1101/816 1077/1048/786 1126/1099/814 1176/1156/850
f 1128/1101/816 1178/1158/852 1179/1159/853 1129/1102/817
f 1129/1103/817 1179/1160/853 1180/921/708 1078/920/707
f 973/924/711 1130/923/710 1233/1161/854 1181/1162/855 1232/1163/856
f 1131/1105/819 1183/1164/857 1235/1165/858 1227/1166/858 1172/1093/813 1079/996/755
f 1084/1055/790 1136/1110/822 1237/1167/859 1184/1108/820
f 1136/1110/822 1135/1109/821 1185/1168/860 1186/1169/861
f 1134/1052/788 1184/1108/820 1187/1170/862 1137/1112/823
f 1086/1057/791 1137/1112/823 1187/1170/862 1138/1116/826
f 1188/1171/724 1139/1113/723 1140/1114/824 1189/1172/863
f 1087/1006/760 1190/1115/825 1242/1173/864 1140/1114/824
f 1138/1116/826 1191/1174/865 1142/1119/829 1088/1058/792
f 1144/1059/793 986/877/687 1143/876/686 1193/1175/866
f 1145/1121/830 1091/1060/794 1144/1059/793 1194/1176/867
f 1092/1120/795 1145/1121/830 1195/1177/868 1146/1178/763
f 1147/1123/610 1093/1063/610 1146/1122/763 1196/1179/763
f 1197/1180/610 1148/1124/452 1094/1064/452 1147/1123/610
f 1198/1181/452 1149/1125/452 1095/1065/452 1148/1124/452
f 1199/1182/452 1150/1126/452 1096/1066/452 1149/1125/452
f 1200/1183/522 1151/1127/522 1097/1067/452 1150/1126/452
f 1201/1184/869 1152/1128/831 1151/1127/522 1200/1183/522
f 1152/1185/831 1202/1186/870 1153/1130/832 1099/1129/796
f 1154/1131/833 1100/1071/797 1153/1130/832 1203/1187/871
f 1156/1133/835 1101/1072/798 1154/1131/833 1204/1188/872
f 1102/1189/800 1157/1190/799 1257/1191/873 1205/1192/874
f 1158/1193/801 1102/1189/800 1205/1192/874 1206/1194/875
f 1206/1194/875 1159/1134/836 1103/1135/802 1158/1193/801
f 1115/1035/775 1159/1134/836 1261/1195/876 1207/1148/845
f 1160/1137/307 1105/1136/307 1161/1138/769 1208/1196/877
f 1161/1138/769 1104/1078/769 1162/1139/837 1209/1197/878
f 1162/1139/837 1106/1079/803 1114/1033/774 1210/1147/844
f 1163/1141/839 1211/1198/879 1108/1081/805 1107/1080/804
f 1211/1198/879 1212/1199/880 1164/1142/840 1108/1081/805
f 1164/1142/840 1213/1200/840 1165/1143/841 1109/1082/806
f 1165/1143/841 1214/1201/841 1215/1202/881 1110/1083/772
f 1110/1083/772 1215/1202/881 1216/1203/842 1111/1084/666
f 1112/1086/737 1166/1085/807 1130/923/710 1217/922/709
f 1067/985/745 1167/1087/808 1272/1204/882 1169/1089/810
f 1117/1088/809 1219/1205/883 1220/1149/846 1116/1036/776
f 1221/1206/884 1219/1205/883 1117/1088/809 1169/1089/810
f 1118/1091/811 1120/1090/779 1226/1207/849 1222/1208/885
f 1170/1150/847 1118/1091/811 1222/1208/885 1223/1209/886
f 1171/1151/848 1119/1092/812 1170/1150/847 1224/1210/887
f 1135/1109/821 1171/1151/848 1225/1211/888 1185/1168/860
f 1173/1153/307 1160/1137/307 1208/1196/877 1228/1212/889
f 1174/1154/307 1173/1153/307 1228/1212/889 1177/1157/851
f 1175/1155/307 1174/1154/307 1177/1157/851 1127/1100/815
f 1229/1213/890 1176/1156/850 1177/1157/851 1228/1212/889
f 1176/1156/850 1229/1213/890 1178/1158/852 1128/1101/816
f 1131/1105/819 1182/1104/818 1153/1130/832 1202/1186/870
f 1238/1214/657 1186/1169/861 1185/1168/860 1239/1215/657
f 1191/1174/865 1138/1116/826 1187/1170/862 1240/1216/891
f 1246/1217/892 1194/1176/867 1144/1059/793 1193/1175/866
f 1145/1121/830 1194/1176/867 1247/1218/893 1195/1177/868
f 1195/1177/868 1248/1219/894 1196/1220/763 1146/1178/763
f 1197/1180/610 1147/1123/610 1196/1179/763 1249/1221/895
f 1250/1222/610 1198/1181/452 1148/1124/452 1197/1180/610
f 1251/1223/452 1199/1182/452 1149/1125/452 1198/1181/452
f 1252/1224/522 1200/1183/522 1150/1126/452 1199/1182/452
f 1253/1225/896 1201/1184/869 1200/1183/522 1252/1224/522
f 1202/1186/870 1152/1185/831 1201/1226/869 1254/1227/897
f 1204/1188/872 1154/1131/833 1203/1187/871 1255/1228/898
f 1260/1229/899 1261/1195/876 1159/1134/836 1206/1194/875
f 1208/1196/877 1161/1138/769 1209/1197/878 1262/1230/900
f 1210/1147/844 1263/1231/901 1209/1197/878 1162/1139/837
f 1030/998/307 1003/964/307 1010/970/307 1056/1077/307
f 1163/1141/839 1168/1140/838 1788/1232/902 1786/1233/903 1787/1234/903
f 1776/1235/904 1778/1236/905 1478/1237/787 1501/1238/780
f 1212/1199/880 1268/1239/880 1213/1200/840 1164/1142/840
f 1213/1200/840 1269/1240/906 1214/1201/841 1165/1143/841
f 1214/1201/841 1270/1241/907 1271/1242/908 1215/1202/881
f 1793/1243/909 1792/1244/910 1220/1149/846 1219/1205/883
f 1168/1140/838 1220/1149/846 1792/1244/910 1789/1245/911 1788/1232/902
f 1275/1246/657 1273/1247/651 1783/1248/909 1793/1243/909 1219/1205/883 1221/1206/884
f 1224/1210/887 1170/1150/847 1223/1209/886 1276/1249/912
f 1224/1210/887 1277/1250/913 1225/1211/888 1171/1151/848
f 1239/1215/657 1185/1168/860 1225/1211/888 1278/1251/657
f 1262/1230/900 1229/1213/890 1228/1212/889 1208/1196/877
f 1229/1213/890 1262/1230/900 1230/1252/914 1178/1158/852
f 1231/1253/915 1179/1159/853 1178/1158/852 1230/1252/914
f 1217/922/709 1180/921/708 1179/1160/853 1231/1254/915
f 1232/1163/856 1181/1162/855 1330/1255/916 1279/1256/917
f 1232/1163/856 1279/1256/917 1331/1257/918 1333/1258/918 1281/1259/918 973/924/711
f 1233/1161/854 1130/923/710 1166/1085/807 1216/1144/842
f 1181/1260/855 1233/1261/854 1271/1242/908 1280/1262/919
f 1281/1259/918 1234/1263/920 1182/1104/818 973/924/711
f 1153/1130/832 1182/1104/818 1234/1263/920 1282/1264/921
f 1284/1265/922 1183/1164/857 1131/1105/819 1236/1266/923 1338/1267/924
f 1236/1266/923 1131/1105/819 1202/1186/870 1254/1227/897
f 1285/1268/925 1237/1167/859 1136/1110/822 1186/1169/861
f 1238/1214/657 1239/1215/657 1757/1269/307 1755/1270/307
f 1288/1271/651 1285/1268/925 1186/1169/861 1238/1214/657
f 1240/1216/891 1187/1170/862 1184/1108/820 1237/1167/859
f 1289/1272/926 1241/1273/927 1188/1171/724 1189/1172/863
f 1188/942/724 1241/1274/927 1193/1175/866 1143/876/686
f 1290/1275/928 1189/1172/863 1140/1114/824 1242/1173/864
f 1190/1115/825 1291/1276/929 1346/1277/930 1242/1173/864
f 1291/1276/929 1190/1115/825 1089/1009/762 1192/1118/828
f 1293/1278/931 1192/1118/828 1141/1117/827 1243/1279/932
f 1243/1279/932 1141/1117/827 1142/1119/829 1244/1280/933
f 1244/1280/933 1142/1119/829 1191/1174/865 1245/1281/934
f 1245/1281/934 1191/1174/865 1240/1216/891 1292/1282/935
f 1294/1283/936 1246/1217/892 1193/1175/866 1241/1274/927
f 1295/1284/937 1247/1218/893 1194/1176/867 1246/1217/892
f 1247/1218/893 1296/1285/938 1248/1219/894 1195/1177/868
f 1249/1221/895 1297/1286/939 1250/1222/610 1197/1180/610
f 1249/1287/895 1196/1220/763 1248/1219/894 1298/1288/940
f 1299/1289/610 1251/1223/452 1198/1181/452 1250/1222/610
f 1300/1290/522 1252/1224/522 1199/1182/452 1251/1223/452
f 1301/1291/941 1253/1225/896 1252/1224/522 1300/1290/522
f 1253/1292/896 1302/1293/942 1254/1227/897 1201/1226/869
f 1204/1294/872 1255/1295/898 1359/1296/943 1303/1297/944
f 1255/1228/898 1203/1187/871 1256/1298/921 1304/1299/945 1305/1300/946
f 1306/1301/947 1256/1298/921 1203/1187/871 1153/1130/832 1282/1264/921 1335/1302/947
f 1258/1303/948 1257/1191/873 1157/1190/799 1155/1304/834
f 1259/1305/948 1258/1303/948 1155/1304/834 1156/1306/835
f 1303/1297/944 1259/1305/948 1156/1306/835 1204/1294/872
f 1205/1192/874 1257/1191/873 1364/1307/949 1307/1308/950
f 1206/1194/875 1205/1192/874 1307/1308/950 1260/1229/899
f 1261/1195/876 1260/1229/899 1367/1309/951 1308/1310/952
f 1308/1310/952 1309/1311/953 1207/1148/845 1261/1195/876
f 1262/1230/900 1209/1197/878 1263/1231/901 1230/1252/914
f 1263/1231/901 1210/1147/844 1113/1146/773 1218/1312/843
f 1310/1313/307 1311/1314/307 1265/1315/954 1264/1316/690
f 1311/1314/307 1312/1317/307 1266/1318/698 1265/1315/954
f 1312/1317/307 1314/1319/307 1267/1320/678 1266/1318/698
f 1268/1239/880 1315/1321/880 1269/1240/906 1213/1200/840
f 1269/1240/906 1316/1322/906 1270/1241/907 1214/1201/841
f 1270/1241/907 1317/1323/955 1280/1262/919 1271/1242/908
f 1215/1202/881 1271/1242/908 1233/1261/854 1216/1203/842
f 1231/1254/915 1218/1145/843 1112/1086/737 1217/922/709
f 1309/1311/953 1272/1204/882 1167/1087/808 1207/1148/845
f 1318/1324/307 1319/1325/307 1274/1326/652 1273/1247/651
f 1319/1325/307 1310/1313/307 1264/1316/690 1274/1326/652
f 1320/1327/956 1221/1206/884 1169/1089/810 1272/1204/882
f 1321/1328/656 1275/1246/657 1221/1206/884 1320/1327/956
f 1322/1329/307 1318/1324/307 1273/1247/651 1275/1246/657
f 1323/1330/957 1222/1208/885 1226/1207/849 1324/1331/958
f 1223/1209/886 1222/1208/885 1323/1330/957 1325/1332/959
f 1276/1249/912 1223/1209/886 1325/1332/959 1326/1333/960
f 1276/1249/912 1327/1334/961 1277/1250/913 1224/1210/887
f 1278/1251/657 1225/1211/888 1277/1250/913 1328/1335/657
f 1239/1215/657 1278/1251/657 1756/1336/307 1757/1269/307
f 1337/1337/962 1324/1338/958 1226/1152/849 1172/1093/813 1227/1166/858 1235/1165/858 1183/1164/857 1283/1339/963
f 1230/1252/914 1263/1231/901 1218/1312/843 1231/1253/915
f 1280/1262/919 1332/1340/964 1330/1341/916 1181/1260/855
f 1234/1263/920 1281/1259/918 1384/1342/965 1334/1343/966
f 1282/1264/921 1234/1263/920 1334/1343/966 1336/1344/967
f 1183/1164/857 1284/1265/922 1338/1267/924 1339/1345/968 1340/1346/969 1283/1339/963
f 1254/1227/897 1302/1293/942 1391/1347/970 1236/1266/923
f 1237/1167/859 1285/1268/925 1292/1282/935 1240/1216/891
f 1288/1271/651 1238/1214/657 1755/1270/307 1753/1348/307
f 1286/1349/783 1342/1350/971 1343/1351/972 1287/1352/783
f 1292/1282/935 1285/1268/925 1288/1271/651 1344/1353/652
f 1189/1172/863 1290/1275/928 1397/1354/973 1289/1272/926
f 1289/1272/926 1345/1355/974 1294/1356/936 1241/1273/927
f 1242/1173/864 1346/1277/930 1400/1357/975 1290/1275/928
f 1192/1118/828 1293/1278/931 1401/1358/976 1291/1276/929
f 1293/1278/931 1243/1279/932 1347/1359/977 1348/1360/978
f 1243/1279/932 1244/1280/933 1349/1361/979 1347/1359/977
f 1244/1280/933 1245/1281/934 1350/1362/690 1349/1361/979
f 1245/1281/934 1292/1282/935 1344/1353/652 1350/1362/690
f 1351/1363/980 1295/1284/937 1246/1217/892 1294/1283/936
f 1295/1284/937 1352/1364/981 1296/1285/938 1247/1218/893
f 1297/1365/939 1249/1287/895 1298/1288/940 1354/1366/982
f 1297/1286/939 1355/1367/983 1299/1289/610 1250/1222/610
f 1298/1288/940 1248/1219/894 1296/1285/938 1353/1368/984
f 1356/1369/985 1300/1290/522 1251/1223/452 1299/1289/610
f 1357/1370/986 1301/1291/941 1300/1290/522 1356/1369/985
f 1301/1371/941 1358/1372/987 1302/1293/942 1253/1292/896
f 1360/1373/988 1359/1296/943 1255/1295/898 1305/1374/946
f 1362/1375/989 1360/1373/988 1305/1374/946 1304/1376/945 1361/1377/990
f 1306/1301/947 1361/1378/990 1304/1299/945 1256/1298/921
f 1363/1379/991 1364/1307/949 1257/1191/873 1258/1303/948
f 1258/1303/948 1259/1305/948 1366/1380/992 1363/1379/991
f 1365/1381/993 1366/1380/992 1259/1305/948 1303/1297/944
f 1309/1311/953 1308/1310/952 1411/1382/994 1368/1383/995
f 1369/1384/307 1312/1317/307 1311/1314/307 1310/1313/307 1319/1325/307 1318/1324/307 1322/1329/307
f 1314/1319/307 1371/1385/307 1313/1386/678 1267/1320/678
f 1372/1387/307 1314/1319/307 1312/1317/307 1369/1384/307
f 1315/1321/880 1373/1388/880 1316/1322/906 1269/1240/906
f 1316/1322/906 1374/1389/996 1317/1323/955 1270/1241/907
f 1317/1323/955 1375/1390/997 1332/1340/964 1280/1262/919
f 1272/1204/882 1309/1311/953 1368/1383/995 1320/1327/956
f 1320/1327/956 1368/1383/995 1376/1391/998 1321/1328/656
f 1377/1392/307 1322/1329/307 1275/1246/657 1321/1328/656
f 1378/1393/999 1323/1330/957 1324/1331/958 1337/1394/962
f 1326/1333/960 1379/1395/1000 1327/1334/961 1276/1249/912
f 1328/1335/657 1277/1250/913 1327/1334/961 1380/1396/656
f 1278/1251/657 1328/1335/657 1754/1397/307 1756/1336/307
f 1329/1398/783 1382/1399/1001 1342/1350/971 1286/1349/783
f 1279/1256/917 1330/1255/916 1430/1400/1002 1331/1257/918
f 1333/1258/918 1383/1401/1003 1384/1342/965 1281/1259/918
f 1282/1264/921 1336/1344/967 1407/1402/1004 1335/1302/947
f 1385/1403/1005 1386/1404/1006 1336/1405/967 1334/1406/966
f 1283/1407/963 1387/1408/1007 1378/1393/999 1337/1394/962
f 1338/1267/924 1388/1409/1008 1439/1410/1008 1403/1411/1009 1438/1412/1010 1494/1413/1011 1434/1414/1012 1339/1345/968
f 1339/1415/968 1389/1416/1013 1390/1417/1014 1340/1418/969
f 1340/1418/969 1390/1417/1014 1387/1408/1007 1283/1407/963
f 1236/1266/923 1391/1347/970 1353/1368/984 1403/1411/1009 1439/1410/1008 1388/1409/1008 1338/1267/924
f 1349/1361/979 1350/1362/690 1759/1419/307 1347/1359/977
f 1287/1352/783 1343/1351/972 1394/1420/1015 1341/1421/782
f 1343/1351/972 1342/1350/971 1395/1422/1016 1396/1423/1017
f 1397/1354/973 1398/1424/1018 1345/1355/974 1289/1272/926
f 1345/1355/974 1399/1425/1019 1351/1426/980 1294/1356/936
f 1291/1276/929 1401/1358/976 1436/1427/1020 1346/1277/930
f 1348/1360/978 1393/1428/780 1401/1358/976 1293/1278/931
f 1352/1364/981 1295/1284/937 1351/1363/980 1402/1429/1021
f 1352/1364/981 1403/1411/1009 1353/1368/984 1296/1285/938
f 1354/1366/982 1358/1372/987 1355/1430/983 1297/1365/939
f 1356/1369/985 1299/1289/610 1355/1367/983 1357/1370/986
f 1298/1288/940 1353/1368/984 1391/1347/970 1354/1366/982
f 1358/1372/987 1301/1371/941 1357/1431/986 1355/1430/983
f 1302/1293/942 1358/1372/987 1354/1366/982 1391/1347/970
f 1303/1297/944 1359/1296/943 1405/1432/1022 1365/1381/993
f 1360/1373/988 1404/1433/1023 1405/1432/1022 1359/1296/943
f 1406/1434/1024 1362/1375/989 1361/1377/990 1407/1435/1004
f 1360/1373/988 1362/1375/989 1442/1436/1025 1404/1433/1023
f 1361/1378/990 1306/1301/947 1335/1302/947 1407/1402/1004
f 1364/1307/949 1363/1379/991 1443/1437/1026 1408/1438/1027
f 1366/1380/992 1365/1381/993 1444/1439/1028 1409/1440/1029
f 1307/1308/950 1364/1307/949 1408/1438/1027 1410/1441/1030
f 1260/1229/899 1307/1308/950 1410/1441/1030 1367/1309/951
f 1308/1310/952 1367/1309/951 1445/1442/1031 1411/1382/994
f 1412/1443/307 1369/1384/307 1322/1329/307 1377/1392/307 1413/1444/307 1414/1445/307 1415/1446/307
f 1371/1385/307 1417/1447/307 1370/1448/678 1313/1386/678
f 1418/1449/307 1371/1385/307 1314/1319/307 1372/1387/307
f 1419/1450/307 1372/1387/307 1369/1384/307 1412/1443/307
f 1373/1388/880 1420/1451/1032 1374/1389/996 1316/1322/906
f 1374/1389/996 1421/1452/1033 1375/1390/997 1317/1323/955
f 1368/1383/995 1411/1382/994 1376/1391/998
f 1413/1444/307 1377/1392/307 1321/1328/656 1376/1391/998
f 1378/1393/999 1422/1453/1034 1325/1332/959 1323/1330/957
f 1423/1454/1035 1326/1333/960 1325/1332/959 1422/1453/1034
f 1424/1455/1036 1379/1395/1000 1326/1333/960 1423/1454/1035
f 1327/1334/961 1379/1395/1000 1425/1456/998 1380/1396/656
f 1328/1335/657 1380/1396/656 1752/1457/307 1754/1397/307
f 1381/1458/783 1427/1459/1037 1382/1399/1001 1329/1398/783
f 1342/1350/971 1382/1399/1001 1428/1460/1038 1395/1422/1016
f 1332/1340/964 1429/1461/1039 1430/1462/1002 1330/1341/916
f 1331/1257/918 1430/1400/1002 1383/1401/1003 1333/1258/918
f 1375/1390/997 1431/1463/1040 1429/1461/1039 1332/1340/964
f 1334/1406/966 1384/1464/965 1465/1465/1041 1385/1403/1005
f 1432/1466/1042 1433/1467/1043 1386/1404/1006 1385/1403/1005
f 1386/1404/1006 1406/1434/1024 1407/1435/1004 1336/1405/967
f 1389/1416/1013 1339/1415/968 1434/1468/1012 1435/1469/1044
f 1394/1420/1015 1436/1427/1020 1392/1470/781 1341/1421/782
f 1436/1427/1020 1401/1358/976 1393/1428/780 1392/1470/781
f 1343/1351/972 1396/1423/1017 1400/1357/975 1394/1420/1015
f 1396/1423/1017 1395/1422/1016 1398/1424/1018 1397/1354/973
f 1290/1275/928 1400/1357/975 1396/1423/1017 1397/1354/973
f 1398/1424/1018 1437/1471/1045 1399/1425/1019 1345/1355/974
f 1351/1426/980 1399/1425/1019 1472/1472/1046 1402/1473/1021
f 1346/1277/930 1436/1427/1020 1394/1420/1015 1400/1357/975
f 1403/1411/1009 1352/1364/981 1402/1429/1021 1438/1412/1010
f 1405/1432/1022 1404/1433/1023 1473/1474/1047 1440/1475/1048
f 1441/1476/1049 1442/1436/1025 1362/1375/989 1406/1434/1024
f 1409/1440/1029 1443/1437/1026 1363/1379/991 1366/1380/992
f 1412/1443/307 1415/1446/307 1445/1442/1031 1446/1477/1050
f 1414/1445/307 1413/1444/307 1376/1391/998 1411/1382/994
f 1415/1446/307 1414/1445/307 1411/1382/994 1445/1442/1031
f 1417/1447/307 1448/1478/307 1416/1479/678 1370/1448/678
f 1417/1447/307 1371/1385/307 1418/1449/307 1449/1480/307
f 1450/1481/307 1418/1449/307 1372/1387/307 1419/1450/307
f 1419/1450/307 1412/1443/307 1410/1441/1030 1408/1438/1027
f 1421/1452/1033 1374/1389/996 1420/1451/1032 1451/1482/1051
f 1421/1452/1033 1452/1483/1052 1431/1463/1040 1375/1390/997
f 1422/1453/1034 1378/1393/999 1387/1408/1007 1453/1484/1053
f 1454/1485/1054 1423/1454/1035 1422/1453/1034 1453/1484/1053
f 1424/1455/1036 1423/1454/1035 1454/1485/1054 1455/1486/1055
f 1379/1395/1000 1424/1455/1036 1456/1487/734 1425/1456/998
f 1752/1457/307 1760/1488/307 1461/1489/1056 1426/1490/784
f 1426/1490/784 1462/1491/1057 1427/1459/1037 1381/1458/783
f 1382/1399/1001 1427/1459/1037 1463/1492/1058 1428/1460/1038
f 1395/1422/1016 1428/1460/1038 1437/1471/1045 1398/1424/1018
f 1431/1463/1040 1464/1493/1059 1466/1494/1060 1429/1461/1039
f 1384/1464/965 1383/1495/1003 1466/1494/1060 1465/1465/1041
f 1429/1461/1039 1466/1494/1060 1383/1495/1003 1430/1462/1002
f 1385/1403/1005 1465/1465/1041 1490/1496/1061 1432/1466/1042
f 1467/1497/1062 1468/1498/1063 1433/1467/1043 1432/1466/1042
f 1433/1467/1043 1441/1476/1049 1406/1434/1024 1386/1404/1006
f 1390/1417/1014 1469/1499/1064 1453/1484/1053 1387/1408/1007
f 1435/1469/1044 1470/1500/1065 1471/1501/1066 1389/1416/1013
f 1389/1416/1013 1471/1501/1066 1469/1499/1064 1390/1417/1014
f 1399/1425/1019 1437/1471/1045 1488/1502/1067 1472/1472/1046
f 1402/1473/1021 1472/1472/1046 1497/1503/1068 1438/1504/1010
f 1365/1381/993 1405/1432/1022 1440/1475/1048 1444/1439/1028
f 1474/1505/1069 1475/1506/1070 1442/1436/1025 1441/1476/1049
f 1404/1433/1023 1442/1436/1025 1475/1506/1070 1473/1474/1047
f 1450/1481/307 1419/1450/307 1408/1438/1027 1443/1437/1026
f 1476/1507/307 1477/1508/307 1409/1440/1029 1444/1439/1028
f 1477/1508/307 1450/1481/307 1443/1437/1026 1409/1440/1029
f 1367/1309/951 1410/1441/1030 1446/1477/1050 1445/1442/1031
f 1412/1443/307 1446/1477/1050 1410/1441/1030
f 1448/1478/307 1479/1509/307 1447/1510/756 1416/1479/678
f 1448/1478/307 1417/1447/307 1449/1480/307 1480/1511/307
f 1449/1480/307 1418/1449/307 1450/1481/307 1477/1508/307
f 1452/1483/1052 1421/1452/1033 1451/1482/1051 1481/1512/1071
f 1454/1485/1054 1453/1484/1053 1469/1499/1064 1482/1513/1072
f 1424/1455/1036 1455/1486/1055 1457/1514/1073 1456/1487/734
f 1458/1515/1074 1457/1514/1073 1455/1486/1055 1483/1516/1075
f 1483/1516/1075 1484/1517/1076 1459/1518/1077 1458/1515/1074
f 1484/1517/1076 1485/1519/1078 1460/1520/851 1459/1518/1077
f 1485/1519/1078 1486/1521/1079 1461/1489/1056 1460/1520/851
f 1486/1521/1079 1462/1491/1057 1426/1490/784 1461/1489/1056
f 1463/1492/1058 1427/1459/1037 1462/1491/1057 1487/1522/1080
f 1463/1492/1058 1488/1502/1067 1437/1471/1045 1428/1460/1038
f 1452/1483/1052 1489/1523/1081 1464/1493/1059 1431/1463/1040
f 1491/1524/1082 1467/1497/1062 1432/1466/1042 1490/1496/1061
f 1492/1525/1083 1493/1526/1084 1468/1498/1063 1467/1497/1062
f 1468/1498/1063 1474/1505/1069 1441/1476/1049 1433/1467/1043
f 1435/1469/1044 1434/1468/1012 1494/1527/1011 1495/1528/1085
f 1470/1500/1065 1435/1469/1044 1495/1528/1085 1496/1529/1086
f 1440/1475/1048 1473/1474/1047 1498/1530/452
f 1499/1531/307 1476/1507/307 1444/1439/1028 1440/1475/1048
f 1475/1506/1070 1474/1505/1069 1512/1532/1087 1500/1533/1088
f 1480/1511/307 1449/1480/307 1477/1508/307 1476/1507/307
f 1479/1509/307 1502/1534/307 1478/1237/787 1447/1510/756
f 1479/1509/307 1448/1478/307 1480/1511/307 1503/1535/307
f 1481/1512/1071 1504/1536/1089 1489/1523/1081 1452/1483/1052
f 1482/1513/1072 1483/1516/1075 1455/1486/1055 1454/1485/1054
f 1483/1516/1075 1482/1513/1072 1505/1537/1090 1484/1517/1076
f 1484/1517/1076 1505/1537/1090 1506/1538/1091 1485/1519/1078
f 1485/1519/1078 1506/1538/1091 1507/1539/1092 1486/1521/1079
f 1487/1522/1080 1462/1491/1057 1486/1521/1079 1507/1539/1092
f 1487/1522/1080 1508/1540/1093 1488/1502/1067 1463/1492/1058
f 1465/1465/1041 1466/1494/1060 1464/1493/1059 1490/1496/1061
f 1490/1496/1061 1464/1493/1059 1489/1523/1081 1491/1524/1082
f 1509/1541/1094 1492/1525/1083 1467/1497/1062 1491/1524/1082
f 1510/1542/783 1511/1543/784 1493/1526/1084 1492/1525/1083
f 1474/1505/1069 1468/1498/1063 1493/1526/1084 1512/1532/1087
f 1471/1501/1066 1505/1537/1090 1482/1513/1072 1469/1499/1064
f 1496/1529/1086 1507/1539/1092 1506/1538/1091 1470/1500/1065
f 1470/1500/1065 1506/1538/1091 1505/1537/1090 1471/1501/1066
f 1497/1503/1068 1495/1528/1085 1494/1527/1011 1438/1504/1010
f 1499/1531/307 1440/1475/1048 1498/1530/452
f 1513/1544/307 1499/1531/307 1498/1530/452 1473/1474/1047
f 1503/1535/307 1480/1511/307 1476/1507/307 1499/1531/307
f 1500/1533/1088 1473/1474/1047 1475/1506/1070
f 1777/1545/1095 1776/1235/904 1501/1238/780 1514/1546/781
f 1502/1534/307 1515/1547/307 1501/1238/780 1478/1237/787
f 1502/1534/307 1479/1509/307 1503/1535/307 1516/1548/307 1517/1549/307 1518/1550/307 1515/1547/307
f 1508/1540/1093 1487/1522/1080 1507/1539/1092 1496/1529/1086
f 1508/1540/1093 1497/1503/1068 1472/1472/1046 1488/1502/1067
f 1504/1536/1089 1509/1541/1094 1491/1524/1082 1489/1523/1081
f 1519/1551/782 1510/1542/783 1492/1525/1083 1509/1541/1094 1773/1552/1096 1779/1553/1096
f 1516/1548/307 1520/1554/307 1511/1543/784 1510/1542/783
f 1512/1532/1087 1493/1526/1084 1511/1543/784
f 1497/1503/1068 1508/1540/1093 1496/1529/1086 1495/1528/1085
f 1521/1555/307 1513/1544/307 1473/1474/1047 1500/1533/1088
f 1516/1548/307 1503/1535/307 1499/1531/307 1513/1544/307 1521/1555/307 1522/1556/307 1520/1554/307
f 1522/1556/307 1521/1555/307 1500/1533/1088 1512/1532/1087
f 1779/1553/1096 1777/1545/1095 1514/1546/781 1519/1551/782
f 1515/1547/307 1518/1550/307 1514/1546/781 1501/1238/780
f 1517/1549/307 1516/1548/307 1510/1542/783 1519/1551/782
f 1518/1550/307 1517/1549/307 1519/1551/782 1514/1546/781
f 1520/1554/307 1522/1556/307 1512/1532/1087 1511/1543/784
f 1584/1557/1097 1579/1558/1098 1530/1559/1099 1531/1560/1100
f 1589/1561/1101 1584/1557/1097 1531/1560/1100 1534/1562/1102
f 1579/1558/1098 1574/1563/1103 1529/1564/1104 1530/1559/1099
f 1594/1565/1105 1589/1561/1101 1534/1562/1102 1538/1566/1106
f 1574/1563/1103 1569/1567/1107 1533/1568/1108 1529/1564/1104
f 1599/1569/1109 1594/1565/1105 1538/1566/1106 1539/1570/1110
f 1654/754/606 1649/1571/1111 1532/1572/1112 1545/751/603
f 1569/1567/1107 1564/1573/1113 1537/1574/1114 1533/1568/1108
f 1629/710/583 1604/1575/1115 1599/1569/1109 1539/1570/1110 1540/711/584
f 1649/1571/1111 1644/1576/1116 1535/1577/1117 1532/1572/1112
f 1559/1578/1118 1554/675/566 1542/674/565 1543/1579/1119
f 1564/1573/1113 1559/1578/1118 1543/1579/1119 1537/1574/1114
f 1660/1580/1120 781/646/553 751/615/530 1659/1581/1120 1663/1582/1121 1664/1583/1121
f 1625/1584/1122 1634/709/582 1548/712/585 1544/1585/1123
f 1639/1586/1124 1625/1584/1122 1544/1585/1123 1546/1587/1125
f 811/708/563 812/678/569 781/646/553 1660/1580/1120 1669/1588/1126 1668/1589/1126 1667/1590/1126 1666/1591/1126 1661/1592/1126 780/672/563
f 1644/1576/1116 1639/1586/1124 1546/1587/1125 1535/1577/1117
f 1523/1593/1127 1524/1594/1127 1525/1595/1127
f 1526/1596/1128 1527/1597/452 1528/1598/452
f 1665/1599/1129 1550/1600/1130 1555/1601/1131 1560/1602/1132 1565/1603/1133 1570/1604/1134 1575/1605/1135 1580/1606/1136 1585/1607/1137 1590/1608/1138 1595/1609/1139 1600/1610/1140 1605/1611/1141 1659/1612/1120 1682/1613/1129 1681/1614/1129 1680/1615/1129 1679/1616/1129 1678/1617/1129 1677/1618/1129 1676/1619/1129 1675/1620/1129 1674/1621/1129 1673/1622/1129 1672/1623/1129 1671/1624/1129
f 1615/1625/1142 1609/753/605 1541/752/604 1547/1626/1143
f 1619/677/568 1615/1625/1142 1547/1626/1143 1536/673/564
f 1549/676/567 1554/675/566 1556/1627/1144 1551/1628/1145
f 1551/1628/1145 1556/1627/1144 1557/1629/1146 1552/1630/1147
f 1552/1630/1147 1557/1629/1146 1558/1631/1148 1553/1632/1149
f 1553/1632/1149 1558/1631/1148 1555/1601/1131 1550/1600/1130
f 1554/675/566 1559/1578/1118 1561/1633/1150 1556/1627/1144
f 1556/1627/1144 1561/1633/1150 1562/1634/1151 1557/1629/1146
f 1557/1629/1146 1562/1634/1151 1563/1635/1152 1558/1631/1148
f 1558/1631/1148 1563/1635/1152 1560/1602/1132 1555/1601/1131
f 1559/1578/1118 1564/1573/1113 1566/1636/1153 1561/1633/1150
f 1561/1633/1150 1566/1636/1153 1567/1637/1154 1562/1634/1151
f 1562/1634/1151 1567/1637/1154 1568/1638/1155 1563/1635/1152
f 1563/1635/1152 1568/1638/1155 1565/1603/1133 1560/1602/1132
f 1564/1573/1113 1569/1567/1107 1571/1639/1156 1566/1636/1153
f 1566/1636/1153 1571/1639/1156 1572/1640/1157 1567/1637/1154
f 1567/1637/1154 1572/1640/1157 1573/1641/1158 1568/1638/1155
f 1568/1638/1155 1573/1641/1158 1570/1604/1134 1565/1603/1133
f 1569/1567/1107 1574/1563/1103 1576/1642/1159 1571/1639/1156
f 1571/1639/1156 1576/1642/1159 1577/1643/1160 1572/1640/1157
f 1572/1640/1157 1577/1643/1160 1578/1644/1161 1573/1641/1158
f 1573/1641/1158 1578/1644/1161 1575/1605/1135 1570/1604/1134
f 1574/1563/1103 1579/1558/1098 1581/1645/1162 1576/1642/1159
f 1576/1642/1159 1581/1645/1162 1582/1646/1163 1577/1643/1160
f 1577/1643/1160 1582/1646/1163 1583/1647/1164 1578/1644/1161
f 1578/1644/1161 1583/1647/1164 1580/1606/1136 1575/1605/1135
f 1579/1558/1098 1584/1557/1097 1586/1648/1165 1581/1645/1162
f 1581/1645/1162 1586/1648/1165 1587/1649/1166 1582/1646/1163
f 1582/1646/1163 1587/1649/1166 1588/1650/1167 1583/1647/1164
f 1583/1647/1164 1588/1650/1167 1585/1607/1137 1580/1606/1136
f 1584/1557/1097 1589/1561/1101 1591/1651/1168 1586/1648/1165
f 1586/1648/1165 1591/1651/1168 1592/1652/1169 1587/1649/1166
f 1587/1649/1166 1592/1652/1169 1593/1653/1170 1588/1650/1167
f 1588/1650/1167 1593/1653/1170 1590/1608/1138 1585/1607/1137
f 1589/1561/1101 1594/1565/1105 1596/1654/1171 1591/1651/1168
f 1591/1651/1168 1596/1654/1171 1597/1655/1172 1592/1652/1169
f 1592/1652/1169 1597/1655/1172 1598/1656/1173 1593/1653/1170
f 1593/1653/1170 1598/1656/1173 1595/1609/1139 1590/1608/1138
f 1594/1565/1105 1599/1569/1109 1601/1657/1174 1596/1654/1171
f 1596/1654/1171 1601/1657/1174 1602/1658/1175 1597/1655/1172
f 1597/1655/1172 1602/1658/1175 1603/1659/1176 1598/1656/1173
f 1598/1656/1173 1603/1659/1176 1600/1610/1140 1595/1609/1139
f 1599/1569/1109 1604/1575/1115 1606/1660/1177 1601/1657/1174
f 1601/1657/1174 1606/1660/1177 1607/1661/1178 1602/1658/1175
f 1602/1658/1175 1607/1661/1178 1608/1662/1179 1603/1659/1176
f 1603/1659/1176 1608/1662/1179 1605/1611/1141 1600/1610/1140
f 1615/1625/1142 1619/677/568 1621/1663/1180 1618/1664/1181
f 1618/1664/1181 1621/1663/1180 1622/1665/1182 1617/1666/1183
f 1617/1666/1183 1622/1665/1182 1623/1667/1184 1616/1668/1185
f 1616/1668/1185 1623/1667/1184 1620/1669/1186 1614/1670/1187
f 1619/677/568 1549/676/567 1551/1628/1145 1621/1663/1180
f 1621/1663/1180 1551/1628/1145 1552/1630/1147 1622/1665/1182
f 1622/1665/1182 1552/1630/1147 1553/1632/1149 1623/1667/1184
f 1623/1667/1184 1553/1632/1149 1550/1600/1130 1620/1669/1186
f 1604/1575/1115 1629/710/583 1631/1671/1188 1606/1660/1177
f 1606/1660/1177 1631/1671/1188 1632/1672/1189 1607/1661/1178
f 1607/1661/1178 1632/1672/1189 1633/1673/1190 1608/1662/1179
f 1608/1662/1179 1633/1673/1190 1630/1674/1191 1605/1611/1141
f 1629/710/583 1634/709/582 1636/1675/1192 1631/1671/1188
f 1631/1671/1188 1636/1675/1192 1637/1676/1193 1632/1672/1189
f 1632/1672/1189 1637/1676/1193 1638/1677/1194 1633/1673/1190
f 1633/1673/1190 1638/1677/1194 1635/1678/1195 1630/1674/1191
f 1625/1584/1122 1639/1586/1124 1641/1679/1196 1628/1680/1197
f 1628/1680/1197 1641/1679/1196 1642/1681/1198 1627/1682/1199
f 1627/1682/1199 1642/1681/1198 1643/1683/1200 1626/1684/1201
f 1626/1684/1201 1643/1683/1200 1640/1685/1202 1624/1686/1203
f 1639/1586/1124 1644/1576/1116 1646/1687/1204 1641/1679/1196
f 1641/1679/1196 1646/1687/1204 1647/1688/1205 1642/1681/1198
f 1642/1681/1198 1647/1688/1205 1648/1689/1206 1643/1683/1200
f 1643/1683/1200 1648/1689/1206 1645/1690/1207 1640/1685/1202
f 1644/1576/1116 1649/1571/1111 1651/1691/1208 1646/1687/1204
f 1646/1687/1204 1651/1691/1208 1652/1692/1209 1647/1688/1205
f 1647/1688/1205 1652/1692/1209 1653/1693/1210 1648/1689/1206
f 1648/1689/1206 1653/1693/1210 1650/1694/1211 1645/1690/1207
f 1649/1571/1111 1654/754/606 1656/1695/1212 1651/1691/1208
f 1651/1691/1208 1656/1695/1212 1657/1696/1213 1652/1692/1209
f 1652/1692/1209 1657/1696/1213 1658/1697/1214 1653/1693/1210
f 1653/1693/1210 1658/1697/1214 1655/1698/1215 1650/1694/1211
f 1654/754/606 1609/753/605 1611/1699/1216 1656/1695/1212
f 1656/1695/1212 1611/1699/1216 1612/1700/1217 1657/1696/1213
f 1657/1696/1213 1612/1700/1217 1613/1701/1218 1658/1697/1214
f 1658/1697/1214 1613/1701/1218 1610/1702/1219 1655/1698/1215
f 1634/709/582 1625/1584/1122 1628/1680/1197 1636/1675/1192
f 1636/1675/1192 1628/1680/1197 1627/1682/1199 1637/1676/1193
f 1637/1676/1193 1627/1682/1199 1626/1684/1201 1638/1677/1194
f 1638/1677/1194 1626/1684/1201 1624/1686/1203 1635/1678/1195
f 1609/753/605 1615/1625/1142 1618/1664/1181 1611/1699/1216
f 1611/1699/1216 1618/1664/1181 1617/1666/1183 1612/1700/1217
f 1612/1700/1217 1617/1666/1183 1616/1668/1185 1613/1701/1218
f 1613/1701/1218 1616/1668/1185 1614/1670/1187 1610/1702/1219
f 1661/1703/1126 1610/1702/1219 1614/1670/1187 1620/1669/1186 1550/1600/1130 1665/1599/1129 1670/1704/1220 1662/1705/1220
f 1661/1703/1126 1666/1706/1126 1667/1707/1126 1668/1708/1126 1669/1709/1126 1660/1710/1120 1624/1686/1203 1640/1685/1202 1645/1690/1207 1650/1694/1211 1655/1698/1215 1610/1702/1219
f 1624/1686/1203 1660/1710/1120 1664/1711/1121 1663/1712/1121 1659/1612/1120 1605/1611/1141 1630/1674/1191 1635/1678/1195
f 780/672/563 1661/1592/1126 1662/1713/1220 1670/1714/1220 1665/1715/1129 750/645/529
f 750/645/529 1665/1715/1129 1671/1716/1129 1672/1717/1129 1673/1718/1129 1674/1719/1129 1675/1720/1129 1676/1721/1129 1677/1722/1129 1678/1723/1129 1679/1724/1129 1680/1725/1129 1681/1726/1129 1682/1727/1129 1659/1581/1120 751/615/530 727/590/530 726/614/529
f 243/53/127 1530/1559/1099 1529/1564/1104 242/52/126
f 242/52/126 1529/1564/1104 1533/1568/1108 265/72/146
f 265/72/146 1533/1568/1108 1537/1574/1114 289/94/168
f 289/94/168 1537/1574/1114 1543/1579/1119 318/118/192
f 318/118/192 1543/1579/1119 1542/674/565 317/167/241
f 317/167/241 1542/674/565 1536/673/564 288/166/240
f 288/166/240 1536/673/564 1547/1626/1143 352/198/272
f 352/198/272 1547/1626/1143 1541/752/604 316/197/271
f 316/197/271 1541/752/604 1545/751/603 351/165/239
f 351/165/239 1545/751/603 1532/1572/1112 261/117/191
f 261/117/191 1532/1572/1112 1535/1577/1117 287/114/188
f 287/114/188 1535/1577/1117 1546/1587/1125 346/160/234
f 346/160/234 1546/1587/1125 1544/1585/1123 345/191/265
f 345/191/265 1544/1585/1123 1548/712/585 375/220/294
f 375/220/294 1548/712/585 1540/711/584 313/190/264
f 313/190/264 1540/711/584 1539/1570/1110 312/159/233
f 312/159/233 1539/1570/1110 1538/1566/1106 311/113/187
f 311/113/187 1538/1566/1106 1534/1562/1102 286/92/166
f 286/92/166 1534/1562/1102 1531/1560/1100 259/71/145
f 259/71/145 1531/1560/1100 1530/1559/1099 243/53/127
f 1698/1728/440 1686/377/440 300/147/221
f 252/106/180 1685/385/440 1687/386/440
f 1691/390/440 1698/1728/440 300/147/221
f 1691/390/440 234/47/121 1695/392/440
f 1684/380/440 1689/376/440 330/174/248
f 467/321/388 471/324/391 1686/377/440 1698/1728/440
f 277/107/181 1683/384/440 1697/381/440 330/174/248
f 1685/385/440 278/148/222 1696/391/440
f 479/330/397 1685/385/440 1696/391/440 475/327/394
f 1694/383/440 234/47/121 233/46/120
f 301/131/205 1700/373/440 1690/375/440
f 523/367/434 527/370/437 1689/376/440 1684/380/440
f 301/131/205 1689/376/440 1701/374/440 1700/373/440
f 1697/381/440 1684/380/440 330/174/248
f 277/107/181 1688/379/440 1683/384/440
f 463/318/385 467/321/388 1698/1728/440 1691/390/440
f 278/148/222 1686/377/440 1696/391/440
f 277/107/181 1693/378/440 1688/379/440
f 1687/386/440 1692/387/440 252/106/180
f 1695/392/440 234/47/121 1702/382/440
f 1699/393/440 1694/383/440 233/46/120
f 455/312/379 1702/382/440 1694/383/440 431/294/361
f 511/358/425 1693/378/440 1692/387/440 487/339/406
f 277/107/181 252/106/180 1693/378/440
f 1693/378/440 252/106/180 1692/387/440
f 1690/375/440 422/291/358 427/290/357 1699/393/440
f 233/46/120 1690/375/440 1699/393/440
f 301/131/205 1690/375/440 233/46/120
f 411/268/336 413/273/340 1714/1729/307
f 405/253/324 1711/1730/307 1713/1731/1221 402/248/320
f 409/263/332 411/268/336 1704/256/307 1705/251/307
f 409/263/332 1705/251/307 1707/246/307 407/258/328
f 1725/1732/1222 401/237/310 402/248/320 1713/1731/1221
f 405/253/324 407/258/328 1711/1730/307
f 262/240/313 263/239/312 1712/1733/1223
f 418/281/348 419/279/346 1731/1734/307
f 413/273/340 415/277/344 1715/1735/307 1714/1729/307
f 407/258/328 1707/246/307 1703/233/307 1711/1730/307
f 264/242/315 262/240/313 1712/1733/1223 1706/372/439
f 1724/228/302 1725/1732/1222 1713/1731/1221 1709/229/303
f 1711/1730/307 1703/233/307 1709/229/303 1713/1731/1221
f 1714/1729/307 1715/1735/307 1708/1736/307 1710/1737/307
f 1704/256/307 411/268/336 1714/1729/307 1710/1737/307
f 1731/1734/307 419/279/346 420/275/342 1730/1738/307
f 1730/1738/307 420/275/342 421/270/338 1729/271/307
f 1710/1737/307 1708/1736/307 1717/266/307 1716/261/307
f 1704/256/307 1710/1737/307 1716/261/307 408/245/318
f 397/135/209 1723/227/301 1719/230/304 398/136/210
f 404/226/300 399/224/298 1718/234/307
f 1718/234/307 399/224/298 398/136/210 1719/230/304
f 1715/1735/307 1721/1739/307 1720/1740/307 1708/1736/307
f 1708/1736/307 1720/1740/307 1722/1741/307 1717/266/307
f 1717/266/307 1722/1741/307 414/260/330 412/255/326
f 415/277/344 417/282/349 1721/1739/307 1715/1735/307
f 1727/1742/1224 1726/1743/1225 1724/228/302 1723/227/301
f 397/135/209 403/285/352 1727/1742/1224 1723/227/301
f 1728/1744/1226 400/238/311 401/237/310 1725/1732/1222
f 1726/1743/1225 1728/1744/1226 1725/1732/1222 1724/228/302
f 1706/372/439 1712/1733/1223 1728/1744/1226 1726/1743/1225
f 260/371/438 1706/372/439 1726/1743/1225 1727/1742/1224
f 403/285/352 260/371/438 1727/1742/1224
f 1712/1733/1223 263/239/312 400/238/311 1728/1744/1226
f 1721/1739/307 1731/1734/307 1730/1738/307 1720/1740/307
f 1720/1740/307 1730/1738/307 1729/271/307 1722/1741/307
f 1722/1741/307 1729/271/307 416/265/334 414/260/330
f 417/282/349 418/281/348 1731/1734/307 1721/1739/307
f 358/172/246 385/204/278 1751/208/282 1745/205/279
f 387/211/285 367/214/288 1749/182/256 1750/212/286
f 304/389/442 1748/144/218 1750/212/286 368/213/287
f 331/178/252 1747/138/212 1751/208/282 385/204/278
f 325/126/200 358/172/246 1745/205/279 1746/173/247
f 367/214/288 335/185/259 1743/145/219 1749/182/256
f 336/184/258 360/149/223 1744/175/249 1742/146/220
f 360/149/223 299/85/159 1739/132/206 1744/175/249
f 298/101/175 325/126/200 1746/173/247 1737/130/204
f 335/185/259 336/184/258 1742/146/220 1743/145/219
f 252/106/180 1741/105/179 1748/144/218 304/389/442
f 302/140/214 1740/104/178 1747/138/212 331/178/252
f 328/176/250 1739/132/206 1736/84/158 275/388/441
f 273/81/155 298/101/175 1737/130/204 1738/102/176
f 302/140/214 303/139/213 1741/105/179 1740/104/178
f 249/58/132 273/81/155 1738/102/176 1734/82/156
f 275/388/441 1736/84/158 1733/44/118 234/47/121
f 249/58/132 1734/82/156 1735/59/133 232/43/117
f 232/43/117 1735/59/133 1732/45/119 219/30/104
f 220/31/105 219/30/104 1732/45/119 1733/44/118
f 1347/1359/977 1759/1419/307 1393/1428/780 1348/1360/978
f 1755/1270/307 1757/1269/307 1286/1349/783 1287/1352/783
f 1753/1348/307 1755/1270/307 1287/1352/783 1341/1421/782
f 1757/1269/307 1756/1336/307 1329/1398/783 1286/1349/783
f 1756/1336/307 1754/1397/307 1381/1458/783 1329/1398/783
f 1754/1397/307 1752/1457/307 1426/1490/784 1381/1458/783
f 1380/1396/656 1425/1456/998 1760/1488/307 1752/1457/307
f 1758/1745/307 1753/1348/307 1341/1421/782 1392/1470/781
f 1344/1353/652 1288/1271/651 1753/1348/307 1758/1745/307
f 1759/1419/307 1758/1745/307 1392/1470/781 1393/1428/780
f 1350/1362/690 1344/1353/652 1758/1745/307 1759/1419/307
f 1760/1488/307 1761/1746/307 1460/1520/851 1461/1489/1056
f 1425/1456/998 1456/1487/734 1761/1746/307 1760/1488/307
f 1761/1746/307 1458/1515/1074 1459/1518/1077 1460/1520/851
f 1456/1487/734 1457/1514/1073 1458/1515/1074 1761/1746/307
f 1778/1236/905 1769/1747/1227 1447/1510/756 1478/1237/787
f 1416/1479/678 1768/1748/1228 1767/1749/1228 1370/1448/678
f 1764/1750/1228 1763/1751/1228 1767/1749/1228 1768/1748/1228
f 1763/1751/1228 1771/1752/1228 1770/1753/1228 1767/1749/1228
f 1771/1752/1228 1762/1754/1228 1766/1755/1228 1770/1753/1228
f 1315/1321/880 1268/1239/880 1771/1752/1228 1763/1751/1228
f 1767/1749/1228 1770/1753/1228 1313/1386/678 1370/1448/678
f 1770/1753/1228 1766/1755/1228 1267/1320/678 1313/1386/678
f 1769/1747/1227 1768/1748/1228 1416/1479/678 1447/1510/756
f 1765/1756/1227 1764/1750/1228 1768/1748/1228 1769/1747/1227
f 1420/1451/1032 1373/1388/880 1764/1750/1228 1765/1756/1227
f 1212/1199/880 1211/1198/879 1791/1757/1229 1790/1758/1230 1762/1754/1228
f 1211/1198/879 1163/1141/839 1787/1234/903 1790/1758/1230 1791/1757/1229
f 1509/1541/1094 1504/1536/1089 1775/1759/1095 1773/1552/1096
f 1504/1536/1089 1481/1512/1071 1772/1760/904 1775/1759/1095
f 1481/1512/1071 1451/1482/1051 1774/1761/905 1772/1760/904
f 1451/1482/1051 1420/1451/1032 1765/1756/1227 1774/1761/905
f 1772/1760/904 1774/1761/905 1778/1236/905 1776/1235/904
f 1773/1552/1096 1775/1759/1095 1777/1545/1095 1779/1553/1096
f 1775/1759/1095 1772/1760/904 1776/1235/904 1777/1545/1095
f 1774/1761/905 1765/1756/1227 1769/1747/1227 1778/1236/905
f 1273/1247/651 1274/1326/652 1785/1762/910 1783/1248/909
f 1782/1763/1231 1785/1762/910 1274/1326/652 1264/1316/690
f 1766/1755/1228 1784/1764/1229 1266/1318/698 1267/1320/678
f 1784/1764/1229 1780/1765/1232 1265/1315/954 1266/1318/698
f 1783/1248/909 1785/1762/910 1792/1244/910 1793/1243/909
f 1762/1754/1228 1790/1758/1230 1784/1764/1229 1766/1755/1228
f 1789/1245/911 1792/1244/910 1785/1762/910 1782/1763/1231
f 1786/1233/903 1788/1232/902 1789/1245/911 1782/1763/1231 1780/1765/1232 1781/1766/903
f 1790/1758/1230 1787/1234/903 1786/1233/903 1781/1766/903 1780/1765/1232 1784/1764/1229
f 1780/1765/1232 1782/1763/1231 1264/1316/690 1265/1315/954
f 1373/1388/880 1315/1321/880 1763/1751/1228 1764/1750/1228
f 1268/1239/880 1212/1199/880 1762/1754/1228 1771/1752/1228
o Cube.007_Cube.006
v 2.071722 0.793038 -0.024918
v 2.070401 0.793708 -0.024373
v 2.071536 0.793708 -0.018598
v 2.072964 0.793038 -0.018598
v 2.068191 0.793038 -0.030203
v 2.067181 0.793708 -0.029192
v 2.062905 0.793038 -0.033735
v 2.062358 0.793708 -0.032415
v 2.056532 0.793038 -0.035003
v 2.056394 0.793708 -0.033601
v 2.062905 0.793038 -0.003461
v 2.062358 0.793708 -0.004781
v 2.056394 0.793708 -0.003595
v 2.056532 0.793038 -0.002193
v 2.068191 0.793038 -0.006993
v 2.067181 0.793708 -0.008004
v 2.071722 0.793038 -0.012278
v 2.070401 0.793708 -0.012823
v 2.056184 0.795037 -0.005726
v 2.056308 0.794535 -0.004467
v 2.056227 0.794970 -0.005291
v 2.056273 0.794786 -0.004830
v 2.069364 0.795037 -0.018598
v 2.070647 0.794535 -0.018598
v 2.069806 0.794970 -0.018598
v 2.070276 0.794786 -0.018598
v 2.062018 0.794535 -0.005603
v 2.061527 0.795037 -0.006789
v 2.061876 0.794786 -0.005946
v 2.061696 0.794970 -0.006380
v 2.066552 0.794535 -0.008633
v 2.065644 0.795037 -0.009540
v 2.066289 0.794786 -0.008895
v 2.065958 0.794970 -0.009227
v 2.069579 0.794535 -0.013163
v 2.068393 0.795037 -0.013653
v 2.069236 0.794786 -0.013304
v 2.068801 0.794970 -0.013484
v 2.056308 0.794535 -0.032729
v 2.056184 0.795037 -0.031470
v 2.056273 0.794786 -0.032366
v 2.056227 0.794970 -0.031905
v 2.069579 0.794535 -0.024033
v 2.068393 0.795037 -0.023543
v 2.069236 0.794786 -0.023892
v 2.068801 0.794969 -0.023712
v 2.066552 0.794535 -0.028563
v 2.065644 0.795037 -0.027656
v 2.066289 0.794786 -0.028301
v 2.065958 0.794969 -0.027969
v 2.062018 0.794535 -0.031593
v 2.061527 0.795037 -0.030407
v 2.061876 0.794786 -0.031250
v 2.061697 0.794969 -0.030816
v 2.073043 0.792473 -0.025464
v 2.072814 0.792777 -0.025369
v 2.072974 0.792665 -0.025435
v 2.074145 0.792777 -0.018598
v 2.074393 0.792473 -0.018598
v 2.074318 0.792665 -0.018598
v 2.069201 0.792473 -0.031213
v 2.069026 0.792777 -0.031038
v 2.069149 0.792665 -0.031161
v 2.063452 0.792473 -0.035055
v 2.063357 0.792777 -0.034826
v 2.063423 0.792665 -0.034986
v 2.056670 0.792473 -0.036404
v 2.056646 0.792777 -0.036161
v 2.056663 0.792665 -0.036332
v 2.063452 0.792473 -0.002141
v 2.063357 0.792777 -0.002370
v 2.063423 0.792665 -0.002210
v 2.056646 0.792777 -0.001035
v 2.056670 0.792473 -0.000792
v 2.056663 0.792665 -0.000864
v 2.069201 0.792473 -0.005983
v 2.069026 0.792777 -0.006158
v 2.069149 0.792665 -0.006035
v 2.073043 0.792473 -0.011732
v 2.072814 0.792777 -0.011827
v 2.072974 0.792665 -0.011761
v 2.072446 -1.622139 -0.018598
v 2.074393 -1.620229 -0.018598
v 2.073190 -1.621994 -0.018598
v 2.073822 -1.621580 -0.018598
v 2.074244 -1.620960 -0.018598
v 2.056670 -1.620229 -0.000792
v 2.056482 -1.622139 -0.002702
v 2.056656 -1.620960 -0.000937
v 2.056615 -1.621580 -0.001351
v 2.056554 -1.621994 -0.001971
v 2.071243 -1.622139 -0.012476
v 2.073043 -1.620229 -0.011732
v 2.071932 -1.621994 -0.012191
v 2.072516 -1.621580 -0.011950
v 2.072906 -1.620960 -0.011789
v 2.067824 -1.622139 -0.007360
v 2.069201 -1.620229 -0.005983
v 2.068351 -1.621994 -0.006833
v 2.068798 -1.621580 -0.006386
v 2.069097 -1.620960 -0.006088
v 2.062707 -1.622139 -0.003940
v 2.063452 -1.620229 -0.002141
v 2.062992 -1.621994 -0.003252
v 2.063234 -1.621580 -0.002668
v 2.063395 -1.620960 -0.002278
v 2.056482 -1.622139 -0.034494
v 2.056670 -1.620229 -0.036404
v 2.056554 -1.621994 -0.035225
v 2.056615 -1.621580 -0.035845
v 2.056656 -1.620960 -0.036259
v 2.062707 -1.622139 -0.033256
v 2.063452 -1.620229 -0.035055
v 2.062992 -1.621994 -0.033944
v 2.063234 -1.621580 -0.034528
v 2.063395 -1.620960 -0.034918
v 2.067824 -1.622139 -0.029836
v 2.069201 -1.620229 -0.031213
v 2.068351 -1.621994 -0.030363
v 2.068798 -1.621580 -0.030810
v 2.069097 -1.620960 -0.031109
v 2.073043 -1.620229 -0.025464
v 2.071243 -1.622139 -0.024721
v 2.072906 -1.620960 -0.025407
v 2.072516 -1.621580 -0.025246
v 2.071932 -1.621994 -0.025005
v -2.071722 0.793038 -0.024918
v -2.070401 0.793708 -0.024373
v -2.071536 0.793708 -0.018598
v -2.072964 0.793038 -0.018598
v 0.000000 0.793038 -0.002193
v 0.000000 0.793708 -0.003595
v 0.000000 0.793708 -0.033601
v 0.000000 0.793038 -0.035003
v -2.068191 0.793038 -0.030203
v -2.067181 0.793708 -0.029192
v -2.062905 0.793038 -0.033735
v -2.062358 0.793708 -0.032415
v -2.056532 0.793038 -0.035003
v -2.056394 0.793708 -0.033601
v -2.062905 0.793038 -0.003461
v -2.062358 0.793708 -0.004781
v -2.056394 0.793708 -0.003595
v -2.056532 0.793038 -0.002193
v -2.068191 0.793038 -0.006993
v -2.067181 0.793708 -0.008004
v -2.071722 0.793038 -0.012278
v -2.070401 0.793708 -0.012823
v -2.056184 0.795037 -0.005726
v -2.056308 0.794535 -0.004467
v -2.056227 0.794970 -0.005291
v -2.056273 0.794786 -0.004830
v -2.069364 0.795037 -0.018598
v -2.070647 0.794535 -0.018598
v -2.069806 0.794970 -0.018598
v -2.070276 0.794786 -0.018598
v -2.062018 0.794535 -0.005603
v -2.061527 0.795037 -0.006789
v -2.061876 0.794786 -0.005946
v -2.061696 0.794970 -0.006380
v -2.066552 0.794535 -0.008633
v -2.065644 0.795037 -0.009540
v -2.066289 0.794786 -0.008895
v -2.065958 0.794970 -0.009227
v -2.069579 0.794535 -0.013163
v -2.068393 0.795037 -0.013653
v -2.069236 0.794786 -0.013304
v -2.068801 0.794970 -0.013484
v -2.056308 0.794535 -0.032729
v -2.056184 0.795037 -0.031470
v -2.056273 0.794786 -0.032366
v -2.056227 0.794970 -0.031905
v -2.069579 0.794535 -0.024033
v -2.068393 0.795037 -0.023543
v -2.069236 0.794786 -0.023892
v -2.068801 0.794969 -0.023712
v -2.066552 0.794535 -0.028563
v -2.065644 0.795037 -0.027656
v -2.066289 0.794786 -0.028301
v -2.065958 0.794969 -0.027969
v -2.062018 0.794535 -0.031593
v -2.061527 0.795037 -0.030407
v -2.061876 0.794786 -0.031250
v -2.061697 0.794969 -0.030816
v 0.000000 0.795037 -0.031470
v 0.000000 0.794535 -0.032729
v 0.000000 0.794970 -0.031887
v 0.000000 0.794786 -0.032348
v 0.000000 0.794535 -0.004467
v 0.000000 0.795037 -0.005726
v 0.000000 0.794786 -0.004848
v 0.000000 0.794970 -0.005309
v 0.000000 0.792777 -0.036161
v 0.000000 0.792473 -0.036404
v 0.000000 0.792722 -0.036155
v 0.000000 0.792665 -0.036333
v 0.000000 0.792473 -0.000792
v 0.000000 0.792777 -0.001035
v 0.000000 0.792722 -0.001140
v 0.000000 0.792665 -0.000863
v -2.073043 0.792473 -0.025464
v -2.072814 0.792777 -0.025369
v -2.072974 0.792665 -0.025435
v -2.074145 0.792777 -0.018598
v -2.074393 0.792473 -0.018598
v -2.074318 0.792665 -0.018598
v -2.069201 0.792473 -0.031213
v -2.069026 0.792777 -0.031038
v -2.069149 0.792665 -0.031161
v -2.063452 0.792473 -0.035055
v -2.063357 0.792777 -0.034826
v -2.063423 0.792665 -0.034986
v -2.056670 0.792473 -0.036404
v -2.056646 0.792777 -0.036161
v -2.056663 0.792665 -0.036332
v -2.063452 0.792473 -0.002141
v -2.063357 0.792777 -0.002370
v -2.063423 0.792665 -0.002210
v -2.056646 0.792777 -0.001035
v -2.056670 0.792473 -0.000792
v -2.056663 0.792665 -0.000864
v -2.069201 0.792473 -0.005983
v -2.069026 0.792777 -0.006158
v -2.069149 0.792665 -0.006035
v -2.073043 0.792473 -0.011732
v -2.072814 0.792777 -0.011827
v -2.072974 0.792665 -0.011761
v 0.000000 -1.620229 -0.036404
v 0.000000 -1.622139 -0.034494
v 0.000000 -1.620960 -0.036259
v 0.000000 -1.621580 -0.035845
v 0.000000 -1.621994 -0.035225
v 0.000000 -1.622139 -0.002702
v 0.000000 -1.620229 -0.000792
v 0.000000 -1.621994 -0.001971
v 0.000000 -1.621580 -0.001351
v 0.000000 -1.620960 -0.000937
v -2.072446 -1.622139 -0.018598
v -2.074393 -1.620229 -0.018598
v -2.073190 -1.621994 -0.018598
v -2.073822 -1.621580 -0.018598
v -2.074244 -1.620960 -0.018598
v -2.056670 -1.620229 -0.000792
v -2.056482 -1.622139 -0.002702
v -2.056656 -1.620960 -0.000937
v -2.056615 -1.621580 -0.001351
v -2.056554 -1.621994 -0.001971
v -2.071243 -1.622139 -0.012476
v -2.073043 -1.620229 -0.011732
v -2.071932 -1.621994 -0.012191
v -2.072516 -1.621580 -0.011950
v -2.072906 -1.620960 -0.011789
v -2.067824 -1.622139 -0.007360
v -2.069201 -1.620229 -0.005983
v -2.068351 -1.621994 -0.006833
v -2.068798 -1.621580 -0.006386
v -2.069097 -1.620960 -0.006088
v -2.062707 -1.622139 -0.003940
v -2.063452 -1.620229 -0.002141
v -2.062992 -1.621994 -0.003252
v -2.063234 -1.621580 -0.002668
v -2.063395 -1.620960 -0.002278
v -2.056482 -1.622139 -0.034494
v -2.056670 -1.620229 -0.036404
v -2.056554 -1.621994 -0.035225
v -2.056615 -1.621580 -0.035845
v -2.056656 -1.620960 -0.036259
v -2.062707 -1.622139 -0.033256
v -2.063452 -1.620229 -0.035055
v -2.062992 -1.621994 -0.033944
v -2.063234 -1.621580 -0.034528
v -2.063395 -1.620960 -0.034918
v -2.067824 -1.622139 -0.029836
v -2.069201 -1.620229 -0.031213
v -2.068351 -1.621994 -0.030363
v -2.068798 -1.621580 -0.030810
v -2.069097 -1.620960 -0.031109
v -2.073043 -1.620229 -0.025464
v -2.071243 -1.622139 -0.024721
v -2.072906 -1.620960 -0.025407
v -2.072516 -1.621580 -0.025246
v -2.071932 -1.621994 -0.025005
v 0.000000 0.792777 -0.036161
v 0.000000 0.792665 -0.036333
v 0.000000 0.792665 -0.036333
v 0.000000 0.792665 -0.036333
v 0.000000 0.792665 -0.036333
v 0.000000 0.792473 -0.036404
v 0.000000 0.792473 -0.000792
v 0.000000 0.792665 -0.000863
v 0.000000 0.792665 -0.000863
v 0.000000 0.792665 -0.000863
v 0.000000 0.792665 -0.000863
v 0.000000 0.792777 -0.001035
v 2.074318 0.792665 -0.018598
v 2.072974 0.792665 -0.025435
v 2.069149 0.792665 -0.031161
v 2.063423 0.792665 -0.034986
v 2.056663 0.792665 -0.036332
v 2.056663 0.792665 -0.000864
v 2.063423 0.792665 -0.002210
v 2.069149 0.792665 -0.006035
v 2.072974 0.792665 -0.011761
v -2.074318 0.792665 -0.018598
v -2.072974 0.792665 -0.025435
v -2.069149 0.792665 -0.031161
v -2.063423 0.792665 -0.034986
v -2.056663 0.792665 -0.036332
v -2.056663 0.792665 -0.000864
v -2.063423 0.792665 -0.002210
v -2.069149 0.792665 -0.006035
v -2.072974 0.792665 -0.011761
vn 0.0619 0.7772 0.6261
vn 0.0000 0.7799 0.6259
vn 0.0000 0.8240 0.5666
vn 0.0547 0.8297 0.5554
vn 0.0000 0.1769 -0.9842
vn 0.0965 0.1768 -0.9795
vn 0.0975 -0.0978 -0.9904
vn 0.0000 -0.0980 -0.9952
vn 0.2188 0.9509 -0.2189
vn 0.2860 0.9509 -0.1181
vn 0.3722 0.9153 -0.1537
vn 0.2849 0.9152 -0.2850
vn 0.1184 0.9509 -0.2859
vn 0.1542 0.9153 -0.3720
vn 0.0313 0.9474 -0.3183
vn 0.0390 0.9178 -0.3951
vn 0.3765 0.1789 -0.9090
vn 0.3808 -0.0985 -0.9194
vn 0.2188 0.9509 0.2189
vn 0.1184 0.9509 0.2860
vn 0.1542 0.9153 0.3719
vn 0.2850 0.9152 0.2849
vn 0.2860 0.9509 0.1181
vn 0.3723 0.9153 0.1537
vn 0.3099 0.9508 0.0000
vn 0.4025 0.9154 0.0000
vn 0.0313 0.9474 0.3183
vn 0.0000 0.9448 0.3275
vn 0.0000 0.9214 0.3885
vn 0.0390 0.9178 0.3950
vn 0.0965 0.1768 0.9795
vn 0.0975 -0.0978 0.9904
vn 0.3808 -0.0986 0.9194
vn 0.3764 0.1791 0.9089
vn 0.0000 0.9448 -0.3275
vn 0.0000 0.9214 -0.3885
vn 0.6955 0.1796 -0.6956
vn 0.7037 -0.0985 -0.7036
vn 0.6955 0.1799 0.6956
vn 0.7037 -0.0986 0.7036
vn 0.9198 -0.0986 0.3797
vn 0.9092 0.1800 0.3754
vn 0.9092 0.1799 -0.3754
vn 0.9198 -0.0986 -0.3797
vn 0.9951 -0.0986 0.0000
vn 0.9836 0.1801 0.0000
vn 0.4443 0.7780 -0.4443
vn 0.5807 0.7780 -0.2398
vn 0.5044 0.8379 -0.2083
vn 0.3860 0.8378 -0.3860
vn 0.0000 0.8240 -0.5666
vn 0.0547 0.8297 -0.5554
vn 0.2405 0.7778 0.5806
vn 0.2089 0.8378 0.5044
vn 0.6284 0.7779 0.0000
vn 0.5462 0.8376 0.0000
vn 0.5044 0.8379 0.2083
vn 0.0619 0.7772 -0.6261
vn 0.2405 0.7779 -0.5806
vn 0.2089 0.8378 -0.5043
vn 0.3860 0.8378 0.3860
vn 0.5807 0.7779 0.2398
vn 0.4443 0.7779 0.4443
vn 0.0000 0.7799 -0.6259
vn 0.0782 0.9964 -0.0323
vn 0.0845 0.9964 0.0000
vn 0.2714 0.9624 0.0000
vn 0.2510 0.9624 -0.1037
vn 0.4759 0.8795 0.0000
vn 0.4398 0.8795 -0.1816
vn 0.0598 0.9964 -0.0599
vn 0.1921 0.9624 -0.1921
vn 0.3364 0.8795 -0.3365
vn 0.0323 0.9964 -0.0782
vn 0.1040 0.9624 -0.2509
vn 0.1822 0.8794 -0.4397
vn 0.0079 0.9966 -0.0813
vn 0.0263 0.9630 -0.2680
vn 0.0467 0.8807 -0.4713
vn 0.0323 0.9964 0.0780
vn 0.0079 0.9966 0.0813
vn 0.0263 0.9630 0.2680
vn 0.1039 0.9624 0.2508
vn 0.0467 0.8807 0.4713
vn 0.1822 0.8794 0.4398
vn 0.0597 0.9964 0.0598
vn 0.1921 0.9624 0.1920
vn 0.3365 0.8795 0.3366
vn 0.0782 0.9964 0.0323
vn 0.2510 0.9624 0.1036
vn 0.4399 0.8795 0.1816
vn 0.0000 0.9969 0.0779
vn 0.0000 0.9644 0.2646
vn 0.0000 0.8839 0.4677
vn 0.0000 0.8839 -0.4677
vn 0.0000 0.9644 -0.2646
vn 0.0000 0.9969 -0.0779
vn 0.5409 0.8411 0.0000
vn 0.4998 0.8412 -0.2063
vn 0.8618 0.3616 -0.3558
vn 0.9322 0.3618 0.0000
vn 0.3828 0.8408 -0.3828
vn 0.6594 0.3610 -0.6594
vn 0.2072 0.8410 -0.4997
vn 0.3569 0.3596 -0.8621
vn 0.0534 0.8387 -0.5419
vn 0.0917 0.3517 -0.9316
vn 0.0534 0.8387 0.5419
vn 0.2071 0.8411 0.4996
vn 0.3569 0.3599 0.8620
vn 0.0917 0.3517 0.9316
vn 0.3829 0.8408 0.3828
vn 0.6592 0.3616 0.6593
vn 0.5000 0.8411 0.2064
vn 0.8617 0.3619 0.3558
vn 0.0000 0.8383 0.5452
vn 0.0000 0.3483 0.9374
vn 0.0000 0.1769 0.9842
vn 0.0000 0.3483 -0.9374
vn 0.0000 0.8383 -0.5452
vn 0.0000 -0.0980 0.9952
vn 0.0999 -0.9941 -0.0412
vn 0.0764 -0.9941 -0.0764
vn 0.2807 -0.9178 -0.2807
vn 0.3670 -0.9178 -0.1515
vn 0.5039 -0.7016 -0.5039
vn 0.6587 -0.7015 -0.2720
vn 0.6541 -0.3800 -0.6540
vn 0.8550 -0.3800 -0.3529
vn 0.0413 -0.9941 -0.0998
vn 0.1520 -0.9178 -0.3668
vn 0.2727 -0.7015 -0.6584
vn 0.3540 -0.3800 -0.8545
vn 0.0101 -0.9946 -0.1031
vn 0.0384 -0.9202 -0.3896
vn 0.0697 -0.7026 -0.7081
vn 0.0906 -0.3798 -0.9206
vn 0.0101 -0.9946 0.1031
vn 0.0413 -0.9941 0.0998
vn 0.1519 -0.9178 0.3668
vn 0.0384 -0.9202 0.3896
vn 0.2727 -0.7014 0.6584
vn 0.0697 -0.7027 0.7081
vn 0.3540 -0.3800 0.8546
vn 0.0907 -0.3798 0.9206
vn 0.0764 -0.9941 0.0764
vn 0.2807 -0.9178 0.2807
vn 0.5039 -0.7015 0.5039
vn 0.6541 -0.3800 0.6540
vn 0.0999 -0.9941 0.0412
vn 0.3670 -0.9178 0.1515
vn 0.6587 -0.7016 0.2719
vn 0.8550 -0.3800 0.3529
vn 0.1079 -0.9941 0.0000
vn 0.3969 -0.9178 0.0000
vn 0.7126 -0.7015 0.0000
vn 0.9250 -0.3800 0.0000
vn 0.0000 -0.9952 0.0980
vn 0.0000 -0.9239 0.3826
vn 0.0000 -0.7071 0.7071
vn 0.0000 -0.3826 0.9239
vn 0.0000 -0.3826 -0.9239
vn 0.0000 -0.7071 -0.7071
vn 0.0000 -0.9239 -0.3826
vn 0.0000 -0.9952 -0.0980
vn -0.0619 0.7772 0.6261
vn -0.0547 0.8297 0.5554
vn -0.0975 -0.0978 -0.9904
vn -0.0965 0.1768 -0.9795
vn -0.2188 0.9509 -0.2188
vn -0.2849 0.9152 -0.2850
vn -0.3722 0.9153 -0.1537
vn -0.2860 0.9509 -0.1181
vn -0.1184 0.9509 -0.2859
vn -0.1542 0.9153 -0.3720
vn -0.0313 0.9474 -0.3183
vn -0.0390 0.9178 -0.3950
vn -0.3765 0.1790 -0.9090
vn -0.3808 -0.0985 -0.9194
vn -0.2188 0.9509 0.2189
vn -0.2850 0.9152 0.2850
vn -0.1542 0.9153 0.3720
vn -0.1184 0.9509 0.2860
vn -0.2860 0.9509 0.1181
vn -0.3723 0.9153 0.1537
vn -0.3099 0.9508 0.0000
vn -0.4025 0.9154 0.0000
vn -0.0313 0.9474 0.3183
vn -0.0390 0.9178 0.3950
vn -0.0965 0.1768 0.9795
vn -0.3765 0.1790 0.9089
vn -0.3808 -0.0986 0.9193
vn -0.0975 -0.0978 0.9904
vn -0.6955 0.1798 -0.6956
vn -0.7037 -0.0985 -0.7036
vn -0.6955 0.1798 0.6956
vn -0.9092 0.1799 0.3754
vn -0.9198 -0.0985 0.3797
vn -0.7037 -0.0986 0.7036
vn -0.9092 0.1799 -0.3754
vn -0.9198 -0.0986 -0.3797
vn -0.9836 0.1800 0.0000
vn -0.9951 -0.0986 0.0000
vn -0.4443 0.7779 -0.4443
vn -0.3860 0.8378 -0.3860
vn -0.5044 0.8379 -0.2083
vn -0.5807 0.7779 -0.2398
vn -0.0547 0.8297 -0.5554
vn -0.2405 0.7778 0.5806
vn -0.2089 0.8378 0.5043
vn -0.5462 0.8376 0.0000
vn -0.6284 0.7778 0.0000
vn -0.5044 0.8379 0.2083
vn -0.0619 0.7772 -0.6261
vn -0.2089 0.8378 -0.5043
vn -0.2405 0.7778 -0.5806
vn -0.3860 0.8378 0.3860
vn -0.5807 0.7780 0.2398
vn -0.4443 0.7779 0.4443
vn -0.0782 0.9964 -0.0323
vn -0.2510 0.9624 -0.1036
vn -0.2714 0.9624 0.0000
vn -0.0845 0.9964 0.0000
vn -0.4398 0.8795 -0.1816
vn -0.4759 0.8795 0.0000
vn -0.0598 0.9964 -0.0598
vn -0.1921 0.9624 -0.1921
vn -0.3364 0.8795 -0.3365
vn -0.0323 0.9964 -0.0782
vn -0.1040 0.9624 -0.2509
vn -0.1822 0.8794 -0.4397
vn -0.0079 0.9966 -0.0813
vn -0.0263 0.9631 -0.2679
vn -0.0467 0.8807 -0.4713
vn -0.0323 0.9964 0.0780
vn -0.1039 0.9624 0.2508
vn -0.0263 0.9630 0.2680
vn -0.0079 0.9966 0.0813
vn -0.1822 0.8794 0.4398
vn -0.0467 0.8807 0.4713
vn -0.0597 0.9964 0.0597
vn -0.1920 0.9624 0.1920
vn -0.3365 0.8795 0.3365
vn -0.0782 0.9964 0.0323
vn -0.2510 0.9624 0.1036
vn -0.4398 0.8795 0.1816
vn 1.0000 0.0000 0.0000
vn -0.4998 0.8412 -0.2064
vn -0.5409 0.8411 0.0000
vn -0.8617 0.3617 -0.3558
vn -0.9323 0.3617 0.0000
vn -0.3828 0.8408 -0.3828
vn -0.6593 0.3612 -0.6593
vn -0.2072 0.8410 -0.4997
vn -0.3569 0.3597 -0.8621
vn -0.0534 0.8387 -0.5419
vn -0.0917 0.3518 -0.9316
vn -0.2071 0.8411 0.4996
vn -0.0534 0.8387 0.5419
vn -0.3569 0.3598 0.8620
vn -0.0917 0.3517 0.9316
vn -0.3828 0.8407 0.3828
vn -0.6593 0.3614 0.6593
vn -0.4999 0.8411 0.2065
vn -0.8617 0.3616 0.3558
vn -0.0999 -0.9941 -0.0412
vn -0.3670 -0.9178 -0.1515
vn -0.2807 -0.9178 -0.2807
vn -0.0764 -0.9941 -0.0764
vn -0.6587 -0.7016 -0.2719
vn -0.5039 -0.7016 -0.5039
vn -0.8549 -0.3800 -0.3529
vn -0.6540 -0.3800 -0.6540
vn -0.1519 -0.9178 -0.3668
vn -0.0413 -0.9941 -0.0998
vn -0.2727 -0.7015 -0.6584
vn -0.3540 -0.3800 -0.8546
vn -0.0384 -0.9202 -0.3896
vn -0.0101 -0.9946 -0.1030
vn -0.0697 -0.7026 -0.7081
vn -0.0906 -0.3798 -0.9206
vn -0.0101 -0.9946 0.1030
vn -0.0384 -0.9202 0.3896
vn -0.1519 -0.9178 0.3668
vn -0.0413 -0.9941 0.0998
vn -0.0697 -0.7026 0.7081
vn -0.2727 -0.7014 0.6585
vn -0.0907 -0.3798 0.9206
vn -0.3540 -0.3799 0.8546
vn -0.2807 -0.9178 0.2807
vn -0.0764 -0.9941 0.0764
vn -0.5039 -0.7015 0.5040
vn -0.6541 -0.3800 0.6540
vn -0.3670 -0.9178 0.1515
vn -0.0999 -0.9941 0.0412
vn -0.6587 -0.7016 0.2719
vn -0.8550 -0.3800 0.3529
vn -0.3969 -0.9178 0.0000
vn -0.1079 -0.9941 0.0000
vn -0.7126 -0.7016 0.0000
vn -0.9250 -0.3800 0.0000
usemtl Metal
s 1
f 1813//1233 1982//1234 1925//1235 1806//1236
f 1987//1237 1860//1238 1901//1239 2021//1240
f 1798//1241 1794//1242 1849//1243 1855//1244
f 1800//1245 1798//1241 1855//1244 1858//1246
f 1802//1247 1800//1245 1858//1246 1861//1248
f 1857//1249 1906//1250 1901//1239 1860//1238
f 1808//1251 1804//1252 1864//1253 1870//1254
f 1810//1255 1808//1251 1870//1254 1873//1256
f 1797//1257 1810//1255 1873//1256 1851//1258
f 1807//1259 1924//1260 1991//1261 1866//1262
f 1867//1263 1880//1264 1896//1265 1863//1266
f 1927//1267 1802//1247 1861//1248 1986//1268
f 1794//1242 1797//1257 1851//1258 1849//1243
f 1854//1269 1911//1270 1906//1250 1857//1249
f 1869//1271 1891//1272 1886//1273 1872//1274
f 1863//1266 1896//1265 1891//1272 1869//1271
f 1804//1252 1807//1259 1866//1262 1864//1253
f 1848//1275 1915//1276 1911//1270 1854//1269
f 1872//1274 1886//1273 1876//1277 1852//1278
f 1852//1278 1876//1277 1915//1276 1848//1275
f 1840//1279 1836//1280 1795//1281 1799//1282
f 1926//1283 1803//1284 1802//1247 1927//1267
f 1820//1285 1813//1233 1806//1236 1805//1286
f 1806//1236 1925//1235 1924//1260 1807//1259
f 1836//1280 1817//1287 1796//1288 1795//1281
f 1796//1288 1811//1289 1810//1255 1797//1257
f 1832//1290 1844//1291 1801//1292 1803//1284
f 1811//1289 1809//1293 1808//1251 1810//1255
f 1828//1294 1824//1295 1809//1293 1811//1289
f 1809//1293 1805//1286 1804//1252 1808//1251
f 1817//1287 1828//1294 1811//1289 1796//1288
f 1805//1286 1806//1236 1807//1259 1804//1252
f 1979//1296 1832//1290 1803//1284 1926//1283
f 1803//1284 1801//1292 1800//1245 1802//1247
f 1801//1292 1799//1282 1798//1241 1800//1245
f 1844//1291 1840//1279 1799//1282 1801//1292
f 1799//1282 1795//1281 1794//1242 1798//1241
f 1824//1295 1820//1285 1805//1286 1809//1293
f 1795//1281 1796//1288 1797//1257 1794//1242
f 1837//1297 1816//1298 1818//1299 1839//1300
f 1839//1300 1818//1299 1819//1301 1838//1302
f 1838//1302 1819//1301 1817//1287 1836//1280
f 1841//1303 1837//1297 1839//1300 1843//1304
f 1843//1304 1839//1300 1838//1302 1842//1305
f 1842//1305 1838//1302 1836//1280 1840//1279
f 1845//1306 1841//1303 1843//1304 1847//1307
f 1847//1307 1843//1304 1842//1305 1846//1308
f 1846//1308 1842//1305 1840//1279 1844//1291
f 1833//1309 1845//1306 1847//1307 1835//1310
f 1835//1310 1847//1307 1846//1308 1834//1311
f 1834//1311 1846//1308 1844//1291 1832//1290
f 1821//1312 1812//1313 1814//1314 1823//1315
f 1823//1315 1814//1314 1815//1316 1822//1317
f 1822//1317 1815//1316 1813//1233 1820//1285
f 1825//1318 1821//1312 1823//1315 1827//1319
f 1827//1319 1823//1315 1822//1317 1826//1320
f 1826//1320 1822//1317 1820//1285 1824//1295
f 1829//1321 1825//1318 1827//1319 1831//1322
f 1831//1322 1827//1319 1826//1320 1830//1323
f 1830//1323 1826//1320 1824//1295 1828//1294
f 1816//1298 1829//1321 1831//1322 1818//1299
f 1818//1299 1831//1322 1830//1323 1819//1301
f 1819//1301 1830//1323 1828//1294 1817//1287
f 1812//1313 1983//1324 1985//1325 1814//1314
f 1814//1314 1985//1325 1984//1326 1815//1316
f 1815//1316 1984//1326 1982//1234 1813//1233
f 1832//1290 1979//1296 1981//1327 1834//1311
f 1834//1311 1981//1327 1980//1328 1835//1310
f 1835//1310 1980//1328 1978//1329 1833//1309
f 1812//1313 1821//1312 1825//1318 1829//1321 1816//1298 1837//1297 1841//1303 1845//1306 1833//1309 1978//1329 1983//1324
f 1849//1243 1851//1258 2088//1330 2089//1331
f 1850//1332 1853//1333 1852//1278 1848//1275
f 1855//1244 1849//1243 2089//1331 2090//1334
f 1856//1335 1850//1332 1848//1275 1854//1269
f 1858//1246 1855//1244 2090//1334 2091//1336
f 1859//1337 1856//1335 1854//1269 1857//1249
f 1861//1248 1858//1246 2091//1336 2092//1338
f 1862//1339 1859//1337 1857//1249 1860//1238
f 1864//1253 1866//1262 2093//1340 2094//1341
f 1865//1342 1868//1343 1867//1263 1863//1266
f 1870//1254 1864//1253 2094//1341 2095//1344
f 1871//1345 1865//1342 1863//1266 1869//1271
f 1873//1256 1870//1254 2095//1344 2096//1346
f 1874//1347 1871//1345 1869//1271 1872//1274
f 1851//1258 1873//1256 2096//1346 2088//1330
f 1853//1333 1874//1347 1872//1274 1852//1278
f 1866//1262 1991//1261 2084//1348 2093//1340
f 1868//1343 2086//1349 1990//1350 1867//1263
f 1860//1238 1987//1237 2078//1351 1862//1339
f 2092//1338 2080//1352 1986//1268 1861//1248
f 1867//1263 1990//1350 2027//1353 1880//1264
f 1916//1354 1910//1355 1912//1356 1919//1357
f 1919//1357 1912//1356 1913//1358 1918//1359
f 1918//1359 1913//1358 1914//1360 1917//1361
f 1917//1361 1914//1360 1911//1270 1915//1276
f 1910//1355 1905//1362 1907//1363 1912//1356
f 1912//1356 1907//1363 1908//1364 1913//1358
f 1913//1358 1908//1364 1909//1365 1914//1360
f 1914//1360 1909//1365 1906//1250 1911//1270
f 1905//1362 1900//1366 1902//1367 1907//1363
f 1907//1363 1902//1367 1903//1368 1908//1364
f 1908//1364 1903//1368 1904//1369 1909//1365
f 1909//1365 1904//1369 1901//1239 1906//1250
f 1881//1370 1895//1371 1897//1372 1884//1373
f 1884//1373 1897//1372 1898//1374 1883//1375
f 1883//1375 1898//1374 1899//1376 1882//1377
f 1882//1377 1899//1376 1896//1265 1880//1264
f 1895//1371 1890//1378 1892//1379 1897//1372
f 1897//1372 1892//1379 1893//1380 1898//1374
f 1898//1374 1893//1380 1894//1381 1899//1376
f 1899//1376 1894//1381 1891//1272 1896//1265
f 1890//1378 1885//1382 1887//1383 1892//1379
f 1892//1379 1887//1383 1888//1384 1893//1380
f 1893//1380 1888//1384 1889//1385 1894//1381
f 1894//1381 1889//1385 1886//1273 1891//1272
f 1885//1382 1875//1386 1877//1387 1887//1383
f 1887//1383 1877//1387 1878//1388 1888//1384
f 1888//1384 1878//1388 1879//1389 1889//1385
f 1889//1385 1879//1389 1876//1277 1886//1273
f 2026//1390 1881//1370 1884//1373 2028//1391
f 2028//1391 1884//1373 1883//1375 2029//1392
f 2029//1392 1883//1375 1882//1377 2030//1393
f 2030//1393 1882//1377 1880//1264 2027//1353
f 1875//1386 1916//1354 1919//1357 1877//1387
f 1877//1387 1919//1357 1918//1359 1878//1388
f 1878//1388 1918//1359 1917//1361 1879//1389
f 1879//1389 1917//1361 1915//1276 1876//1277
f 2021//1240 1901//1239 1904//1369 2023//1394
f 2023//1394 1904//1369 1903//1368 2024//1395
f 2024//1395 1903//1368 1902//1367 2025//1396
f 2025//1396 1902//1367 1900//1366 2022//1397
f 2026//1390 2022//1397 1900//1366 1905//1362 1910//1355 1916//1354 1875//1386 1885//1382 1890//1378 1895//1371 1881//1370
f 1943//1398 1936//1399 1925//1235 1982//1234
f 1987//1237 2021//1240 2057//1400 2006//1401
f 1928//1402 2001//1403 1995//1404 1920//1405
f 1930//1406 2004//1407 2001//1403 1928//1402
f 1932//1408 2007//1409 2004//1407 1930//1406
f 2003//1410 2006//1401 2057//1400 2062//1411
f 1938//1412 2016//1413 2010//1414 1934//1415
f 1940//1416 2019//1417 2016//1413 1938//1412
f 1923//1418 1997//1419 2019//1417 1940//1416
f 1937//1420 2012//1421 1991//1261 1924//1260
f 2013//1422 2009//1423 2052//1424 2036//1425
f 1927//1267 1986//1268 2007//1409 1932//1408
f 1920//1405 1995//1404 1997//1419 1923//1418
f 2000//1426 2003//1410 2062//1411 2067//1427
f 2015//1428 2018//1429 2042//1430 2047//1431
f 2009//1423 2015//1428 2047//1431 2052//1424
f 1934//1415 2010//1414 2012//1421 1937//1420
f 1994//1432 2000//1426 2067//1427 2071//1433
f 2018//1429 1998//1434 2032//1435 2042//1430
f 1998//1434 1994//1432 2071//1433 2032//1435
f 1970//1436 1929//1437 1921//1438 1966//1439
f 1926//1283 1927//1267 1932//1408 1933//1440
f 1950//1441 1935//1442 1936//1399 1943//1398
f 1936//1399 1937//1420 1924//1260 1925//1235
f 1966//1439 1921//1438 1922//1443 1947//1444
f 1922//1443 1923//1418 1940//1416 1941//1445
f 1962//1446 1933//1440 1931//1447 1974//1448
f 1941//1445 1940//1416 1938//1412 1939//1449
f 1958//1450 1941//1445 1939//1449 1954//1451
f 1939//1449 1938//1412 1934//1415 1935//1442
f 1947//1444 1922//1443 1941//1445 1958//1450
f 1935//1442 1934//1415 1937//1420 1936//1399
f 1979//1296 1926//1283 1933//1440 1962//1446
f 1933//1440 1932//1408 1930//1406 1931//1447
f 1931//1447 1930//1406 1928//1402 1929//1437
f 1974//1448 1931//1447 1929//1437 1970//1436
f 1929//1437 1928//1402 1920//1405 1921//1438
f 1954//1451 1939//1449 1935//1442 1950//1441
f 1921//1438 1920//1405 1923//1418 1922//1443
f 1967//1452 1969//1453 1948//1454 1946//1455
f 1969//1453 1968//1456 1949//1457 1948//1454
f 1968//1456 1966//1439 1947//1444 1949//1457
f 1971//1458 1973//1459 1969//1453 1967//1452
f 1973//1459 1972//1460 1968//1456 1969//1453
f 1972//1460 1970//1436 1966//1439 1968//1456
f 1975//1461 1977//1462 1973//1459 1971//1458
f 1977//1462 1976//1463 1972//1460 1973//1459
f 1976//1463 1974//1448 1970//1436 1972//1460
f 1963//1464 1965//1465 1977//1462 1975//1461
f 1965//1465 1964//1466 1976//1463 1977//1462
f 1964//1466 1962//1446 1974//1448 1976//1463
f 1951//1467 1953//1468 1944//1469 1942//1470
f 1953//1468 1952//1471 1945//1472 1944//1469
f 1952//1471 1950//1441 1943//1398 1945//1472
f 1955//1473 1957//1474 1953//1468 1951//1467
f 1957//1474 1956//1475 1952//1471 1953//1468
f 1956//1475 1954//1451 1950//1441 1952//1471
f 1959//1476 1961//1477 1957//1474 1955//1473
f 1961//1477 1960//1478 1956//1475 1957//1474
f 1960//1478 1958//1450 1954//1451 1956//1475
f 1946//1455 1948//1454 1961//1477 1959//1476
f 1948//1454 1949//1457 1960//1478 1961//1477
f 1949//1457 1947//1444 1958//1450 1960//1478
f 1942//1470 1944//1469 1985//1325 1983//1324
f 1944//1469 1945//1472 1984//1326 1985//1325
f 1945//1472 1943//1398 1982//1234 1984//1326
f 1962//1446 1964//1466 1981//1327 1979//1296
f 1964//1466 1965//1465 1980//1328 1981//1327
f 1965//1465 1963//1464 1978//1329 1980//1328
f 1942//1470 1983//1324 1978//1329 1963//1464 1975//1461 1971//1458 1967//1452 1946//1455 1959//1476 1955//1473 1951//1467
f 2076//1479 1988//1479 2077//1479
f 2077//1479 1988//1479 2081//1479
f 2082//1479 1992//1479 2083//1479
f 2083//1479 1992//1479 2087//1479
f 1995//1404 2098//1480 2097//1481 1997//1419
f 1996//1482 1994//1432 1998//1434 1999//1483
f 2001//1403 2099//1484 2098//1480 1995//1404
f 2002//1485 2000//1426 1994//1432 1996//1482
f 2004//1407 2100//1486 2099//1484 2001//1403
f 2005//1487 2003//1410 2000//1426 2002//1485
f 2007//1409 2101//1488 2100//1486 2004//1407
f 2008//1489 2006//1401 2003//1410 2005//1487
f 2010//1414 2103//1490 2102//1491 2012//1421
f 2011//1492 2009//1423 2013//1422 2014//1493
f 2016//1413 2104//1494 2103//1490 2010//1414
f 2017//1495 2015//1428 2009//1423 2011//1492
f 2019//1417 2105//1496 2104//1494 2016//1413
f 2020//1497 2018//1429 2015//1428 2017//1495
f 1997//1419 2097//1481 2105//1496 2019//1417
f 1999//1483 1998//1434 2018//1429 2020//1497
f 2012//1421 2102//1491 2085//1348 1991//1261
f 2014//1493 2013//1422 1990//1350 1993//1349
f 2006//1401 2008//1489 2079//1351 1987//1237
f 2101//1488 2007//1409 1986//1268 1989//1352
f 2013//1422 2036//1425 2027//1353 1990//1350
f 2072//1498 2075//1499 2068//1500 2066//1501
f 2075//1499 2074//1502 2069//1503 2068//1500
f 2074//1502 2073//1504 2070//1505 2069//1503
f 2073//1504 2071//1433 2067//1427 2070//1505
f 2066//1501 2068//1500 2063//1506 2061//1507
f 2068//1500 2069//1503 2064//1508 2063//1506
f 2069//1503 2070//1505 2065//1509 2064//1508
f 2070//1505 2067//1427 2062//1411 2065//1509
f 2061//1507 2063//1506 2058//1510 2056//1511
f 2063//1506 2064//1508 2059//1512 2058//1510
f 2064//1508 2065//1509 2060//1513 2059//1512
f 2065//1509 2062//1411 2057//1400 2060//1513
f 2037//1514 2040//1515 2053//1516 2051//1517
f 2040//1515 2039//1518 2054//1519 2053//1516
f 2039//1518 2038//1520 2055//1521 2054//1519
f 2038//1520 2036//1425 2052//1424 2055//1521
f 2051//1517 2053//1516 2048//1522 2046//1523
f 2053//1516 2054//1519 2049//1524 2048//1522
f 2054//1519 2055//1521 2050//1525 2049//1524
f 2055//1521 2052//1424 2047//1431 2050//1525
f 2046//1523 2048//1522 2043//1526 2041//1527
f 2048//1522 2049//1524 2044//1528 2043//1526
f 2049//1524 2050//1525 2045//1529 2044//1528
f 2050//1525 2047//1431 2042//1430 2045//1529
f 2041//1527 2043//1526 2033//1530 2031//1531
f 2043//1526 2044//1528 2034//1532 2033//1530
f 2044//1528 2045//1529 2035//1533 2034//1532
f 2045//1529 2042//1430 2032//1435 2035//1533
f 2026//1390 2028//1391 2040//1515 2037//1514
f 2028//1391 2029//1392 2039//1518 2040//1515
f 2029//1392 2030//1393 2038//1520 2039//1518
f 2030//1393 2027//1353 2036//1425 2038//1520
f 2031//1531 2033//1530 2075//1499 2072//1498
f 2033//1530 2034//1532 2074//1502 2075//1499
f 2034//1532 2035//1533 2073//1504 2074//1502
f 2035//1533 2032//1435 2071//1433 2073//1504
f 2021//1240 2023//1394 2060//1513 2057//1400
f 2023//1394 2024//1395 2059//1512 2060//1513
f 2024//1395 2025//1396 2058//1510 2059//1512
f 2025//1396 2022//1397 2056//1511 2058//1510
f 2026//1390 2037//1514 2051//1517 2046//1523 2041//1527 2031//1531 2072//1498 2066//1501 2061//1507 2056//1511 2022//1397
o Cube.006_Cube.004
v 2.053694 -1.586644 -0.002335
v 2.041148 -1.599189 -0.002335
v 2.053080 -1.590520 -0.002335
v 2.051298 -1.594018 -0.002335
v 2.048522 -1.596793 -0.002335
v 2.045025 -1.598575 -0.002335
v 2.050863 -1.551001 -0.002335
v 2.053694 -1.553831 -0.002335
v 2.051947 -1.551216 -0.002335
v 2.052865 -1.551830 -0.002335
v 2.053478 -1.552748 -0.002335
v 2.041042 -1.597834 0.006829
v 2.041148 -1.599189 0.005474
v 2.041083 -1.598352 0.006726
v 2.041117 -1.598792 0.006432
v 2.041140 -1.599086 0.005993
v 2.052338 -1.586537 0.006829
v 2.053694 -1.586644 0.005474
v 2.052857 -1.586578 0.006726
v 2.053297 -1.586612 0.006432
v 2.053590 -1.586636 0.005993
v 2.044601 -1.597270 0.006829
v 2.045025 -1.598575 0.005474
v 2.044763 -1.597769 0.006726
v 2.044901 -1.598193 0.006432
v 2.044993 -1.598476 0.005993
v 2.047716 -1.595683 0.006829
v 2.048522 -1.596793 0.005474
v 2.048024 -1.596107 0.006726
v 2.048286 -1.596468 0.006432
v 2.048461 -1.596708 0.005993
v 2.050187 -1.593211 0.006829
v 2.051298 -1.594018 0.005474
v 2.050612 -1.593520 0.006726
v 2.050972 -1.593781 0.006432
v 2.051213 -1.593956 0.005993
v 2.051775 -1.590096 0.006829
v 2.053080 -1.590520 0.005474
v 2.052274 -1.590258 0.006726
v 2.052698 -1.590396 0.006432
v 2.052980 -1.590488 0.005993
v 2.052338 -1.553965 0.006829
v 2.053694 -1.553831 0.005474
v 2.052857 -1.553914 0.006726
v 2.053297 -1.553870 0.006432
v 2.053591 -1.553841 0.005993
v 2.050730 -1.552356 0.006829
v 2.050863 -1.551001 0.005474
v 2.050781 -1.551838 0.006726
v 2.050824 -1.551398 0.006432
v 2.050853 -1.551104 0.005993
v 2.052202 -1.553277 0.006829
v 2.053478 -1.552748 0.005474
v 2.052690 -1.553075 0.006726
v 2.053104 -1.552903 0.006432
v 2.053381 -1.552788 0.005993
v 2.051888 -1.552807 0.006829
v 2.052865 -1.551830 0.005474
v 2.052262 -1.552433 0.006726
v 2.052578 -1.552116 0.006432
v 2.052791 -1.551904 0.005993
v 2.051418 -1.552493 0.006829
v 2.051947 -1.551216 0.005474
v 2.051620 -1.552004 0.006726
v 2.051792 -1.551590 0.006432
v 2.051906 -1.551314 0.005993
v 0.000000 -1.551001 -0.002335
v 0.000000 -1.599189 -0.002335
v -2.053694 -1.586644 -0.002335
v -2.041148 -1.599189 -0.002335
v -2.053080 -1.590520 -0.002335
v -2.051298 -1.594018 -0.002335
v -2.048522 -1.596793 -0.002335
v -2.045025 -1.598575 -0.002335
v -2.050863 -1.551001 -0.002335
v -2.053694 -1.553831 -0.002335
v -2.051947 -1.551216 -0.002335
v -2.052865 -1.551830 -0.002335
v -2.053478 -1.552748 -0.002335
v 0.000000 -1.552356 0.006829
v 0.000000 -1.551001 0.005474
v 0.000000 -1.551838 0.006726
v 0.000000 -1.551398 0.006432
v 0.000000 -1.551104 0.005993
v 0.000000 -1.599189 0.005474
v 0.000000 -1.597834 0.006829
v 0.000000 -1.599086 0.005993
v 0.000000 -1.598792 0.006432
v 0.000000 -1.598352 0.006726
v -2.041042 -1.597834 0.006829
v -2.041148 -1.599189 0.005474
v -2.041083 -1.598352 0.006726
v -2.041117 -1.598792 0.006432
v -2.041140 -1.599086 0.005993
v -2.052338 -1.586537 0.006829
v -2.053694 -1.586644 0.005474
v -2.052857 -1.586578 0.006726
v -2.053297 -1.586612 0.006432
v -2.053590 -1.586636 0.005993
v -2.044601 -1.597270 0.006829
v -2.045025 -1.598575 0.005474
v -2.044763 -1.597769 0.006726
v -2.044901 -1.598193 0.006432
v -2.044993 -1.598476 0.005993
v -2.047716 -1.595683 0.006829
v -2.048522 -1.596793 0.005474
v -2.048024 -1.596107 0.006726
v -2.048286 -1.596468 0.006432
v -2.048461 -1.596708 0.005993
v -2.050187 -1.593211 0.006829
v -2.051298 -1.594018 0.005474
v -2.050612 -1.593520 0.006726
v -2.050972 -1.593781 0.006432
v -2.051213 -1.593956 0.005993
v -2.051775 -1.590096 0.006829
v -2.053080 -1.590520 0.005474
v -2.052274 -1.590258 0.006726
v -2.052698 -1.590396 0.006432
v -2.052980 -1.590488 0.005993
v -2.052338 -1.553965 0.006829
v -2.053694 -1.553831 0.005474
v -2.052857 -1.553914 0.006726
v -2.053297 -1.553870 0.006432
v -2.053591 -1.553841 0.005993
v -2.050730 -1.552356 0.006829
v -2.050863 -1.551001 0.005474
v -2.050781 -1.551838 0.006726
v -2.050824 -1.551398 0.006432
v -2.050853 -1.551104 0.005993
v -2.052202 -1.553277 0.006829
v -2.053478 -1.552748 0.005474
v -2.052690 -1.553075 0.006726
v -2.053104 -1.552903 0.006432
v -2.053381 -1.552788 0.005993
v -2.051888 -1.552807 0.006829
v -2.052865 -1.551830 0.005474
v -2.052262 -1.552433 0.006726
v -2.052578 -1.552116 0.006432
v -2.052791 -1.551904 0.005993
v -2.051418 -1.552493 0.006829
v -2.051947 -1.551216 0.005474
v -2.051620 -1.552004 0.006726
v -2.051792 -1.551590 0.006432
v -2.051906 -1.551314 0.005993
vt 0.023995 4.554383
vt 0.023995 4.554383
vt 0.036075 4.562141
vt 0.036075 4.562141
vt 0.971983 4.573826
vt 0.971983 4.573826
vt 0.971983 0.469332
vt 0.971983 0.469332
vt 0.194524 4.578262
vt 0.194524 4.578262
vt 0.270794 4.579490
vt 0.270794 4.579490
vt 0.071130 4.569140
vt 0.071130 4.569140
vt 0.125729 4.574695
vt 0.125729 4.574695
vt 0.937613 4.579060
vt 0.937613 4.579060
vt 0.916301 4.579490
vt 0.916301 4.579490
vt 0.955674 4.577832
vt 0.955674 4.577832
vt 0.967750 4.575994
vt 0.967750 4.575994
vt 0.023995 0.469332
vt 0.023995 0.469332
vt 0.061747 4.561294
vt 0.050658 4.554170
vt 0.040455 4.554250
vt 0.051921 4.561617
vt 0.031807 4.554321
vt 0.043596 4.561893
vt 0.026023 4.554367
vt 0.038029 4.562078
vt 0.092976 4.567527
vt 0.084615 4.568144
vt 0.077527 4.568669
vt 0.072791 4.569018
vt 0.141590 4.572474
vt 0.135520 4.573324
vt 0.130375 4.574045
vt 0.126938 4.574525
vt 0.202880 4.575651
vt 0.199678 4.576649
vt 0.196970 4.577497
vt 0.195158 4.578064
vt 0.272893 4.576779
vt 0.272087 4.577816
vt 0.271408 4.578695
vt 0.270955 4.579284
vt 0.026023 0.469332
vt 0.031802 0.469332
vt 0.040450 0.469332
vt 0.050658 0.469332
vt 0.945320 4.573558
vt 0.942632 4.574936
vt 0.952246 4.575341
vt 0.955528 4.573660
vt 0.960390 4.575686
vt 0.964176 4.573748
vt 0.965837 4.575914
vt 0.969954 4.573804
vt 0.936461 4.575877
vt 0.943815 4.576625
vt 0.950046 4.577258
vt 0.954214 4.577682
vt 0.927204 4.576504
vt 0.931190 4.577482
vt 0.934563 4.578311
vt 0.936818 4.578864
vt 0.913678 4.576779
vt 0.914685 4.577816
vt 0.915536 4.578697
vt 0.916105 4.579284
vt 0.945320 0.469332
vt 0.955523 0.469332
vt 0.964176 0.469332
vt 0.969954 0.469332
vt 0.023990 -3.615719
vt 0.036070 -3.623478
vt 0.036070 -3.623478
vt 0.023990 -3.615719
vt 0.971978 -3.635162
vt 0.971978 -3.635162
vt 0.194519 -3.639598
vt 0.270789 -3.640826
vt 0.270789 -3.640826
vt 0.194519 -3.639598
vt 0.071125 -3.630476
vt 0.125724 -3.636031
vt 0.125724 -3.636031
vt 0.071125 -3.630476
vt 0.937608 -3.640396
vt 0.916296 -3.640826
vt 0.916296 -3.640826
vt 0.937608 -3.640396
vt 0.955669 -3.639168
vt 0.955669 -3.639168
vt 0.967745 -3.637331
vt 0.967745 -3.637331
vt 0.061742 -3.622629
vt 0.051916 -3.622954
vt 0.040450 -3.615587
vt 0.050653 -3.615506
vt 0.043591 -3.623228
vt 0.031802 -3.615657
vt 0.038024 -3.623414
vt 0.026018 -3.615703
vt 0.092971 -3.628863
vt 0.084610 -3.629481
vt 0.077522 -3.630004
vt 0.072786 -3.630354
vt 0.141585 -3.633809
vt 0.135515 -3.634660
vt 0.130370 -3.635381
vt 0.126932 -3.635863
vt 0.202875 -3.636985
vt 0.199673 -3.637985
vt 0.196965 -3.638833
vt 0.195153 -3.639399
vt 0.272888 -3.638113
vt 0.272082 -3.639153
vt 0.271403 -3.640032
vt 0.270950 -3.640619
vt 0.945315 -3.634894
vt 0.955523 -3.634998
vt 0.952241 -3.636677
vt 0.942627 -3.636273
vt 0.964171 -3.635083
vt 0.960385 -3.637020
vt 0.969949 -3.635142
vt 0.965832 -3.637250
vt 0.943810 -3.637961
vt 0.936456 -3.637212
vt 0.950041 -3.638594
vt 0.954209 -3.639019
vt 0.931185 -3.638819
vt 0.927199 -3.637840
vt 0.934558 -3.639647
vt 0.936813 -3.640200
vt 0.914680 -3.639153
vt 0.913673 -3.638113
vt 0.915531 -3.640033
vt 0.916100 -3.640620
vn 0.0781 -0.9921 0.0978
vn 0.0785 -0.9969 0.0000
vn 0.3090 -0.9510 0.0000
vn 0.3075 -0.9464 0.0982
vn 0.0975 0.9904 0.0979
vn 0.0980 0.9952 0.0000
vn 0.0000 1.0000 0.0000
vn 0.0000 0.9952 0.0981
vn 0.9464 -0.3075 0.0981
vn 0.9510 -0.3090 0.0000
vn 0.9969 -0.0784 0.0000
vn 0.9921 -0.0780 0.0978
vn 0.5849 -0.8051 0.0981
vn 0.5878 -0.8090 0.0000
vn 0.8090 -0.5878 0.0000
vn 0.8051 -0.5849 0.0981
vn 0.9239 0.3825 0.0000
vn 0.9194 0.3806 0.0986
vn 0.9904 0.0975 0.0978
vn 0.9952 0.0980 0.0000
vn 0.7072 0.7070 0.0000
vn 0.7037 0.7036 0.0986
vn 0.3826 0.9239 0.0000
vn 0.3807 0.9194 0.0986
vn 0.0000 -0.9952 0.0980
vn 0.0000 -1.0000 0.0000
vn 0.0329 -0.1012 0.9943
vn 0.0080 -0.1022 0.9947
vn 0.0306 -0.3888 0.9208
vn 0.1221 -0.3759 0.9185
vn 0.0558 -0.7087 0.7032
vn 0.2202 -0.6778 0.7015
vn 0.0725 -0.9221 0.3802
vn 0.2859 -0.8798 0.3796
vn 0.0625 -0.0861 0.9943
vn 0.2323 -0.3197 0.9186
vn 0.4188 -0.5765 0.7016
vn 0.5438 -0.7485 0.3795
vn 0.0860 -0.0625 0.9943
vn 0.3197 -0.2323 0.9186
vn 0.5765 -0.4188 0.7016
vn 0.7485 -0.5438 0.3795
vn 0.1012 -0.0328 0.9943
vn 0.3759 -0.1221 0.9185
vn 0.6778 -0.2202 0.7015
vn 0.8799 -0.2859 0.3795
vn 0.1022 -0.0080 0.9947
vn 0.3888 -0.0306 0.9208
vn 0.7087 -0.0557 0.7032
vn 0.9221 -0.0725 0.3801
vn 0.0000 -0.9239 0.3827
vn 0.0000 -0.7071 0.7071
vn 0.0000 -0.3827 0.9239
vn 0.0000 -0.0980 0.9952
vn 0.0101 0.1031 0.9946
vn 0.0413 0.0998 0.9941
vn 0.1520 0.3669 0.9178
vn 0.0383 0.3897 0.9201
vn 0.2727 0.6584 0.7015
vn 0.0697 0.7081 0.7027
vn 0.3539 0.8546 0.3800
vn 0.0906 0.9205 0.3799
vn 0.0764 0.0764 0.9941
vn 0.2808 0.2807 0.9178
vn 0.5039 0.5039 0.7015
vn 0.6541 0.6539 0.3800
vn 0.0998 0.0413 0.9941
vn 0.3669 0.1519 0.9178
vn 0.6585 0.2726 0.7014
vn 0.8546 0.3538 0.3800
vn 0.1031 0.0101 0.9946
vn 0.3896 0.0383 0.9202
vn 0.7081 0.0697 0.7026
vn 0.9206 0.0906 0.3798
vn 0.0000 0.0980 0.9952
vn 0.0000 0.3827 0.9239
vn 0.0000 0.7071 0.7071
vn 0.0000 0.9238 0.3828
vn -0.0781 -0.9921 0.0977
vn -0.3075 -0.9464 0.0982
vn -0.3090 -0.9510 0.0000
vn -0.0785 -0.9969 0.0000
vn -0.0975 0.9904 0.0979
vn -0.0980 0.9952 0.0000
vn -0.9465 -0.3075 0.0981
vn -0.9921 -0.0780 0.0978
vn -0.9969 -0.0784 0.0000
vn -0.9510 -0.3090 0.0000
vn -0.5849 -0.8051 0.0981
vn -0.8051 -0.5849 0.0981
vn -0.8090 -0.5878 0.0000
vn -0.5878 -0.8090 0.0000
vn -0.9239 0.3825 0.0000
vn -0.9952 0.0980 0.0000
vn -0.9904 0.0975 0.0978
vn -0.9194 0.3806 0.0986
vn -0.7072 0.7070 0.0000
vn -0.7037 0.7036 0.0986
vn -0.3826 0.9239 0.0000
vn -0.3807 0.9194 0.0986
vn -0.0329 -0.1012 0.9943
vn -0.1221 -0.3759 0.9185
vn -0.0306 -0.3888 0.9208
vn -0.0080 -0.1022 0.9947
vn -0.2202 -0.6778 0.7015
vn -0.0558 -0.7087 0.7032
vn -0.2859 -0.8799 0.3795
vn -0.0725 -0.9221 0.3801
vn -0.0625 -0.0861 0.9943
vn -0.2323 -0.3197 0.9186
vn -0.4188 -0.5765 0.7016
vn -0.5438 -0.7485 0.3795
vn -0.0860 -0.0625 0.9943
vn -0.3197 -0.2323 0.9186
vn -0.5765 -0.4188 0.7016
vn -0.7485 -0.5438 0.3795
vn -0.1012 -0.0328 0.9943
vn -0.3759 -0.1221 0.9185
vn -0.6778 -0.2202 0.7015
vn -0.8799 -0.2859 0.3795
vn -0.1022 -0.0080 0.9947
vn -0.3888 -0.0306 0.9208
vn -0.7087 -0.0557 0.7032
vn -0.9221 -0.0725 0.3801
vn -0.0101 0.1031 0.9946
vn -0.0383 0.3897 0.9201
vn -0.1520 0.3669 0.9178
vn -0.0413 0.0998 0.9941
vn -0.0697 0.7081 0.7027
vn -0.2727 0.6584 0.7015
vn -0.0906 0.9205 0.3800
vn -0.3539 0.8546 0.3800
vn -0.2808 0.2807 0.9178
vn -0.0764 0.0764 0.9941
vn -0.5039 0.5039 0.7015
vn -0.6542 0.6540 0.3800
vn -0.3669 0.1519 0.9178
vn -0.0998 0.0413 0.9941
vn -0.6585 0.2726 0.7015
vn -0.8546 0.3538 0.3800
vn -0.3896 0.0383 0.9202
vn -0.1031 0.0101 0.9946
vn -0.7081 0.0697 0.7026
vn -0.9206 0.0906 0.3798
usemtl MetalRough
s 1
f 2118/1767/1534 2107/1768/1535 2111/1769/1536 2128/1770/1537
f 2153/1771/1538 2112/1772/1539 2172/1773/1540 2186/1774/1541
f 2143/1775/1542 2108/1776/1543 2106/1777/1544 2123/1778/1545
f 2133/1779/1546 2110/1780/1547 2109/1781/1548 2138/1782/1549
f 2138/1782/1549 2109/1781/1548 2108/1776/1543 2143/1775/1542
f 2116/1783/1550 2158/1784/1551 2148/1785/1552 2113/1786/1553
f 2113/1786/1553 2148/1785/1552 2123/1778/1545 2106/1777/1544
f 2128/1770/1537 2111/1769/1536 2110/1780/1547 2133/1779/1546
f 2115/1787/1554 2163/1788/1555 2158/1784/1551 2116/1783/1550
f 2114/1789/1556 2168/1790/1557 2163/1788/1555 2115/1787/1554
f 2112/1772/1539 2153/1771/1538 2168/1790/1557 2114/1789/1556
f 2190/1791/1558 2173/1792/1559 2107/1768/1535 2118/1767/1534
f 2127/1793/1560 2117/1794/1561 2119/1795/1562 2129/1796/1563
f 2129/1796/1563 2119/1795/1562 2120/1797/1564 2130/1798/1565
f 2130/1798/1565 2120/1797/1564 2121/1799/1566 2131/1800/1567
f 2131/1800/1567 2121/1799/1566 2118/1767/1534 2128/1770/1537
f 2132/1801/1568 2127/1793/1560 2129/1796/1563 2134/1802/1569
f 2134/1802/1569 2129/1796/1563 2130/1798/1565 2135/1803/1570
f 2135/1803/1570 2130/1798/1565 2131/1800/1567 2136/1804/1571
f 2136/1804/1571 2131/1800/1567 2128/1770/1537 2133/1779/1546
f 2137/1805/1572 2132/1801/1568 2134/1802/1569 2139/1806/1573
f 2139/1806/1573 2134/1802/1569 2135/1803/1570 2140/1807/1574
f 2140/1807/1574 2135/1803/1570 2136/1804/1571 2141/1808/1575
f 2141/1808/1575 2136/1804/1571 2133/1779/1546 2138/1782/1549
f 2142/1809/1576 2137/1805/1572 2139/1806/1573 2144/1810/1577
f 2144/1810/1577 2139/1806/1573 2140/1807/1574 2145/1811/1578
f 2145/1811/1578 2140/1807/1574 2141/1808/1575 2146/1812/1579
f 2146/1812/1579 2141/1808/1575 2138/1782/1549 2143/1775/1542
f 2122/1813/1580 2142/1809/1576 2144/1810/1577 2124/1814/1581
f 2124/1814/1581 2144/1810/1577 2145/1811/1578 2125/1815/1582
f 2125/1815/1582 2145/1811/1578 2146/1812/1579 2126/1816/1583
f 2126/1816/1583 2146/1812/1579 2143/1775/1542 2123/1778/1545
f 2190/1791/1558 2118/1767/1534 2121/1799/1566 2192/1817/1584
f 2192/1817/1584 2121/1799/1566 2120/1797/1564 2193/1818/1585
f 2193/1818/1585 2120/1797/1564 2119/1795/1562 2194/1819/1586
f 2194/1819/1586 2119/1795/1562 2117/1794/1561 2191/1820/1587
f 2152/1821/1588 2167/1822/1589 2169/1823/1590 2154/1824/1591
f 2154/1824/1591 2169/1823/1590 2170/1825/1592 2155/1826/1593
f 2155/1826/1593 2170/1825/1592 2171/1827/1594 2156/1828/1595
f 2156/1828/1595 2171/1827/1594 2168/1790/1557 2153/1771/1538
f 2167/1822/1589 2162/1829/1596 2164/1830/1597 2169/1823/1590
f 2169/1823/1590 2164/1830/1597 2165/1831/1598 2170/1825/1592
f 2170/1825/1592 2165/1831/1598 2166/1832/1599 2171/1827/1594
f 2171/1827/1594 2166/1832/1599 2163/1788/1555 2168/1790/1557
f 2162/1829/1596 2157/1833/1600 2159/1834/1601 2164/1830/1597
f 2164/1830/1597 2159/1834/1601 2160/1835/1602 2165/1831/1598
f 2165/1831/1598 2160/1835/1602 2161/1836/1603 2166/1832/1599
f 2166/1832/1599 2161/1836/1603 2158/1784/1551 2163/1788/1555
f 2157/1833/1600 2147/1837/1604 2149/1838/1605 2159/1834/1601
f 2159/1834/1601 2149/1838/1605 2150/1839/1606 2160/1835/1602
f 2160/1835/1602 2150/1839/1606 2151/1840/1607 2161/1836/1603
f 2161/1836/1603 2151/1840/1607 2148/1785/1552 2158/1784/1551
f 2185/1841/1608 2152/1821/1588 2154/1824/1591 2187/1842/1609
f 2187/1842/1609 2154/1824/1591 2155/1826/1593 2188/1843/1610
f 2188/1843/1610 2155/1826/1593 2156/1828/1595 2189/1844/1611
f 2189/1844/1611 2156/1828/1595 2153/1771/1538 2186/1774/1541
f 2123/1778/1545 2148/1785/1552 2151/1840/1607 2126/1816/1583
f 2126/1816/1583 2151/1840/1607 2150/1839/1606 2125/1815/1582
f 2125/1815/1582 2150/1839/1606 2149/1838/1605 2124/1814/1581
f 2124/1814/1581 2149/1838/1605 2147/1837/1604 2122/1813/1580
f 2147/1837/1604 2157/1833/1600 2162/1829/1596 2167/1822/1589 2152/1821/1588 2185/1841/1608 2191/1820/1587 2117/1794/1561 2127/1793/1560 2132/1801/1568 2137/1805/1572 2142/1809/1576 2122/1813/1580
f 2196/1845/1612 2206/1846/1613 2179/1847/1614 2175/1848/1615
f 2231/1849/1616 2186/1774/1541 2172/1773/1540 2180/1850/1617
f 2221/1851/1618 2201/1852/1619 2174/1853/1620 2176/1854/1621
f 2211/1855/1622 2216/1856/1623 2177/1857/1624 2178/1858/1625
f 2216/1856/1623 2221/1851/1618 2176/1854/1621 2177/1857/1624
f 2184/1859/1626 2181/1860/1627 2226/1861/1628 2236/1862/1629
f 2181/1860/1627 2174/1853/1620 2201/1852/1619 2226/1861/1628
f 2206/1846/1613 2211/1855/1622 2178/1858/1625 2179/1847/1614
f 2183/1863/1630 2184/1859/1626 2236/1862/1629 2241/1864/1631
f 2182/1865/1632 2183/1863/1630 2241/1864/1631 2246/1866/1633
f 2180/1850/1617 2182/1865/1632 2246/1866/1633 2231/1849/1616
f 2190/1791/1558 2196/1845/1612 2175/1848/1615 2173/1792/1559
f 2205/1867/1634 2207/1868/1635 2197/1869/1636 2195/1870/1637
f 2207/1868/1635 2208/1871/1638 2198/1872/1639 2197/1869/1636
f 2208/1871/1638 2209/1873/1640 2199/1874/1641 2198/1872/1639
f 2209/1873/1640 2206/1846/1613 2196/1845/1612 2199/1874/1641
f 2210/1875/1642 2212/1876/1643 2207/1868/1635 2205/1867/1634
f 2212/1876/1643 2213/1877/1644 2208/1871/1638 2207/1868/1635
f 2213/1877/1644 2214/1878/1645 2209/1873/1640 2208/1871/1638
f 2214/1878/1645 2211/1855/1622 2206/1846/1613 2209/1873/1640
f 2215/1879/1646 2217/1880/1647 2212/1876/1643 2210/1875/1642
f 2217/1880/1647 2218/1881/1648 2213/1877/1644 2212/1876/1643
f 2218/1881/1648 2219/1882/1649 2214/1878/1645 2213/1877/1644
f 2219/1882/1649 2216/1856/1623 2211/1855/1622 2214/1878/1645
f 2220/1883/1650 2222/1884/1651 2217/1880/1647 2215/1879/1646
f 2222/1884/1651 2223/1885/1652 2218/1881/1648 2217/1880/1647
f 2223/1885/1652 2224/1886/1653 2219/1882/1649 2218/1881/1648
f 2224/1886/1653 2221/1851/1618 2216/1856/1623 2219/1882/1649
f 2200/1887/1654 2202/1888/1655 2222/1884/1651 2220/1883/1650
f 2202/1888/1655 2203/1889/1656 2223/1885/1652 2222/1884/1651
f 2203/1889/1656 2204/1890/1657 2224/1886/1653 2223/1885/1652
f 2204/1890/1657 2201/1852/1619 2221/1851/1618 2224/1886/1653
f 2190/1791/1558 2192/1817/1584 2199/1874/1641 2196/1845/1612
f 2192/1817/1584 2193/1818/1585 2198/1872/1639 2199/1874/1641
f 2193/1818/1585 2194/1819/1586 2197/1869/1636 2198/1872/1639
f 2194/1819/1586 2191/1820/1587 2195/1870/1637 2197/1869/1636
f 2230/1891/1658 2232/1892/1659 2247/1893/1660 2245/1894/1661
f 2232/1892/1659 2233/1895/1662 2248/1896/1663 2247/1893/1660
f 2233/1895/1662 2234/1897/1664 2249/1898/1665 2248/1896/1663
f 2234/1897/1664 2231/1849/1616 2246/1866/1633 2249/1898/1665
f 2245/1894/1661 2247/1893/1660 2242/1899/1666 2240/1900/1667
f 2247/1893/1660 2248/1896/1663 2243/1901/1668 2242/1899/1666
f 2248/1896/1663 2249/1898/1665 2244/1902/1669 2243/1901/1668
f 2249/1898/1665 2246/1866/1633 2241/1864/1631 2244/1902/1669
f 2240/1900/1667 2242/1899/1666 2237/1903/1670 2235/1904/1671
f 2242/1899/1666 2243/1901/1668 2238/1905/1672 2237/1903/1670
f 2243/1901/1668 2244/1902/1669 2239/1906/1673 2238/1905/1672
f 2244/1902/1669 2241/1864/1631 2236/1862/1629 2239/1906/1673
f 2235/1904/1671 2237/1903/1670 2227/1907/1674 2225/1908/1675
f 2237/1903/1670 2238/1905/1672 2228/1909/1676 2227/1907/1674
f 2238/1905/1672 2239/1906/1673 2229/1910/1677 2228/1909/1676
f 2239/1906/1673 2236/1862/1629 2226/1861/1628 2229/1910/1677
f 2185/1841/1608 2187/1842/1609 2232/1892/1659 2230/1891/1658
f 2187/1842/1609 2188/1843/1610 2233/1895/1662 2232/1892/1659
f 2188/1843/1610 2189/1844/1611 2234/1897/1664 2233/1895/1662
f 2189/1844/1611 2186/1774/1541 2231/1849/1616 2234/1897/1664
f 2201/1852/1619 2204/1890/1657 2229/1910/1677 2226/1861/1628
f 2204/1890/1657 2203/1889/1656 2228/1909/1676 2229/1910/1677
f 2203/1889/1656 2202/1888/1655 2227/1907/1674 2228/1909/1676
f 2202/1888/1655 2200/1887/1654 2225/1908/1675 2227/1907/1674
f 2225/1908/1675 2200/1887/1654 2220/1883/1650 2215/1879/1646 2210/1875/1642 2205/1867/1634 2195/1870/1637 2191/1820/1587 2185/1841/1608 2230/1891/1658 2245/1894/1661 2240/1900/1667 2235/1904/1671
o Cube.005_Cube.003
v 2.037270 0.767170 -0.002187
v 2.050002 0.754437 -0.002187
v 2.042142 0.766201 -0.002187
v 2.046273 0.763441 -0.002187
v 2.049033 0.759310 -0.002187
v 2.047829 0.754223 0.003471
v 2.050002 0.754437 0.001298
v 2.048916 0.754330 0.003180
v 2.049711 0.754409 0.002385
v 2.037055 0.764997 0.003471
v 2.037270 0.767170 0.001298
v 2.037163 0.766084 0.003180
v 2.037241 0.766879 0.002385
v 2.046986 0.758462 0.003471
v 2.049033 0.759310 0.001298
v 2.048009 0.758886 0.003180
v 2.048759 0.759196 0.002385
v 2.044706 0.761874 0.003471
v 2.046273 0.763441 0.001298
v 2.045489 0.762657 0.003180
v 2.046063 0.763231 0.002385
v 2.041294 0.764154 0.003471
v 2.042142 0.766201 0.001298
v 2.041718 0.765177 0.003180
v 2.042028 0.765927 0.002385
v 2.037055 0.754223 0.003471
v 0.000000 0.767170 -0.002187
v -2.037270 0.767170 -0.002187
v -2.050002 0.754437 -0.002187
v -2.042142 0.766201 -0.002187
v -2.046273 0.763441 -0.002187
v -2.049033 0.759310 -0.002187
v 0.000000 0.764997 0.003471
v 0.000000 0.767170 0.001298
v 0.000000 0.766084 0.003180
v 0.000000 0.766879 0.002385
v -2.047829 0.754223 0.003471
v -2.050002 0.754437 0.001298
v -2.048916 0.754330 0.003180
v -2.049711 0.754409 0.002385
v -2.037055 0.764997 0.003471
v -2.037270 0.767170 0.001298
v -2.037163 0.766084 0.003180
v -2.037241 0.766879 0.002385
v -2.046986 0.758462 0.003471
v -2.049033 0.759310 0.001298
v -2.048009 0.758886 0.003180
v -2.048759 0.759196 0.002385
v -2.044706 0.761874 0.003471
v -2.046273 0.763441 0.001298
v -2.045489 0.762657 0.003180
v -2.046063 0.763231 0.002385
v -2.041294 0.764154 0.003471
v -2.042142 0.766201 0.001298
v -2.041718 0.765177 0.003180
v -2.042028 0.765927 0.002385
v 0.000000 0.754223 0.003471
v -2.037055 0.754223 0.003471
v 2.050002 -0.393139 -0.002187
v 2.037270 -1.553447 -0.002187
v 2.050002 -1.540715 -0.002187
v 2.042142 -1.552478 -0.002187
v 2.046273 -1.549718 -0.002187
v 2.049033 -1.545587 -0.002187
v 2.050002 -0.393139 0.001298
v 2.047829 -0.393139 0.003471
v 2.049711 -0.393139 0.002385
v 2.048916 -0.393139 0.003180
v 2.047829 -1.540500 0.003471
v 2.050002 -1.540715 0.001298
v 2.048916 -1.540607 0.003180
v 2.049711 -1.540686 0.002385
v 2.037055 -1.551274 0.003471
v 2.037270 -1.553447 0.001298
v 2.037163 -1.552361 0.003180
v 2.037241 -1.553156 0.002385
v 2.046986 -1.544739 0.003471
v 2.049033 -1.545587 0.001298
v 2.048009 -1.545163 0.003180
v 2.048759 -1.545473 0.002385
v 2.044706 -1.548151 0.003471
v 2.046273 -1.549718 0.001298
v 2.045489 -1.548934 0.003180
v 2.046063 -1.549508 0.002385
v 2.041294 -1.550431 0.003471
v 2.042142 -1.552478 0.001298
v 2.041718 -1.551454 0.003180
v 2.042028 -1.552204 0.002385
v 2.037055 -0.393139 0.003471
v 2.037055 -1.540500 0.003471
v 0.000000 -1.553447 -0.002187
v -2.050002 -0.393139 -0.002187
v 0.000000 -0.393139 -0.002187
v 0.000000 -0.393139 0.003471
v -2.037270 -1.553447 -0.002187
v -2.050002 -1.540715 -0.002187
v -2.042142 -1.552478 -0.002187
v -2.046273 -1.549718 -0.002187
v -2.049033 -1.545587 -0.002187
v 0.000000 -1.551274 0.003471
v 0.000000 -1.553447 0.001298
v 0.000000 -1.552361 0.003180
v 0.000000 -1.553156 0.002385
v -2.050002 -0.393139 0.001298
v -2.047829 -0.393139 0.003471
v -2.049711 -0.393139 0.002385
v -2.048916 -0.393139 0.003180
v -2.047829 -1.540500 0.003471
v -2.050002 -1.540715 0.001298
v -2.048916 -1.540607 0.003180
v -2.049711 -1.540686 0.002385
v -2.037055 -1.551274 0.003471
v -2.037270 -1.553447 0.001298
v -2.037163 -1.552361 0.003180
v -2.037241 -1.553156 0.002385
v -2.046986 -1.544739 0.003471
v -2.049033 -1.545587 0.001298
v -2.048009 -1.545163 0.003180
v -2.048759 -1.545473 0.002385
v -2.044706 -1.548151 0.003471
v -2.046273 -1.549718 0.001298
v -2.045489 -1.548934 0.003180
v -2.046063 -1.549508 0.002385
v -2.041294 -1.550431 0.003471
v -2.042142 -1.552478 0.001298
v -2.041718 -1.551454 0.003180
v -2.042028 -1.552204 0.002385
v -2.037055 -0.393139 0.003471
v 0.000000 -1.540500 0.003471
v -2.037055 -1.540500 0.003471
vt 0.000868 0.001538
vt 0.000868 0.001538
vt 0.000868 0.001538
vt 0.000868 0.001538
vt 0.000868 0.001538
vt 0.000868 0.001538
vt 0.000868 0.001538
vt 0.000868 0.001538
vt 0.000868 0.001538
vt 0.000868 0.001538
vt 0.000868 0.001538
vt 0.000868 0.001538
vt 0.000868 0.001538
vt 0.000868 0.001538
vt 0.000868 0.001538
vt 0.000868 0.001538
vt 0.000868 0.001538
vt 0.000868 0.001538
vt 0.000868 0.001538
vt 0.000868 0.001538
vt 0.000868 0.001538
vt 0.000868 0.001538
vt 0.000868 0.001538
vt 0.000868 0.001538
vt 0.000868 0.001538
vt 0.000868 0.001538
vt 0.000868 0.001538
vt 0.000868 0.001538
vt 0.000868 0.001538
vt 0.000868 0.001538
vt 0.000868 0.001538
vt 0.000868 0.001538
vt 0.000868 0.001538
vt 0.000868 0.001538
vt 0.000868 0.001538
vt 0.000868 0.001538
vt 0.997277 0.995251
vt 0.997277 0.999901
vt 0.499983 0.999901
vt 0.499983 0.995251
vt 0.999907 0.995251
vt 0.999701 0.997080
vt 0.999144 0.998553
vt 0.998311 0.999537
vt 0.997277 0.500021
vt 0.499983 0.500021
vt 0.999907 0.500021
vt 0.000868 0.001538
vt 0.000868 0.001538
vt 0.000868 0.001538
vt 0.000868 0.001538
vt 0.000868 0.001538
vt 0.000868 0.001538
vt 0.000868 0.001538
vt 0.000868 0.001538
vt 0.000868 0.001538
vt 0.000868 0.001538
vt 0.000868 0.001538
vt 0.000868 0.001538
vt 0.000868 0.001538
vt 0.000868 0.001538
vt 0.000868 0.001538
vt 0.000868 0.001538
vt 0.000868 0.001538
vt 0.000868 0.001538
vt 0.000868 0.001538
vt 0.000868 0.001538
vt 0.000868 0.001538
vt 0.000868 0.001538
vt 0.000868 0.001538
vt 0.000868 0.001538
vt 0.000868 0.001538
vt 0.000868 0.001538
vt 0.000868 0.001538
vt 0.000868 0.001538
vt 0.000868 0.001538
vt 0.000868 0.001538
vt 0.002690 0.995251
vt 0.002690 0.999901
vt 0.000060 0.995251
vt 0.001655 0.999537
vt 0.000822 0.998553
vt 0.000266 0.997080
vt 0.002690 0.500021
vt 0.000060 0.500021
vt 0.000868 0.001538
vt 0.000868 0.001538
vt 0.000868 0.001538
vt 0.000868 0.001538
vt 0.000868 0.001538
vt 0.000868 0.001538
vt 0.000868 0.001538
vt 0.000868 0.001538
vt 0.000868 0.001538
vt 0.000868 0.001538
vt 0.000868 0.001538
vt 0.000868 0.001538
vt 0.000868 0.001538
vt 0.000868 0.001538
vt 0.000868 0.001538
vt 0.000868 0.001538
vt 0.000868 0.001538
vt 0.000868 0.001538
vt 0.000868 0.001538
vt 0.000868 0.001538
vt 0.000868 0.001538
vt 0.000868 0.001538
vt 0.000868 0.001538
vt 0.000868 0.001538
vt 0.000868 0.001538
vt 0.000868 0.001538
vt 0.000868 0.001538
vt 0.000868 0.001538
vt 0.000868 0.001538
vt 0.000868 0.001538
vt 0.997277 0.004791
vt 0.499983 0.004791
vt 0.499983 0.000141
vt 0.997277 0.000141
vt 0.999907 0.004791
vt 0.998311 0.000505
vt 0.999144 0.001489
vt 0.999701 0.002961
vt 0.000868 0.001538
vt 0.000868 0.001538
vt 0.000868 0.001538
vt 0.000868 0.001538
vt 0.000868 0.001538
vt 0.000868 0.001538
vt 0.000868 0.001538
vt 0.000868 0.001538
vt 0.000868 0.001538
vt 0.000868 0.001538
vt 0.000868 0.001538
vt 0.000868 0.001538
vt 0.000868 0.001538
vt 0.000868 0.001538
vt 0.000868 0.001538
vt 0.000868 0.001538
vt 0.000868 0.001538
vt 0.000868 0.001538
vt 0.000868 0.001538
vt 0.000868 0.001538
vt 0.000868 0.001538
vt 0.000868 0.001538
vt 0.000868 0.001538
vt 0.000868 0.001538
vt 0.000868 0.001538
vt 0.002690 0.004791
vt 0.002690 0.000141
vt 0.000060 0.004791
vt 0.000266 0.002961
vt 0.000822 0.001489
vt 0.001655 0.000505
vn 0.0714 0.7244 -0.6857
vn 0.0000 0.7071 -0.7071
vn 0.0000 0.9914 0.1304
vn 0.0972 0.9867 0.1300
vn 0.6894 0.2856 -0.6657
vn 0.9159 0.3794 0.1308
vn 0.9867 0.0972 0.1301
vn 0.7244 0.0714 -0.6857
vn 0.7071 0.0000 -0.7071
vn 0.0000 0.0000 -1.0000
vn 0.2856 0.6894 -0.6657
vn 0.5276 0.5276 -0.6657
vn 0.7010 0.7010 0.1308
vn 0.3794 0.9159 0.1308
vn 0.9914 0.0000 0.1305
vn 0.0135 0.1372 0.9904
vn 0.0550 0.1328 0.9896
vn 0.1979 0.4777 0.8559
vn 0.0500 0.5079 0.8600
vn 0.3330 0.8040 0.4926
vn 0.0852 0.8649 0.4946
vn 0.1017 0.1017 0.9896
vn 0.3656 0.3656 0.8559
vn 0.6153 0.6153 0.4926
vn 0.1329 0.0551 0.9896
vn 0.4778 0.1979 0.8559
vn 0.8039 0.3330 0.4926
vn 0.1372 0.0135 0.9904
vn 0.5079 0.0500 0.8599
vn 0.8649 0.0852 0.4946
vn 0.0000 0.1305 0.9914
vn 0.0000 0.5000 0.8660
vn 0.0000 0.8660 0.5000
vn 0.8660 0.0000 0.5000
vn 0.5000 0.0000 0.8660
vn 0.1305 0.0000 0.9914
vn 0.0000 0.0000 1.0000
vn -0.0714 0.7244 -0.6857
vn -0.0972 0.9867 0.1300
vn -0.6894 0.2856 -0.6657
vn -0.7244 0.0714 -0.6857
vn -0.9867 0.0972 0.1301
vn -0.9159 0.3794 0.1308
vn -0.7071 0.0000 -0.7071
vn -0.5276 0.5276 -0.6657
vn -0.2856 0.6894 -0.6657
vn -0.7010 0.7010 0.1308
vn -0.3794 0.9159 0.1308
vn -0.9914 0.0000 0.1305
vn -0.0135 0.1372 0.9904
vn -0.0500 0.5079 0.8600
vn -0.1979 0.4777 0.8559
vn -0.0550 0.1328 0.9896
vn -0.0852 0.8649 0.4946
vn -0.3330 0.8040 0.4926
vn -0.3656 0.3656 0.8559
vn -0.1017 0.1017 0.9896
vn -0.6153 0.6153 0.4926
vn -0.4778 0.1979 0.8559
vn -0.1329 0.0551 0.9896
vn -0.8039 0.3330 0.4926
vn -0.5079 0.0500 0.8599
vn -0.1372 0.0135 0.9904
vn -0.8649 0.0852 0.4946
vn -0.8660 0.0000 0.5000
vn -0.5000 0.0000 0.8660
vn -0.1305 0.0000 0.9914
vn 0.0714 -0.7244 -0.6857
vn 0.0972 -0.9867 0.1300
vn 0.0000 -0.9914 0.1305
vn 0.0000 -0.7071 -0.7071
vn 0.6894 -0.2856 -0.6657
vn 0.7244 -0.0714 -0.6857
vn 0.9867 -0.0972 0.1301
vn 0.9159 -0.3794 0.1308
vn 0.5276 -0.5276 -0.6657
vn 0.2856 -0.6894 -0.6657
vn 0.7010 -0.7010 0.1308
vn 0.3794 -0.9159 0.1308
vn 0.0135 -0.1372 0.9904
vn 0.0500 -0.5079 0.8600
vn 0.1979 -0.4777 0.8559
vn 0.0550 -0.1328 0.9896
vn 0.0852 -0.8649 0.4946
vn 0.3330 -0.8040 0.4926
vn 0.3656 -0.3656 0.8559
vn 0.1017 -0.1017 0.9896
vn 0.6153 -0.6153 0.4926
vn 0.4778 -0.1979 0.8559
vn 0.1329 -0.0551 0.9896
vn 0.8040 -0.3330 0.4926
vn 0.5079 -0.0500 0.8599
vn 0.1372 -0.0135 0.9904
vn 0.8649 -0.0852 0.4946
vn 0.0000 -0.1305 0.9914
vn 0.0000 -0.5000 0.8660
vn 0.0000 -0.8660 0.5000
vn -0.0714 -0.7244 -0.6857
vn -0.0972 -0.9867 0.1300
vn -0.6894 -0.2856 -0.6657
vn -0.9159 -0.3794 0.1308
vn -0.9867 -0.0972 0.1301
vn -0.7244 -0.0714 -0.6857
vn -0.2856 -0.6894 -0.6657
vn -0.5276 -0.5276 -0.6657
vn -0.7010 -0.7010 0.1308
vn -0.3794 -0.9159 0.1308
vn -0.0135 -0.1372 0.9904
vn -0.0550 -0.1328 0.9896
vn -0.1979 -0.4777 0.8559
vn -0.0500 -0.5079 0.8600
vn -0.3330 -0.8039 0.4926
vn -0.0852 -0.8649 0.4947
vn -0.1017 -0.1017 0.9896
vn -0.3656 -0.3656 0.8559
vn -0.6153 -0.6153 0.4926
vn -0.1329 -0.0550 0.9896
vn -0.4778 -0.1979 0.8559
vn -0.8040 -0.3330 0.4926
vn -0.1372 -0.0135 0.9904
vn -0.5079 -0.0500 0.8599
vn -0.8649 -0.0852 0.4946
usemtl Screen
s 1
f 2250/1911/1678 2276/1912/1679 2283/1913/1680 2260/1914/1681
f 2254/1915/1682 2264/1916/1683 2256/1917/1684 2251/1918/1685
f 2308/1919/1686 2342/1920/1687 2276/1912/1679 2250/1911/1678 2252/1921/1688 2253/1922/1689 2254/1915/1682 2251/1918/1685
f 2253/1922/1689 2268/1923/1690 2264/1916/1683 2254/1915/1682
f 2252/1921/1688 2272/1924/1691 2268/1923/1690 2253/1922/1689
f 2250/1911/1678 2260/1914/1681 2272/1924/1691 2252/1921/1688
f 2251/1918/1685 2256/1917/1684 2314/1925/1692 2308/1919/1686
f 2259/1926/1693 2271/1927/1694 2273/1928/1695 2261/1929/1696
f 2261/1929/1696 2273/1928/1695 2274/1930/1697 2262/1931/1698
f 2262/1931/1698 2274/1930/1697 2272/1924/1691 2260/1914/1681
f 2271/1927/1694 2267/1932/1699 2269/1933/1700 2273/1928/1695
f 2273/1928/1695 2269/1933/1700 2270/1934/1701 2274/1930/1697
f 2274/1930/1697 2270/1934/1701 2268/1923/1690 2272/1924/1691
f 2267/1932/1699 2263/1935/1702 2265/1936/1703 2269/1933/1700
f 2269/1933/1700 2265/1936/1703 2266/1937/1704 2270/1934/1701
f 2270/1934/1701 2266/1937/1704 2264/1916/1683 2268/1923/1690
f 2263/1935/1702 2255/1938/1705 2257/1939/1706 2265/1936/1703
f 2265/1936/1703 2257/1939/1706 2258/1940/1707 2266/1937/1704
f 2266/1937/1704 2258/1940/1707 2256/1917/1684 2264/1916/1683
f 2282/1941/1708 2259/1926/1693 2261/1929/1696 2284/1942/1709
f 2284/1942/1709 2261/1929/1696 2262/1931/1698 2285/1943/1710
f 2285/1943/1710 2262/1931/1698 2260/1914/1681 2283/1913/1680
f 2314/1925/1692 2256/1917/1684 2258/1940/1707 2316/1944/1711
f 2316/1944/1711 2258/1940/1707 2257/1939/1706 2317/1945/1712
f 2317/1945/1712 2257/1939/1706 2255/1938/1705 2315/1946/1713
f 2275/1947/1714 2259/1948/1693 2282/1949/1708 2306/1950/1714
f 2255/1951/1705 2263/1952/1702 2267/1953/1699 2271/1954/1694 2259/1948/1693 2275/1947/1714
f 2338/1955/1714 2275/1947/1714 2306/1950/1714 2343/1956/1714
f 2315/1957/1713 2255/1951/1705 2275/1947/1714 2338/1955/1714
f 2277/1958/1715 2291/1959/1716 2283/1913/1680 2276/1912/1679
f 2281/1960/1717 2278/1961/1718 2287/1962/1719 2295/1963/1720
f 2341/1964/1721 2278/1961/1718 2281/1960/1717 2280/1965/1722 2279/1966/1723 2277/1958/1715 2276/1912/1679 2342/1920/1687
f 2280/1965/1722 2281/1960/1717 2295/1963/1720 2299/1967/1724
f 2279/1966/1723 2280/1965/1722 2299/1967/1724 2303/1968/1725
f 2277/1958/1715 2279/1966/1723 2303/1968/1725 2291/1959/1716
f 2278/1961/1718 2341/1964/1721 2353/1969/1726 2287/1962/1719
f 2290/1970/1727 2292/1971/1728 2304/1972/1729 2302/1973/1730
f 2292/1971/1728 2293/1974/1731 2305/1975/1732 2304/1972/1729
f 2293/1974/1731 2291/1959/1716 2303/1968/1725 2305/1975/1732
f 2302/1973/1730 2304/1972/1729 2300/1976/1733 2298/1977/1734
f 2304/1972/1729 2305/1975/1732 2301/1978/1735 2300/1976/1733
f 2305/1975/1732 2303/1968/1725 2299/1967/1724 2301/1978/1735
f 2298/1977/1734 2300/1976/1733 2296/1979/1736 2294/1980/1737
f 2300/1976/1733 2301/1978/1735 2297/1981/1738 2296/1979/1736
f 2301/1978/1735 2299/1967/1724 2295/1963/1720 2297/1981/1738
f 2294/1980/1737 2296/1979/1736 2288/1982/1739 2286/1983/1740
f 2296/1979/1736 2297/1981/1738 2289/1984/1741 2288/1982/1739
f 2297/1981/1738 2295/1963/1720 2287/1962/1719 2289/1984/1741
f 2282/1941/1708 2284/1942/1709 2292/1971/1728 2290/1970/1727
f 2284/1942/1709 2285/1943/1710 2293/1974/1731 2292/1971/1728
f 2285/1943/1710 2283/1913/1680 2291/1959/1716 2293/1974/1731
f 2353/1969/1726 2355/1985/1742 2289/1984/1741 2287/1962/1719
f 2355/1985/1742 2356/1986/1743 2288/1982/1739 2289/1984/1741
f 2356/1986/1743 2354/1987/1744 2286/1983/1740 2288/1982/1739
f 2307/1988/1714 2306/1950/1714 2282/1949/1708 2290/1989/1727
f 2286/1990/1740 2307/1988/1714 2290/1989/1727 2302/1991/1730 2298/1992/1734 2294/1993/1737
f 2377/1994/1714 2343/1956/1714 2306/1950/1714 2307/1988/1714
f 2354/1995/1744 2377/1994/1714 2307/1988/1714 2286/1990/1740
f 2309/1996/1745 2323/1997/1746 2350/1998/1747 2340/1999/1748
f 2313/2000/1749 2310/2001/1750 2319/2002/1751 2327/2003/1752
f 2308/1919/1686 2310/2001/1750 2313/2000/1749 2312/2004/1753 2311/2005/1754 2309/1996/1745 2340/1999/1748 2342/1920/1687
f 2312/2004/1753 2313/2000/1749 2327/2003/1752 2331/2006/1755
f 2311/2005/1754 2312/2004/1753 2331/2006/1755 2335/2007/1756
f 2309/1996/1745 2311/2005/1754 2335/2007/1756 2323/1997/1746
f 2310/2001/1750 2308/1919/1686 2314/1925/1692 2319/2002/1751
f 2322/2008/1757 2324/2009/1758 2336/2010/1759 2334/2011/1760
f 2324/2009/1758 2325/2012/1761 2337/2013/1762 2336/2010/1759
f 2325/2012/1761 2323/1997/1746 2335/2007/1756 2337/2013/1762
f 2334/2011/1760 2336/2010/1759 2332/2014/1763 2330/2015/1764
f 2336/2010/1759 2337/2013/1762 2333/2016/1765 2332/2014/1763
f 2337/2013/1762 2335/2007/1756 2331/2006/1755 2333/2016/1765
f 2330/2015/1764 2332/2014/1763 2328/2017/1766 2326/2018/1767
f 2332/2014/1763 2333/2016/1765 2329/2019/1768 2328/2017/1766
f 2333/2016/1765 2331/2006/1755 2327/2003/1752 2329/2019/1768
f 2326/2018/1767 2328/2017/1766 2320/2020/1769 2318/2021/1770
f 2328/2017/1766 2329/2019/1768 2321/2022/1771 2320/2020/1769
f 2329/2019/1768 2327/2003/1752 2319/2002/1751 2321/2022/1771
f 2349/2023/1772 2351/2024/1773 2324/2009/1758 2322/2008/1757
f 2351/2024/1773 2352/2025/1774 2325/2012/1761 2324/2009/1758
f 2352/2025/1774 2350/1998/1747 2323/1997/1746 2325/2012/1761
f 2314/1925/1692 2316/1944/1711 2321/2022/1771 2319/2002/1751
f 2316/1944/1711 2317/1945/1712 2320/2020/1769 2321/2022/1771
f 2317/1945/1712 2315/1946/1713 2318/2021/1770 2320/2020/1769
f 2339/2026/1714 2378/2027/1714 2349/2028/1772 2322/2029/1757
f 2318/2030/1770 2339/2026/1714 2322/2029/1757 2334/2031/1760 2330/2032/1764 2326/2033/1767
f 2338/1955/1714 2343/1956/1714 2378/2027/1714 2339/2026/1714
f 2315/1957/1713 2338/1955/1714 2339/2026/1714 2318/2030/1770
f 2344/2034/1775 2340/1999/1748 2350/1998/1747 2362/2035/1776
f 2348/2036/1777 2366/2037/1778 2358/2038/1779 2345/2039/1780
f 2341/1964/1721 2342/1920/1687 2340/1999/1748 2344/2034/1775 2346/2040/1781 2347/2041/1782 2348/2036/1777 2345/2039/1780
f 2347/2041/1782 2370/2042/1783 2366/2037/1778 2348/2036/1777
f 2346/2040/1781 2374/2043/1784 2370/2042/1783 2347/2041/1782
f 2344/2034/1775 2362/2035/1776 2374/2043/1784 2346/2040/1781
f 2345/2039/1780 2358/2038/1779 2353/1969/1726 2341/1964/1721
f 2361/2044/1785 2373/2045/1786 2375/2046/1787 2363/2047/1788
f 2363/2047/1788 2375/2046/1787 2376/2048/1789 2364/2049/1790
f 2364/2049/1790 2376/2048/1789 2374/2043/1784 2362/2035/1776
f 2373/2045/1786 2369/2050/1791 2371/2051/1792 2375/2046/1787
f 2375/2046/1787 2371/2051/1792 2372/2052/1793 2376/2048/1789
f 2376/2048/1789 2372/2052/1793 2370/2042/1783 2374/2043/1784
f 2369/2050/1791 2365/2053/1794 2367/2054/1795 2371/2051/1792
f 2371/2051/1792 2367/2054/1795 2368/2055/1796 2372/2052/1793
f 2372/2052/1793 2368/2055/1796 2366/2037/1778 2370/2042/1783
f 2365/2053/1794 2357/2056/1797 2359/2057/1798 2367/2054/1795
f 2367/2054/1795 2359/2057/1798 2360/2058/1799 2368/2055/1796
f 2368/2055/1796 2360/2058/1799 2358/2038/1779 2366/2037/1778
f 2349/2023/1772 2361/2044/1785 2363/2047/1788 2351/2024/1773
f 2351/2024/1773 2363/2047/1788 2364/2049/1790 2352/2025/1774
f 2352/2025/1774 2364/2049/1790 2362/2035/1776 2350/1998/1747
f 2353/1969/1726 2358/2038/1779 2360/2058/1799 2355/1985/1742
f 2355/1985/1742 2360/2058/1799 2359/2057/1798 2356/1986/1743
f 2356/1986/1743 2359/2057/1798 2357/2056/1797 2354/1987/1744
f 2379/2059/1714 2361/2060/1785 2349/2028/1772 2378/2027/1714
f 2357/2061/1797 2365/2062/1794 2369/2063/1791 2373/2064/1786 2361/2060/1785 2379/2059/1714
f 2377/1994/1714 2379/2059/1714 2378/2027/1714 2343/1956/1714
f 2354/1995/1744 2357/2061/1797 2379/2059/1714 2377/1994/1714
o Cube.003_Cube
v 0.010750 -1.667605 -0.391201
v 0.028236 -1.651423 -0.381310
v 0.070894 -1.530200 -0.163836
v 0.067836 -1.779980 -0.423875
v 0.072385 -1.327074 -0.220597
v 0.068364 -1.217301 -0.186457
v 0.065825 -1.217301 -0.162504
v 0.037247 -1.213332 -0.162497
v 0.038432 -1.530288 -0.163278
v 0.025269 -1.779980 -0.438904
v 0.079237 -1.722778 -0.195115
v 0.071925 -1.653937 -0.368162
v 0.078236 -1.683341 -0.211860
v 0.079065 -1.710453 -0.221379
v 0.060297 -1.710201 -0.219725
v 0.056983 -1.683370 -0.210144
v 0.045827 -1.213332 -0.195224
v 0.045779 -1.326937 -0.234020
v 0.023471 -1.770949 -0.399934
v 0.156272 -1.722945 -0.111925
v 1.031214 -1.778005 0.190385
v 0.425152 -1.777994 -0.009993
v 1.086565 -1.777154 0.069358
v 0.455871 -1.777154 -0.139816
v 0.738856 -1.777995 0.065035
v 0.785164 -1.777154 -0.061706
v 1.416615 -1.777590 0.333444
v 1.365788 -1.777156 0.236996
v 1.433002 -1.777308 0.313745
v 1.436095 -1.777230 0.298679
v 1.431733 -1.777178 0.284034
v 1.402708 -1.780645 0.290423
v 1.069679 -1.721961 0.117144
v 0.447548 -1.723007 -0.087760
v 1.299669 -1.777989 0.349105
v 0.768394 -1.723031 -0.011826
v 1.366718 -1.740088 0.327114
v 1.306479 -1.716435 0.248218
v 1.373146 -1.727679 0.310430
v 1.371242 -1.721966 0.299716
v 1.365103 -1.718128 0.288975
v 0.158916 -1.777153 -0.166547
v 1.376420 -1.780379 0.328621
v 0.073274 -1.777994 -0.030068
v 0.085438 -1.776991 -0.176825
v 0.081694 -1.722925 -0.115273
v 0.778236 -1.729571 -0.039778
v 0.449505 -1.729196 -0.116609
v 1.402308 -1.748626 0.329457
v 1.405590 -1.741018 0.317600
v 1.404404 -1.735214 0.303095
v 1.072485 -1.729586 0.086678
v 1.334422 -1.729763 0.244227
v 1.397233 -1.731339 0.288782
v 0.082938 -1.722433 -0.149569
v 0.024968 -1.763021 -0.432186
v 0.072264 -1.774099 -0.421552
v 0.008664 -1.668324 -0.355124
v 0.040170 -1.780744 -0.134093
v 0.154346 -1.724465 -0.139952
v 0.060941 -1.720963 -0.152577
v 0.147738 -1.777994 -0.028469
v 0.038218 -1.777994 -0.030821
v 0.057179 -1.722919 -0.116325
v 0.036721 -1.780045 -0.435641
v 0.077067 -1.361290 -0.206520
v 0.069109 -1.780082 -0.391619
v 0.061556 -1.205393 -0.176554
v 0.080830 -1.669207 -0.329735
v 0.043302 -1.206182 -0.183602
v 0.080830 -1.776179 -0.376378
v 0.077333 -1.496180 -0.173873
v 0.061141 -1.205393 -0.170309
v 0.047107 -1.206182 -0.170930
v 0.080830 -1.678915 -0.238243
v 0.080830 -1.706759 -0.247966
v 0.085303 -1.752488 -0.166004
v 0.037108 -1.765641 -0.430826
v 0.023366 -1.706232 -0.370297
v 0.030995 -1.780175 -0.412461
v 0.023786 -1.766747 -0.419046
v 0.023787 -1.780082 -0.423571
v 0.008768 -1.668070 -0.376370
v 0.018043 -1.705282 -0.369276
v 0.018454 -1.776534 -0.402526
v 0.018463 -1.776762 -0.422038
v 0.019998 -1.780038 -0.422370
v 0.024862 -1.779158 -0.439205
v 0.072158 -1.779158 -0.423521
v 0.785259 -1.779897 -0.062005
v 1.086757 -1.779897 0.069122
v 1.432204 -1.779897 0.283969
v 1.436528 -1.779897 0.298619
v 1.433376 -1.779897 0.313693
v 1.423097 -1.779787 0.327486
v 0.085441 -1.779774 -0.176874
v 0.158924 -1.779897 -0.166877
v 0.036684 -1.779158 -0.436759
v 0.080830 -1.779158 -0.376882
v 0.018463 -1.779158 -0.425385
v 0.455904 -1.779897 -0.140133
v 1.366216 -1.779897 0.236898
v 0.023674 -1.779158 -0.426685
v 0.023445 -1.756781 -0.392207
v 0.018385 -1.762234 -0.394760
v 0.007750 -1.669357 -0.354334
v 0.045111 -1.205393 -0.190354
v 0.070476 -1.211109 -0.179763
v 0.069687 -1.211109 -0.165913
v 0.041708 -1.205393 -0.164730
v 0.038572 -1.211641 -0.183249
v 0.045710 -1.211641 -0.172625
v 0.035384 -1.215422 -0.181858
v 0.042573 -1.215422 -0.173752
v 0.034544 -1.206489 -0.169170
v 0.033792 -1.215422 -0.171282
v 0.036266 -1.211641 -0.170159
v 0.027605 -1.205393 -0.165580
v -0.010750 -1.667605 -0.391201
v -0.028236 -1.651423 -0.381310
v -0.070894 -1.530200 -0.163836
v -0.067836 -1.779980 -0.423875
v -0.072385 -1.327074 -0.220597
v -0.068364 -1.217301 -0.186457
v -0.065825 -1.217301 -0.162504
v -0.037247 -1.213332 -0.162497
v -0.038432 -1.530288 -0.163278
v -0.025269 -1.779980 -0.438904
v -0.071925 -1.653937 -0.368162
v -0.078236 -1.683341 -0.211860
v -0.079065 -1.710453 -0.221379
v -0.060297 -1.710201 -0.219725
v -0.056983 -1.683370 -0.210144
v -0.045827 -1.213332 -0.195224
v -0.045779 -1.326937 -0.234020
v 0.000000 -1.326937 -0.240825
v 0.000000 -1.530288 -0.163278
v 0.000000 -1.213332 -0.200353
v 0.000000 -1.213332 -0.162568
v -0.023471 -1.770949 -0.399934
v 0.000000 -1.641412 -0.380404
v 0.000000 -1.683370 -0.210144
v 0.000000 -1.665219 -0.391032
v 0.000000 -1.710201 -0.219725
v -0.156272 -1.722945 -0.111925
v -1.031214 -1.778005 0.190385
v -0.425152 -1.777994 -0.009994
v 0.000000 -1.777994 -0.031368
v -1.086565 -1.777154 0.069358
v -0.455871 -1.777154 -0.139816
v -0.738856 -1.777995 0.065035
v -0.785164 -1.777154 -0.061706
v -1.416615 -1.777590 0.333444
v -1.365787 -1.777156 0.236996
v -1.433002 -1.777308 0.313745
v -1.436095 -1.777230 0.298679
v -1.431733 -1.777178 0.284034
v -1.402708 -1.780645 0.290423
v -1.069679 -1.721961 0.117144
v -0.447548 -1.723007 -0.087760
v -1.299669 -1.777989 0.349105
v 0.000000 -1.722909 -0.117956
v -0.768394 -1.723031 -0.011826
v -1.366718 -1.740088 0.327114
v -1.306479 -1.716435 0.248218
v -1.373146 -1.727679 0.310430
v -1.371242 -1.721966 0.299716
v -1.365103 -1.718128 0.288975
v -0.158916 -1.777153 -0.166547
v -1.376420 -1.780379 0.328621
v -0.073274 -1.777994 -0.030068
v -0.085438 -1.776991 -0.176825
v -0.081694 -1.722925 -0.115273
v -0.778236 -1.729571 -0.039778
v -0.449505 -1.729196 -0.116609
v 0.000000 -1.720960 -0.154145
v -1.402308 -1.748626 0.329457
v -1.405590 -1.741018 0.317600
v -1.404404 -1.735214 0.303095
v -1.072485 -1.729586 0.086678
v -1.334422 -1.729763 0.244227
v -1.397233 -1.731339 0.288782
v -0.082938 -1.722433 -0.149569
v -0.024968 -1.763021 -0.432186
v -0.072264 -1.774099 -0.421552
v -0.080830 -1.776179 -0.249673
v -0.008664 -1.668324 -0.355124
v -0.154346 -1.724465 -0.139952
v -0.060941 -1.720963 -0.152577
v -0.147738 -1.777994 -0.028469
v -0.038218 -1.777994 -0.030821
v -0.057179 -1.722919 -0.116325
v -0.036721 -1.780045 -0.435641
v -0.077067 -1.361290 -0.206520
v -0.069109 -1.780082 -0.391619
v -0.061556 -1.205393 -0.176554
v -0.080830 -1.669207 -0.329735
v -0.043302 -1.206182 -0.183602
v -0.000000 -1.205393 -0.194541
v -0.080830 -1.776179 -0.376378
v -0.077333 -1.496180 -0.173873
v -0.061141 -1.205393 -0.170309
v -0.047107 -1.206182 -0.170930
v 0.000000 -1.205393 -0.165026
v -0.080830 -1.678915 -0.238243
v -0.080830 -1.706759 -0.247966
v -0.085303 -1.752488 -0.166004
v -0.037108 -1.765641 -0.430826
v -0.038324 -1.695002 -0.398878
v 0.000000 -1.666228 -0.354918
v 0.000000 -1.776547 -0.403969
v -0.023366 -1.706232 -0.370297
v 0.000000 -1.705295 -0.370723
v -0.030995 -1.780175 -0.412461
v 0.000000 -1.665981 -0.376174
v -0.008768 -1.668070 -0.376370
v -0.023787 -1.780082 -0.423571
v -0.000000 -1.780045 -0.422749
v -0.023786 -1.766747 -0.419047
v -0.022664 -1.685372 -0.382477
v -0.024012 -1.735236 -0.404707
v 0.000000 -1.776762 -0.423009
v -0.018043 -1.705282 -0.369276
v -0.017925 -1.780267 -0.251556
v -0.018454 -1.776534 -0.402525
v -0.019998 -1.780038 -0.422371
v -0.018463 -1.776762 -0.422038
v -0.024862 -1.779158 -0.439206
v -0.072158 -1.779158 -0.423521
v -0.080830 -1.779158 -0.248756
v -0.785259 -1.779897 -0.062005
v -1.086757 -1.779897 0.069122
v -1.432204 -1.779897 0.283969
v -1.436528 -1.779897 0.298619
v -1.433376 -1.779897 0.313693
v -1.423097 -1.779787 0.327486
v -0.085441 -1.779774 -0.176874
v -0.158924 -1.779897 -0.166877
v -0.036684 -1.779158 -0.436759
v -0.080830 -1.779158 -0.376882
v 0.000000 -1.779158 -0.426295
v -0.018463 -1.779158 -0.425385
v -0.455904 -1.779897 -0.140133
v -1.366216 -1.779897 0.236898
v -0.023674 -1.779158 -0.426685
v 0.000000 -1.762285 -0.396248
v -0.023445 -1.756781 -0.392207
v -0.018385 -1.762234 -0.394760
v 0.000000 -1.668245 -0.354434
v -0.007750 -1.669357 -0.354334
v -0.045111 -1.205393 -0.190354
v -0.070476 -1.211109 -0.179763
v 0.000000 -1.206489 -0.188743
v -0.069687 -1.211109 -0.165913
v -0.041708 -1.205393 -0.164730
v 0.000000 -1.206489 -0.169295
v -0.038572 -1.211641 -0.183249
v -0.045710 -1.211641 -0.172625
v 0.000000 -1.211641 -0.187429
v 0.000000 -1.211641 -0.170280
v -0.035384 -1.215422 -0.181858
v -0.042573 -1.215422 -0.173752
v -0.000000 -1.215806 -0.184195
v -0.000000 -1.215806 -0.172762
v -0.034544 -1.206489 -0.169170
v -0.033792 -1.215422 -0.171282
v -0.036266 -1.211641 -0.170159
v -0.027605 -1.205393 -0.165580
v 0.024870 -1.779487 -0.439307
v 0.024931 -1.779731 -0.439304
v 0.062169 -1.326954 -0.227134
v 0.072066 -1.779487 -0.423632
v 0.071418 -1.779731 -0.423718
v 0.036529 -1.780266 -0.251558
v 0.076583 -1.525815 -0.165927
v 0.071203 -1.780038 -0.415834
v 0.069802 -1.780010 -0.421161
v 0.020337 -1.661078 -0.387386
v 0.012671 -1.667001 -0.391128
v 0.060975 -1.214012 -0.189896
v 0.068558 -1.213773 -0.163146
v 0.015101 -1.670431 -0.391898
v 0.043509 -1.416745 -0.273440
v 0.041773 -1.468302 -0.296517
v 0.071048 -1.262993 -0.195482
v 0.071914 -1.297340 -0.208058
v 0.069757 -1.355095 -0.162488
v 0.070394 -1.479562 -0.163067
v 0.037374 -1.261220 -0.162165
v 0.037187 -1.221390 -0.162302
v 0.069296 -1.222312 -0.186917
v 0.070487 -1.240763 -0.190059
v 0.067378 -1.223072 -0.162451
v 0.069310 -1.261284 -0.162419
v 0.039686 -1.582539 -0.166537
v 0.041093 -1.594906 -0.170185
v 0.060297 -1.713831 -0.219026
v 0.072134 -1.694167 -0.386408
v 0.072627 -1.720571 -0.398004
v 0.079067 -1.719292 -0.213881
v 0.077369 -1.724651 -0.395350
v 0.059883 -1.703333 -0.218136
v 0.060245 -1.707673 -0.219407
v 0.060299 -1.718150 -0.213060
v 0.060427 -1.721425 -0.194824
v 0.045910 -1.240698 -0.202537
v 0.045826 -1.220630 -0.197267
v 0.053241 -1.650599 -0.374212
v 0.073115 -1.563690 -0.326823
v 0.075417 -1.623971 -0.185459
v 0.079717 -1.657585 -0.358741
v 0.077073 -1.655485 -0.364536
v 0.071689 -1.683366 -0.210359
v 0.078961 -1.703415 -0.219886
v 0.079052 -1.707820 -0.221130
v 0.054901 -1.214012 -0.162446
v 0.057058 -1.530277 -0.163348
v 0.074071 -1.710232 -0.219931
v 0.080830 -1.690611 -0.345368
v 0.079065 -1.714451 -0.220414
v 0.037383 -1.560668 -0.338481
v 0.031598 -1.683370 -0.210144
v 0.046229 -1.297282 -0.221585
v 0.046212 -1.262991 -0.208823
v 0.158394 -1.774796 -0.165407
v 0.038123 -1.479599 -0.162631
v 0.037704 -1.355096 -0.162177
v 0.073176 -1.417308 -0.260524
v 0.073377 -1.469375 -0.283977
v 0.072355 -1.582286 -0.167475
v 0.073283 -1.594587 -0.171335
v 0.024529 -1.213332 -0.199025
v 0.024258 -1.326937 -0.238975
v 0.020143 -1.676179 -0.393821
v 0.024155 -1.686085 -0.397750
v 0.019164 -1.530288 -0.163279
v 0.046573 -1.624273 -0.183973
v 0.018959 -1.213332 -0.162563
v 0.038307 -1.206385 -0.163275
v 0.012446 -1.642911 -0.380280
v 0.005598 -1.665830 -0.391012
v 0.369736 -1.777154 -0.150633
v 0.287798 -1.777154 -0.158232
v 0.033876 -1.710201 -0.219725
v 0.033949 -1.721424 -0.195025
v 0.000000 -1.624273 -0.183973
v 0.000000 -1.582539 -0.166537
v 0.000000 -1.594906 -0.170185
v 0.000000 -1.416661 -0.279434
v 0.000000 -1.468017 -0.301970
v -0.000000 -1.780268 -0.251556
v 0.147879 -1.780787 -0.033301
v 0.147789 -1.780779 -0.030227
v 0.147753 -1.780572 -0.028982
v 0.000000 -1.713831 -0.219026
v 0.000000 -1.703333 -0.218136
v 0.000000 -1.707673 -0.219407
v 0.000000 -1.654103 -0.386370
v 0.000000 -1.664204 -0.390946
v 0.000000 -1.718150 -0.213065
v 0.000000 -1.721424 -0.195139
v 0.000000 -1.559291 -0.342687
v 0.000000 -1.297282 -0.228603
v 0.000000 -1.262991 -0.215835
v 0.000000 -1.479599 -0.162631
v 0.000000 -1.355096 -0.162177
v 0.000000 -1.261220 -0.162166
v 0.000000 -1.221390 -0.162332
v -0.000000 -1.205517 -0.164155
v -0.000000 -1.206385 -0.163477
v 0.000000 -1.240698 -0.208975
v 0.000000 -1.220630 -0.202809
v 0.025094 -1.780010 -0.438399
v 0.024960 -1.780034 -0.437435
v 0.267723 -1.777994 -0.024327
v 0.344298 -1.777994 -0.018967
v 0.812049 -1.777995 0.090881
v 0.884118 -1.777996 0.119757
v 0.956645 -1.777999 0.152608
v 0.706565 -1.777154 -0.085849
v 0.625175 -1.777154 -0.107154
v 0.541456 -1.777154 -0.125262
v 0.158108 -1.712613 -0.132920
v 0.785146 -1.780186 -0.061700
v 0.784356 -1.780405 -0.059566
v 0.425118 -1.779226 -0.009711
v 0.425126 -1.778597 -0.009777
v 0.505971 -1.777995 0.003371
v 0.585513 -1.777995 0.020763
v 0.663300 -1.777995 0.041534
v 1.009789 -1.777154 0.029772
v 0.935164 -1.777154 -0.004677
v 0.860889 -1.777154 -0.034874
v 0.000000 -1.778596 -0.031133
v 0.000000 -1.779226 -0.031062
v 0.157773 -1.713413 -0.126786
v 0.000000 -1.780779 -0.033169
v 0.000000 -1.780572 -0.031893
v 0.425343 -1.780779 -0.011667
v 0.425207 -1.780572 -0.010483
v 1.032475 -1.780779 0.189448
v 1.031962 -1.780572 0.190367
v 0.739341 -1.780779 0.063456
v 0.738999 -1.780572 0.064572
v 1.031245 -1.778601 0.190637
v 1.031353 -1.779228 0.190780
v 0.738776 -1.779226 0.065300
v 0.738794 -1.778597 0.065239
v 1.086819 -1.780186 0.069512
v 1.087257 -1.780405 0.072241
v 1.427972 -1.777377 0.321524
v 1.430994 -1.777333 0.317406
v 1.435475 -1.777266 0.306305
v 1.436020 -1.777247 0.302497
v 1.435695 -1.777214 0.294888
v 1.434828 -1.777200 0.291159
v 1.433504 -1.777188 0.287530
v 1.428674 -1.777170 0.280160
v 1.420070 -1.777164 0.273199
v 1.431878 -1.780185 0.283934
v 1.429593 -1.780398 0.283689
v 1.436187 -1.780185 0.298534
v 1.433800 -1.780398 0.297941
v 1.433046 -1.780185 0.313557
v 1.430733 -1.780398 0.312607
v 1.421113 -1.779932 0.328991
v 1.417293 -1.780122 0.329447
v 1.311776 -1.777155 0.202570
v 1.243098 -1.777154 0.160010
v 1.165958 -1.777154 0.114032
v 1.361356 -1.778064 0.383104
v 1.358685 -1.778058 0.384111
v 1.357433 -1.778034 0.384292
v 1.348864 -1.777928 0.379734
v 0.000000 -1.713377 -0.133360
v 0.282917 -1.722977 -0.104832
v 0.363273 -1.722994 -0.097934
v 0.451497 -1.713477 -0.101629
v 0.000000 -1.711884 -0.137833
v 0.000000 -1.711813 -0.136868
v 0.452210 -1.711888 -0.104876
v 0.452317 -1.711943 -0.105807
v 0.000000 -1.712598 -0.139611
v 0.452512 -1.712639 -0.107519
v 0.775533 -1.712646 -0.031204
v 0.774759 -1.711905 -0.028691
v 0.775031 -1.711956 -0.029577
v 0.773641 -1.713502 -0.025528
v 0.531041 -1.723015 -0.073734
v 0.612558 -1.723020 -0.056103
v 0.691781 -1.723024 -0.035316
v 0.842505 -1.723025 0.014182
v 0.915929 -1.722917 0.043584
v 0.990907 -1.722598 0.077524
v 1.065810 -1.713443 0.099357
v 1.065826 -1.711966 0.095734
v 1.066260 -1.712002 0.094948
v 1.067099 -1.712671 0.093531
v 1.387221 -1.726518 0.317214
v 1.367590 -1.729396 0.309757
v 1.362646 -1.732454 0.311720
v 1.380318 -1.740207 0.335648
v 1.392426 -1.726603 0.318799
v 1.391305 -1.726362 0.318685
v 1.384338 -1.740381 0.337595
v 1.385475 -1.740681 0.337812
v 1.394581 -1.727569 0.318908
v 1.387720 -1.741638 0.337965
v 1.384961 -1.719742 0.304507
v 1.366688 -1.723680 0.299745
v 1.363689 -1.725730 0.301288
v 1.389983 -1.719291 0.305083
v 1.388909 -1.719184 0.305224
v 1.392068 -1.720052 0.304806
v 1.377699 -1.715189 0.291780
v 1.361674 -1.719729 0.289638
v 1.360083 -1.721434 0.291647
v 1.365252 -1.721966 0.295900
v 1.382208 -1.714392 0.291417
v 1.381256 -1.714370 0.291785
v 1.384108 -1.715026 0.290797
v 1.316970 -1.713240 0.249093
v 1.343464 -1.719015 0.276505
v 1.357653 -1.718778 0.285270
v 1.321048 -1.712350 0.248198
v 1.320282 -1.712346 0.248743
v 1.322611 -1.712960 0.247278
v 1.301402 -1.776039 0.347531
v 1.151649 -1.720912 0.161673
v 1.224868 -1.719425 0.202693
v 1.277349 -1.717653 0.231928
v 0.777336 -1.723405 -0.036931
v 0.776747 -1.719381 -0.035066
v 0.776382 -1.716919 -0.033909
v 1.033351 -1.775623 0.188345
v 1.108128 -1.778013 0.233087
v 1.182571 -1.778018 0.276929
v 0.739800 -1.775736 0.062436
v 0.438658 -1.744399 -0.057235
v 0.000000 -1.775731 -0.034313
v 0.451480 -1.723244 -0.113584
v 0.452450 -1.719330 -0.111605
v 0.452756 -1.716909 -0.110378
v 0.000000 -1.719746 -0.148092
v 0.000000 -1.718265 -0.144532
v 0.000000 -1.716740 -0.142694
v 1.407406 -1.777776 0.342165
v 1.396464 -1.777944 0.352239
v 1.384992 -1.778027 0.362633
v 1.399840 -1.747134 0.330979
v 1.396807 -1.745626 0.332960
v 1.394108 -1.744517 0.334779
v 1.402029 -1.736315 0.318100
v 1.399693 -1.733240 0.318426
v 1.398234 -1.731343 0.318625
v 1.400288 -1.729770 0.303669
v 1.397593 -1.726214 0.304044
v 1.395920 -1.724032 0.304277
v 1.077942 -1.747994 0.079965
v 1.346580 -1.748104 0.241424
v 1.410606 -1.749077 0.286942
v 0.152877 -1.744359 -0.079161
v 1.344147 -1.750305 0.330389
v 1.085862 -1.774718 0.070223
v 1.364222 -1.774729 0.237357
v 1.430012 -1.774827 0.284271
v 0.784818 -1.774717 -0.060611
v 0.455256 -1.774670 -0.138659
v 0.147731 -1.778597 -0.028240
v 0.147729 -1.779226 -0.028171
v 1.415036 -1.775908 0.334013
v 1.431634 -1.775434 0.313938
v 1.434514 -1.775070 0.298899
v 1.071352 -1.741877 0.153394
v 0.756745 -1.744415 0.018372
v 0.425797 -1.775735 -0.012657
v 0.000000 -1.744336 -0.083958
v 1.347024 -1.780318 0.336242
v 0.446518 -1.780739 -0.102130
v 0.435707 -1.780785 -0.058165
v 1.093218 -1.780739 0.116127
v 1.074558 -1.780785 0.157686
v 0.771483 -1.780739 -0.024797
v 0.755571 -1.780785 0.018236
v 1.304721 -1.780277 0.348546
v -0.000000 -1.780787 -0.036319
v 0.425680 -1.780787 -0.014591
v 1.033627 -1.780787 0.187096
v 0.740186 -1.780787 0.060698
v 1.302194 -1.780109 0.350401
v 1.303060 -1.780271 0.349978
v 1.300027 -1.778508 0.349537
v 1.300532 -1.779042 0.349940
v 0.056932 -1.777994 -0.030419
v 0.121417 -1.777151 -0.168677
v 0.099970 -1.777133 -0.170529
v 0.072262 -1.722923 -0.115665
v 0.073299 -1.780779 -0.031849
v 0.073281 -1.780572 -0.030588
v 0.073344 -1.780787 -0.034966
v 0.078335 -1.744346 -0.081820
v 0.083447 -1.712605 -0.136636
v 0.083405 -1.711825 -0.133906
v 0.083420 -1.711894 -0.134867
v 0.083172 -1.713393 -0.130437
v 0.085426 -1.774767 -0.175965
v 0.085357 -1.780070 -0.176630
v 0.084768 -1.780301 -0.175080
v 0.077501 -1.780731 -0.133670
v 0.075155 -1.780785 -0.082322
v 0.073270 -1.778596 -0.029836
v 0.073269 -1.779226 -0.029766
v 0.073496 -1.775732 -0.032969
v 0.780921 -1.747986 -0.048278
v 0.445491 -1.747146 -0.125630
v 0.147975 -1.775733 -0.031314
v 1.406604 -1.758543 0.331579
v 1.416215 -1.755055 0.316106
v 1.416688 -1.751471 0.301383
v 1.068721 -1.716937 0.091317
v 1.069461 -1.719398 0.090401
v 1.070657 -1.723420 0.088928
v 1.326044 -1.717164 0.246171
v 1.327686 -1.719614 0.245784
v 1.330349 -1.723621 0.245166
v 1.388012 -1.719150 0.290059
v 1.389823 -1.721522 0.289804
v 1.392753 -1.725399 0.289399
v 0.083478 -1.716766 -0.139654
v 0.083435 -1.718425 -0.141168
v 0.083295 -1.720283 -0.143943
v 0.700725 -1.729563 -0.063489
v 0.620114 -1.729522 -0.084463
v 0.536382 -1.729412 -0.102302
v 1.284169 -1.729643 0.211981
v 1.220133 -1.729590 0.172094
v 1.147757 -1.729580 0.128886
v 0.119234 -1.723321 -0.141242
v 0.098844 -1.722733 -0.142609
v 1.393821 -1.730746 0.284986
v 1.385367 -1.730297 0.278314
v 1.403143 -1.734037 0.299411
v 1.401516 -1.732992 0.295774
v 1.399540 -1.732090 0.292220
v 1.405776 -1.737926 0.310464
v 1.405283 -1.736515 0.306791
v 1.404062 -1.744577 0.324199
v 1.404935 -1.742696 0.320989
v 0.998618 -1.729587 0.048946
v 0.925892 -1.729583 0.015790
v 0.852899 -1.729577 -0.013537
v 0.360902 -1.728780 -0.127115
v 0.277747 -1.727838 -0.134057
v 0.158121 -1.716810 -0.135843
v 0.157715 -1.718717 -0.136855
v 0.156579 -1.721233 -0.138199
v 0.155473 -1.780739 -0.126417
v 0.151502 -1.780785 -0.079616
v 0.000000 -1.665885 -0.389555
v 0.000000 -1.665659 -0.390517
v 0.025150 -1.735228 -0.419679
v 0.072473 -1.767492 -0.418658
v 0.024186 -1.762903 -0.430472
v 0.024451 -1.762943 -0.431515
v 0.158896 -1.780186 -0.166545
v 0.158698 -1.780405 -0.164225
v 0.009604 -1.667874 -0.390702
v 0.009015 -1.668012 -0.389747
v 0.079759 -1.775919 -0.409789
v 0.077216 -1.775301 -0.417205
v 0.031346 -1.764316 -0.431813
v 0.025911 -1.763176 -0.432472
v 0.059929 -1.780741 -0.133555
v 0.061049 -1.716744 -0.140828
v 0.061042 -1.718269 -0.142697
v 0.061010 -1.719750 -0.146347
v 0.039190 -1.780785 -0.083488
v 0.080830 -1.776179 -0.249673
v 0.075176 -1.721117 -0.151751
v 0.142761 -1.750856 -0.154026
v 0.098016 -1.722929 -0.114553
v 0.119360 -1.722935 -0.113591
v 0.158028 -1.711840 -0.130206
v 0.158057 -1.711906 -0.131161
v 0.092169 -1.777994 -0.029662
v 0.112781 -1.777994 -0.029220
v 0.019109 -1.777994 -0.031197
v 0.031730 -1.722913 -0.117369
v -0.000000 -1.780744 -0.135251
v -0.000000 -1.780785 -0.084366
v 0.060501 -1.713387 -0.131539
v 0.060991 -1.711821 -0.135018
v 0.061002 -1.711891 -0.135980
v 0.061022 -1.712602 -0.137753
v 0.038255 -1.780787 -0.035750
v 0.038232 -1.780779 -0.032613
v 0.038222 -1.780572 -0.031344
v 0.049599 -1.744342 -0.082757
v 0.038217 -1.778596 -0.030587
v 0.038216 -1.779226 -0.030516
v 0.038699 -1.775732 -0.033735
v 0.034238 -1.720961 -0.153576
v 0.036684 -1.779488 -0.436851
v 0.036689 -1.779739 -0.436782
v 0.075046 -1.327725 -0.218068
v 0.076423 -1.331557 -0.215433
v 0.070612 -1.780048 -0.316754
v 0.069305 -1.215449 -0.185289
v 0.070081 -1.213773 -0.183901
v 0.080830 -1.671198 -0.279672
v 0.080830 -1.668644 -0.303703
v 0.045822 -1.208742 -0.193687
v 0.045749 -1.206385 -0.192502
v 0.000000 -1.208742 -0.198495
v 0.000000 -1.206385 -0.197067
v 0.080830 -1.776179 -0.312576
v 0.080830 -1.773682 -0.375640
v 0.024207 -1.205393 -0.193499
v 0.036635 -1.780159 -0.432654
v 0.036734 -1.780120 -0.434353
v 0.078728 -1.445890 -0.239043
v 0.079515 -1.491730 -0.258509
v 0.060214 -1.205982 -0.185387
v 0.080830 -1.704315 -0.349881
v 0.080830 -1.731332 -0.358553
v 0.080540 -1.575888 -0.295515
v 0.076372 -1.327862 -0.196392
v 0.075369 -1.278349 -0.186320
v 0.074794 -1.244089 -0.182129
v 0.073158 -1.219945 -0.179762
v 0.054181 -1.780034 -0.429704
v 0.080670 -1.779488 -0.377150
v 0.079551 -1.779743 -0.378676
v 0.077129 -1.391880 -0.198936
v 0.077201 -1.428753 -0.190081
v 0.072055 -1.212480 -0.175882
v 0.072474 -1.212855 -0.172337
v 0.047023 -1.206372 -0.180042
v 0.048336 -1.206423 -0.176853
v 0.037468 -1.215590 -0.180052
v 0.039697 -1.215674 -0.177560
v 0.072238 -1.780113 -0.251547
v 0.080506 -1.682744 -0.217731
v 0.080609 -1.710371 -0.227184
v 0.075532 -1.257770 -0.167043
v 0.073313 -1.220452 -0.166234
v 0.076762 -1.449122 -0.170903
v 0.076013 -1.339742 -0.168092
v 0.080553 -1.613547 -0.211442
v 0.055685 -1.205982 -0.164635
v 0.017218 -1.205393 -0.165115
v 0.078832 -1.554330 -0.184313
v 0.079574 -1.573161 -0.191864
v 0.080830 -1.712046 -0.249035
v 0.080830 -1.700026 -0.243501
v 0.080830 -1.704255 -0.245794
v 0.080831 -1.719957 -0.242947
v 0.080869 -1.743875 -0.232215
v 0.084936 -1.727618 -0.154378
v 0.142593 -1.732528 -0.144646
v 0.114684 -1.751971 -0.156201
v 0.055021 -1.769920 -0.427379
v 0.037937 -1.742886 -0.420405
v 0.035649 -1.680336 -0.392832
v 0.038324 -1.695002 -0.398878
v 0.023640 -1.766362 -0.400265
v 0.012871 -1.670881 -0.355748
v 0.017902 -1.675813 -0.357357
v 0.022184 -1.685344 -0.361149
v 0.004331 -1.666746 -0.354919
v 0.000000 -1.670698 -0.355462
v 0.000000 -1.672274 -0.356121
v 0.000000 -1.675950 -0.357681
v 0.000000 -1.685370 -0.361810
v 0.030997 -1.780044 -0.437480
v 0.025897 -1.780010 -0.438902
v 0.010172 -1.705290 -0.370195
v 0.023596 -1.764950 -0.396429
v 0.000000 -1.774571 -0.401917
v 0.010430 -1.776542 -0.403440
v 0.080830 -1.695646 -0.289037
v 0.032633 -1.670488 -0.388983
v 0.071741 -1.680037 -0.380093
v 0.022664 -1.685372 -0.382477
v 0.013030 -1.670641 -0.376994
v 0.024012 -1.735236 -0.404707
v 0.025485 -1.780142 -0.422827
v 0.000000 -1.779488 -0.426349
v 0.000000 -1.779739 -0.426015
v -0.000000 -1.780159 -0.414935
v 0.000000 -1.776659 -0.406995
v 0.010436 -1.776762 -0.422654
v 0.004395 -1.666503 -0.376175
v 0.018441 -1.675943 -0.378722
v 0.022024 -1.705398 -0.368968
v 0.017076 -1.685329 -0.360429
v 0.022391 -1.775651 -0.401723
v 0.022435 -1.775731 -0.421438
v 0.010951 -1.780034 -0.422809
v 0.018434 -1.779487 -0.425464
v 0.018234 -1.779731 -0.425300
v 0.018461 -1.776658 -0.405629
v 0.018284 -1.734407 -0.382303
v 0.455904 -1.778763 -0.140133
v 1.366216 -1.778763 0.236898
v 1.417607 -1.778020 0.332677
v 1.419160 -1.778345 0.331297
v 0.023674 -1.777861 -0.426235
v 0.024862 -1.777860 -0.438756
v 0.072158 -1.777861 -0.423088
v 0.080830 -1.777861 -0.249155
v 0.785259 -1.778763 -0.062005
v 1.086757 -1.778763 0.069122
v 1.432204 -1.778763 0.283969
v 1.436528 -1.778763 0.298619
v 1.433376 -1.778763 0.313693
v 1.421508 -1.778882 0.329072
v 0.085441 -1.778612 -0.176974
v 0.158924 -1.778763 -0.166877
v 0.036683 -1.777861 -0.436310
v 0.080830 -1.777861 -0.376662
v 0.000000 -1.777861 -0.425845
v 0.018463 -1.777861 -0.424936
v 0.455288 -1.780405 -0.137642
v 0.455827 -1.780186 -0.139822
v 1.363525 -1.780398 0.236699
v 1.365880 -1.780185 0.236873
v 0.023655 -1.779743 -0.426532
v 0.023672 -1.779488 -0.426755
v 1.420544 -1.779897 0.273130
v 1.429150 -1.779897 0.280094
v 1.433967 -1.779897 0.287466
v 1.435283 -1.779897 0.291096
v 1.436140 -1.779897 0.294826
v 1.436440 -1.779897 0.302438
v 1.435880 -1.779897 0.306248
v 1.431434 -1.779895 0.317276
v 1.428970 -1.779879 0.320839
v 0.010436 -1.779158 -0.425962
v 0.022423 -1.779158 -0.425280
v 0.080830 -1.779158 -0.312365
v 0.079746 -1.779158 -0.410788
v 0.077172 -1.779158 -0.418571
v 0.054716 -1.779158 -0.431333
v 0.024406 -1.779158 -0.438551
v 0.024173 -1.779158 -0.437516
v 0.121423 -1.779895 -0.169005
v 0.099975 -1.779882 -0.170826
v 0.369759 -1.779897 -0.150954
v 0.287814 -1.779897 -0.158556
v 1.312153 -1.779897 0.202442
v 1.243411 -1.779897 0.159845
v 1.166207 -1.779897 0.113830
v 1.009941 -1.779897 0.029511
v 0.935290 -1.779897 -0.004956
v 0.860999 -1.779897 -0.035165
v 0.706643 -1.779897 -0.086154
v 0.625237 -1.779897 -0.107463
v 0.541503 -1.779897 -0.125575
v 0.030957 -1.779158 -0.438335
v 0.025711 -1.779158 -0.439451
v 0.080830 -1.779158 -0.248756
v 0.000000 -1.734444 -0.383778
v 0.023569 -1.735707 -0.383215
v 0.018432 -1.774535 -0.400436
v 0.010382 -1.762266 -0.395704
v 0.022340 -1.761268 -0.393896
v 0.013500 -1.675853 -0.356568
v 0.004479 -1.668600 -0.354365
v 0.000000 -1.666850 -0.353998
v 0.011155 -1.672578 -0.355369
v 0.009933 -1.671225 -0.354907
v 0.008366 -1.668830 -0.354184
v 0.022934 -1.206456 -0.187730
v 0.055306 -1.205474 -0.179504
v 0.061924 -1.205393 -0.175035
v 0.062060 -1.205393 -0.173132
v 0.043023 -1.211641 -0.180647
v 0.045250 -1.211641 -0.177728
v 0.054852 -1.205474 -0.170531
v 0.019565 -1.206489 -0.169249
v 0.000000 -1.205530 -0.191438
v 0.043752 -1.205474 -0.187465
v 0.065549 -1.205982 -0.177554
v 0.064743 -1.205982 -0.168317
v 0.000000 -1.205530 -0.167283
v 0.045082 -1.205474 -0.167163
v 0.022179 -1.211641 -0.186491
v 0.020594 -1.211641 -0.170235
v 0.040266 -1.207382 -0.183411
v 0.046125 -1.207382 -0.171989
v 0.000000 -1.207494 -0.187983
v 0.000000 -1.207494 -0.169865
v -0.000000 -1.216237 -0.181299
v -0.000000 -1.216381 -0.178009
v -0.000000 -1.216237 -0.175047
v 0.022649 -1.215740 -0.183405
v 0.021652 -1.215740 -0.172274
v 0.042142 -1.206456 -0.169324
v 0.039105 -1.206485 -0.169168
v 0.038733 -1.215674 -0.172371
v 0.036088 -1.215590 -0.171696
v 0.043665 -1.211641 -0.170433
v 0.040915 -1.211641 -0.170173
v 0.032250 -1.205393 -0.165003
v 0.029416 -1.205393 -0.165283
v 0.035435 -1.207494 -0.169742
v 0.031380 -1.205530 -0.167236
v -0.024870 -1.779487 -0.439307
v -0.024931 -1.779731 -0.439304
v -0.062169 -1.326954 -0.227134
v -0.072066 -1.779487 -0.423632
v -0.071418 -1.779731 -0.423718
v -0.076583 -1.525815 -0.165927
v -0.080684 -1.779488 -0.248967
v -0.071203 -1.780038 -0.415834
v -0.069802 -1.780010 -0.421161
v -0.020337 -1.661078 -0.387385
v -0.012671 -1.667001 -0.391128
v -0.060975 -1.214012 -0.189896
v -0.068558 -1.213773 -0.163146
v -0.015101 -1.670431 -0.391898
v -0.043509 -1.416745 -0.273439
v -0.041773 -1.468302 -0.296517
v -0.071048 -1.262993 -0.195482
v -0.071914 -1.297340 -0.208059
v -0.069757 -1.355095 -0.162488
v -0.070394 -1.479562 -0.163067
v -0.037374 -1.261220 -0.162165
v -0.037187 -1.221390 -0.162302
v -0.069296 -1.222312 -0.186917
v -0.070487 -1.240763 -0.190059
v -0.067378 -1.223072 -0.162451
v -0.069310 -1.261284 -0.162419
v -0.039686 -1.582539 -0.166537
v -0.041093 -1.594906 -0.170185
v -0.060297 -1.713831 -0.219026
v -0.072134 -1.694167 -0.386408
v -0.072627 -1.720571 -0.398004
v -0.079067 -1.719292 -0.213881
v -0.079237 -1.722778 -0.195115
v -0.079805 -1.727354 -0.389331
v -0.059883 -1.703333 -0.218136
v -0.060245 -1.707673 -0.219407
v -0.060299 -1.718150 -0.213060
v -0.060427 -1.721425 -0.194824
v -0.045910 -1.240698 -0.202537
v -0.045826 -1.220630 -0.197267
v -0.053241 -1.650599 -0.374212
v -0.073115 -1.563690 -0.326823
v -0.075417 -1.623971 -0.185459
v -0.025635 -1.686826 -0.398198
v -0.079717 -1.657585 -0.358741
v -0.077073 -1.655485 -0.364536
v -0.071689 -1.683366 -0.210359
v -0.078961 -1.703415 -0.219886
v -0.079052 -1.707820 -0.221130
v -0.054901 -1.214012 -0.162446
v -0.057058 -1.530277 -0.163348
v -0.074071 -1.710232 -0.219931
v -0.080830 -1.690611 -0.345368
v -0.079065 -1.714451 -0.220414
v -0.037383 -1.560668 -0.338481
v -0.031598 -1.683370 -0.210144
v -0.046229 -1.297282 -0.221585
v -0.046212 -1.262991 -0.208823
v -0.158394 -1.774796 -0.165407
v -0.038123 -1.479599 -0.162631
v -0.037704 -1.355096 -0.162177
v -0.073176 -1.417308 -0.260524
v -0.073377 -1.469375 -0.283977
v -0.072355 -1.582286 -0.167475
v -0.073283 -1.594587 -0.171335
v -0.024529 -1.213332 -0.199025
v -0.024258 -1.326937 -0.238974
v -0.020143 -1.676179 -0.393821
v -0.024155 -1.686085 -0.397750
v -0.019164 -1.530288 -0.163279
v -0.046573 -1.624273 -0.183973
v -0.018959 -1.213332 -0.162563
v -0.038307 -1.206385 -0.163275
v -0.012446 -1.642911 -0.380280
v -0.005598 -1.665830 -0.391012
v -0.369736 -1.777154 -0.150633
v -0.287798 -1.777154 -0.158232
v -0.016877 -1.780203 -0.317032
v -0.033876 -1.710201 -0.219725
v -0.033949 -1.721424 -0.195025
v -0.147879 -1.780787 -0.033301
v -0.147789 -1.780779 -0.030227
v -0.147753 -1.780572 -0.028982
v -0.022850 -1.685461 -0.395909
v -0.025094 -1.780010 -0.438399
v -0.024960 -1.780034 -0.437435
v -0.267723 -1.777994 -0.024327
v -0.344298 -1.777994 -0.018967
v -0.812049 -1.777995 0.090881
v -0.884118 -1.777996 0.119757
v -0.956645 -1.777999 0.152608
v -0.706565 -1.777154 -0.085849
v -0.625175 -1.777154 -0.107154
v -0.541456 -1.777154 -0.125262
v -0.158108 -1.712613 -0.132920
v -0.785146 -1.780186 -0.061700
v -0.784356 -1.780405 -0.059566
v -0.425118 -1.779226 -0.009711
v -0.425126 -1.778597 -0.009777
v -0.505971 -1.777995 0.003371
v -0.585513 -1.777995 0.020763
v -0.663300 -1.777995 0.041534
v -1.009789 -1.777154 0.029772
v -0.935164 -1.777154 -0.004677
v -0.860889 -1.777154 -0.034874
v -0.157773 -1.713413 -0.126786
v -0.425343 -1.780779 -0.011667
v -0.425207 -1.780572 -0.010483
v -1.032475 -1.780779 0.189448
v -1.031961 -1.780572 0.190367
v -0.739341 -1.780779 0.063456
v -0.738999 -1.780572 0.064572
v -1.031245 -1.778601 0.190637
v -1.031353 -1.779228 0.190780
v -0.738776 -1.779226 0.065300
v -0.738794 -1.778597 0.065239
v -1.086819 -1.780186 0.069512
v -1.087257 -1.780405 0.072241
v -1.427972 -1.777377 0.321524
v -1.430995 -1.777333 0.317406
v -1.435475 -1.777266 0.306305
v -1.436020 -1.777247 0.302497
v -1.435695 -1.777214 0.294888
v -1.434828 -1.777200 0.291159
v -1.433504 -1.777188 0.287530
v -1.428674 -1.777170 0.280160
v -1.420070 -1.777164 0.273199
v -1.431878 -1.780185 0.283934
v -1.429593 -1.780398 0.283689
v -1.436187 -1.780185 0.298534
v -1.433800 -1.780398 0.297941
v -1.433046 -1.780185 0.313557
v -1.430733 -1.780398 0.312607
v -1.421113 -1.779932 0.328991
v -1.417293 -1.780122 0.329447
v -1.311776 -1.777155 0.202571
v -1.243098 -1.777154 0.160010
v -1.165958 -1.777154 0.114032
v -1.361356 -1.778064 0.383104
v -1.358685 -1.778058 0.384111
v -1.357433 -1.778034 0.384292
v -1.348864 -1.777928 0.379734
v -0.282917 -1.722977 -0.104832
v -0.363273 -1.722994 -0.097934
v -0.451497 -1.713477 -0.101629
v -0.452210 -1.711888 -0.104876
v -0.452317 -1.711943 -0.105807
v -0.452512 -1.712639 -0.107519
v -0.775533 -1.712646 -0.031204
v -0.774759 -1.711905 -0.028691
v -0.775031 -1.711956 -0.029577
v -0.773641 -1.713502 -0.025528
v -0.531041 -1.723015 -0.073734
v -0.612558 -1.723020 -0.056103
v -0.691781 -1.723024 -0.035316
v -0.842505 -1.723025 0.014182
v -0.915929 -1.722917 0.043584
v -0.990907 -1.722598 0.077524
v -1.065810 -1.713443 0.099357
v -1.065826 -1.711966 0.095734
v -1.066260 -1.712002 0.094948
v -1.067099 -1.712671 0.093531
v -1.387221 -1.726518 0.317214
v -1.367590 -1.729396 0.309757
v -1.362646 -1.732454 0.311720
v -1.380318 -1.740207 0.335648
v -1.392426 -1.726603 0.318799
v -1.391305 -1.726362 0.318685
v -1.384338 -1.740381 0.337595
v -1.385475 -1.740681 0.337812
v -1.394581 -1.727569 0.318908
v -1.387720 -1.741638 0.337965
v -1.384961 -1.719742 0.304507
v -1.366688 -1.723680 0.299745
v -1.363689 -1.725730 0.301288
v -1.389983 -1.719291 0.305083
v -1.388909 -1.719184 0.305224
v -1.392068 -1.720052 0.304806
v -1.377699 -1.715189 0.291780
v -1.361674 -1.719729 0.289638
v -1.360083 -1.721434 0.291647
v -1.365252 -1.721966 0.295900
v -1.382208 -1.714392 0.291417
v -1.381256 -1.714370 0.291785
v -1.384107 -1.715026 0.290797
v -1.316970 -1.713240 0.249093
v -1.343464 -1.719015 0.276505
v -1.357653 -1.718778 0.285270
v -1.321048 -1.712350 0.248198
v -1.320282 -1.712346 0.248743
v -1.322611 -1.712960 0.247278
v -1.301402 -1.776039 0.347531
v -1.151649 -1.720912 0.161673
v -1.224868 -1.719425 0.202693
v -1.277349 -1.717653 0.231928
v -0.777336 -1.723405 -0.036931
v -0.776747 -1.719381 -0.035066
v -0.776382 -1.716919 -0.033909
v -1.033351 -1.775623 0.188345
v -1.108128 -1.778013 0.233087
v -1.182571 -1.778018 0.276929
v -0.739800 -1.775736 0.062436
v -0.438658 -1.744399 -0.057235
v -0.451480 -1.723244 -0.113584
v -0.452450 -1.719330 -0.111605
v -0.452756 -1.716909 -0.110378
v -1.407406 -1.777776 0.342165
v -1.396464 -1.777944 0.352239
v -1.384992 -1.778027 0.362633
v -1.399840 -1.747134 0.330979
v -1.396807 -1.745626 0.332960
v -1.394108 -1.744517 0.334779
v -1.402029 -1.736315 0.318100
v -1.399693 -1.733240 0.318426
v -1.398234 -1.731343 0.318625
v -1.400288 -1.729770 0.303669
v -1.397593 -1.726214 0.304044
v -1.395920 -1.724032 0.304277
v -1.077942 -1.747994 0.079965
v -1.346580 -1.748104 0.241424
v -1.410606 -1.749077 0.286942
v -0.152877 -1.744359 -0.079161
v -1.344146 -1.750305 0.330389
v -1.085862 -1.774718 0.070223
v -1.364222 -1.774729 0.237357
v -1.430012 -1.774827 0.284271
v -0.784819 -1.774717 -0.060611
v -0.455256 -1.774670 -0.138659
v -0.147731 -1.778597 -0.028240
v -0.147729 -1.779226 -0.028171
v -1.415036 -1.775908 0.334013
v -1.431634 -1.775434 0.313938
v -1.434514 -1.775070 0.298899
v -1.071352 -1.741877 0.153394
v -0.756745 -1.744415 0.018372
v -0.425797 -1.775735 -0.012657
v -1.347024 -1.780318 0.336242
v -0.446518 -1.780739 -0.102130
v -0.435707 -1.780785 -0.058165
v -1.093218 -1.780739 0.116127
v -1.074558 -1.780785 0.157686
v -0.771483 -1.780739 -0.024797
v -0.755571 -1.780785 0.018236
v -1.304721 -1.780277 0.348546
v -0.425680 -1.780787 -0.014591
v -1.033627 -1.780787 0.187096
v -0.740186 -1.780787 0.060698
v -1.302194 -1.780109 0.350401
v -1.303060 -1.780271 0.349978
v -1.300027 -1.778508 0.349537
v -1.300532 -1.779042 0.349940
v -0.056932 -1.777994 -0.030419
v -0.121417 -1.777151 -0.168678
v -0.099970 -1.777133 -0.170529
v -0.072262 -1.722923 -0.115665
v -0.073299 -1.780779 -0.031850
v -0.073281 -1.780572 -0.030588
v -0.073344 -1.780787 -0.034966
v -0.078335 -1.744346 -0.081820
v -0.083447 -1.712605 -0.136636
v -0.083405 -1.711825 -0.133906
v -0.083420 -1.711894 -0.134867
v -0.083172 -1.713393 -0.130437
v -0.085426 -1.774767 -0.175965
v -0.085357 -1.780070 -0.176630
v -0.084768 -1.780301 -0.175080
v -0.077501 -1.780731 -0.133670
v -0.075155 -1.780785 -0.082321
v -0.073270 -1.778596 -0.029836
v -0.073269 -1.779226 -0.029765
v -0.073496 -1.775732 -0.032969
v -0.780921 -1.747986 -0.048278
v -0.445491 -1.747146 -0.125630
v -0.147975 -1.775733 -0.031315
v -1.406604 -1.758543 0.331579
v -1.416215 -1.755055 0.316106
v -1.416688 -1.751471 0.301383
v -1.068721 -1.716937 0.091317
v -1.069461 -1.719398 0.090401
v -1.070657 -1.723420 0.088928
v -1.326044 -1.717164 0.246171
v -1.327686 -1.719614 0.245784
v -1.330349 -1.723621 0.245166
v -1.388012 -1.719150 0.290059
v -1.389823 -1.721522 0.289804
v -1.392753 -1.725399 0.289399
v -0.083478 -1.716766 -0.139654
v -0.083435 -1.718425 -0.141168
v -0.083295 -1.720283 -0.143943
v -0.700725 -1.729563 -0.063489
v -0.620114 -1.729522 -0.084463
v -0.536382 -1.729412 -0.102302
v -1.284169 -1.729643 0.211981
v -1.220133 -1.729590 0.172094
v -1.147757 -1.729580 0.128886
v -0.119234 -1.723321 -0.141242
v -0.098844 -1.722733 -0.142609
v -1.393821 -1.730746 0.284986
v -1.385368 -1.730297 0.278314
v -1.403143 -1.734037 0.299411
v -1.401516 -1.732992 0.295774
v -1.399540 -1.732090 0.292220
v -1.405776 -1.737926 0.310464
v -1.405283 -1.736515 0.306791
v -1.404062 -1.744577 0.324199
v -1.404935 -1.742696 0.320989
v -0.998618 -1.729587 0.048946
v -0.925892 -1.729583 0.015790
v -0.852900 -1.729577 -0.013537
v -0.360902 -1.728780 -0.127115
v -0.277747 -1.727838 -0.134057
v -0.158121 -1.716810 -0.135843
v -0.157715 -1.718717 -0.136855
v -0.156579 -1.721233 -0.138199
v -0.155473 -1.780739 -0.126417
v -0.151502 -1.780785 -0.079616
v -0.025150 -1.735228 -0.419679
v -0.072473 -1.767492 -0.418658
v -0.024186 -1.762903 -0.430473
v -0.024451 -1.762943 -0.431515
v -0.158896 -1.780186 -0.166545
v -0.158698 -1.780405 -0.164225
v -0.009604 -1.667874 -0.390702
v -0.009015 -1.668012 -0.389747
v -0.079759 -1.775919 -0.409789
v -0.077216 -1.775301 -0.417205
v -0.031346 -1.764316 -0.431813
v -0.025911 -1.763176 -0.432472
v -0.059929 -1.780741 -0.133555
v -0.061049 -1.716744 -0.140828
v -0.061042 -1.718269 -0.142697
v -0.061010 -1.719750 -0.146347
v -0.040170 -1.780744 -0.134093
v -0.039190 -1.780785 -0.083488
v -0.075176 -1.721117 -0.151751
v -0.142761 -1.750856 -0.154026
v -0.098016 -1.722929 -0.114553
v -0.119360 -1.722935 -0.113591
v -0.158028 -1.711840 -0.130205
v -0.158057 -1.711906 -0.131161
v -0.092169 -1.777994 -0.029662
v -0.112781 -1.777994 -0.029220
v -0.019109 -1.777994 -0.031197
v -0.031730 -1.722913 -0.117369
v -0.020085 -1.780744 -0.134892
v -0.060501 -1.713387 -0.131539
v -0.060991 -1.711821 -0.135018
v -0.061002 -1.711891 -0.135980
v -0.061022 -1.712602 -0.137752
v -0.038255 -1.780787 -0.035750
v -0.038232 -1.780779 -0.032613
v -0.038222 -1.780572 -0.031344
v -0.049599 -1.744342 -0.082757
v -0.038217 -1.778596 -0.030587
v -0.038216 -1.779226 -0.030516
v -0.038699 -1.775732 -0.033735
v -0.034238 -1.720961 -0.153576
v -0.036684 -1.779488 -0.436851
v -0.036689 -1.779739 -0.436782
v -0.075046 -1.327725 -0.218068
v -0.076423 -1.331557 -0.215433
v -0.070612 -1.780048 -0.316754
v -0.069305 -1.215449 -0.185289
v -0.070081 -1.213773 -0.183901
v -0.080830 -1.671198 -0.279672
v -0.080830 -1.668644 -0.303703
v -0.045822 -1.208742 -0.193687
v -0.045749 -1.206385 -0.192502
v -0.080830 -1.776179 -0.312576
v -0.080830 -1.773682 -0.375639
v -0.024207 -1.205393 -0.193499
v -0.036635 -1.780159 -0.432654
v -0.036734 -1.780120 -0.434353
v -0.078728 -1.445890 -0.239043
v -0.079515 -1.491730 -0.258509
v -0.060214 -1.205982 -0.185386
v -0.080830 -1.704315 -0.349881
v -0.080830 -1.731332 -0.358553
v -0.080540 -1.575888 -0.295515
v -0.076372 -1.327862 -0.196392
v -0.075369 -1.278349 -0.186320
v -0.074794 -1.244089 -0.182129
v -0.073158 -1.219945 -0.179762
v -0.054181 -1.780034 -0.429704
v -0.080670 -1.779488 -0.377150
v -0.079551 -1.779743 -0.378676
v -0.077129 -1.391880 -0.198936
v -0.077201 -1.428753 -0.190081
v -0.072055 -1.212480 -0.175882
v -0.072474 -1.212855 -0.172337
v -0.047023 -1.206372 -0.180042
v -0.048336 -1.206423 -0.176853
v -0.037468 -1.215590 -0.180052
v -0.039697 -1.215674 -0.177560
v -0.072238 -1.780113 -0.251547
v -0.080506 -1.682744 -0.217731
v -0.080609 -1.710371 -0.227184
v -0.075532 -1.257770 -0.167043
v -0.073313 -1.220452 -0.166234
v -0.076762 -1.449122 -0.170903
v -0.076013 -1.339742 -0.168092
v -0.080553 -1.613547 -0.211442
v -0.055685 -1.205982 -0.164635
v -0.017218 -1.205393 -0.165115
v -0.078832 -1.554330 -0.184313
v -0.079574 -1.573161 -0.191864
v -0.080830 -1.712046 -0.249035
v -0.080830 -1.700026 -0.243501
v -0.080830 -1.704255 -0.245794
v -0.080831 -1.719957 -0.242947
v -0.080869 -1.743875 -0.232215
v -0.079661 -1.779739 -0.251075
v -0.084936 -1.727618 -0.154378
v -0.142593 -1.732528 -0.144646
v -0.097881 -1.752406 -0.158196
v -0.055021 -1.769920 -0.427379
v -0.037937 -1.742886 -0.420405
v -0.035649 -1.680336 -0.392832
v -0.023640 -1.766362 -0.400265
v -0.012871 -1.670881 -0.355748
v -0.017902 -1.675813 -0.357357
v -0.022184 -1.685344 -0.361149
v -0.004331 -1.666746 -0.354920
v -0.030997 -1.780044 -0.437480
v -0.025897 -1.780010 -0.438902
v -0.010172 -1.705290 -0.370195
v -0.023596 -1.764950 -0.396429
v -0.010430 -1.776542 -0.403440
v -0.080830 -1.695646 -0.289037
v -0.032633 -1.670488 -0.388983
v -0.071741 -1.680037 -0.380093
v -0.004395 -1.666503 -0.376175
v -0.025485 -1.780142 -0.422827
v -0.010436 -1.776762 -0.422654
v -0.013030 -1.670641 -0.376994
v -0.018441 -1.675943 -0.378722
v -0.022024 -1.705398 -0.368968
v -0.020835 -1.685281 -0.360088
v -0.017076 -1.685329 -0.360429
v -0.022391 -1.775651 -0.401723
v -0.010951 -1.780034 -0.422809
v -0.022435 -1.775731 -0.421438
v -0.018434 -1.779487 -0.425464
v -0.018234 -1.779731 -0.425300
v -0.018461 -1.776658 -0.405629
v -0.018284 -1.734407 -0.382303
v -0.455903 -1.778763 -0.140133
v -1.366215 -1.778763 0.236898
v -1.417607 -1.778020 0.332677
v -1.419160 -1.778345 0.331297
v -0.023674 -1.777860 -0.426235
v -0.024862 -1.777861 -0.438756
v -0.072158 -1.777860 -0.423088
v -0.033871 -1.780198 -0.316223
v -0.785259 -1.778763 -0.062005
v -1.086757 -1.778763 0.069122
v -1.432204 -1.778763 0.283969
v -1.436528 -1.778763 0.298619
v -1.433376 -1.778763 0.313693
v -1.421508 -1.778882 0.329072
v -0.085441 -1.778612 -0.176974
v -0.158924 -1.778763 -0.166877
v -0.036683 -1.777860 -0.436310
v -0.080830 -1.777860 -0.376662
v -0.018463 -1.777860 -0.424936
v -0.455288 -1.780405 -0.137642
v -0.455827 -1.780186 -0.139822
v -1.363525 -1.780398 0.236699
v -1.365879 -1.780185 0.236873
v -0.023655 -1.779743 -0.426532
v -0.023672 -1.779488 -0.426755
v -1.420544 -1.779897 0.273130
v -1.429150 -1.779897 0.280094
v -1.433967 -1.779897 0.287466
v -1.435283 -1.779897 0.291096
v -1.436140 -1.779897 0.294826
v -1.436440 -1.779897 0.302438
v -1.435880 -1.779897 0.306248
v -1.431434 -1.779895 0.317276
v -1.428969 -1.779879 0.320839
v -0.010436 -1.779158 -0.425962
v -0.022423 -1.779158 -0.425280
v -0.080830 -1.779158 -0.312365
v -0.079746 -1.779158 -0.410788
v -0.077172 -1.779158 -0.418571
v -0.054716 -1.779158 -0.431333
v -0.024406 -1.779158 -0.438551
v -0.024173 -1.779158 -0.437517
v -0.121423 -1.779895 -0.169005
v -0.099975 -1.779882 -0.170826
v -0.369759 -1.779897 -0.150954
v -0.287814 -1.779897 -0.158556
v -1.312153 -1.779897 0.202442
v -1.243411 -1.779897 0.159845
v -1.166207 -1.779897 0.113830
v -1.009941 -1.779897 0.029511
v -0.935290 -1.779897 -0.004956
v -0.860999 -1.779897 -0.035166
v -0.706643 -1.779897 -0.086154
v -0.625237 -1.779897 -0.107464
v -0.541503 -1.779897 -0.125575
v -0.030957 -1.779158 -0.438335
v -0.025711 -1.779158 -0.439451
v -0.023569 -1.735707 -0.383215
v -0.018432 -1.774535 -0.400436
v -0.010382 -1.762266 -0.395704
v -0.022340 -1.761268 -0.393896
v -0.013500 -1.675853 -0.356568
v -0.004479 -1.668600 -0.354364
v -0.011155 -1.672578 -0.355369
v -0.009933 -1.671225 -0.354907
v -0.008366 -1.668830 -0.354184
v -0.022934 -1.206456 -0.187730
v -0.055306 -1.205474 -0.179504
v -0.061924 -1.205393 -0.175035
v -0.062060 -1.205393 -0.173132
v -0.043023 -1.211641 -0.180647
v -0.045250 -1.211641 -0.177728
v -0.054852 -1.205474 -0.170531
v -0.019565 -1.206489 -0.169249
v -0.043752 -1.205474 -0.187465
v -0.065549 -1.205982 -0.177553
v -0.064743 -1.205982 -0.168317
v -0.045082 -1.205474 -0.167163
v -0.022179 -1.211641 -0.186491
v -0.020594 -1.211641 -0.170235
v -0.040266 -1.207382 -0.183410
v -0.046125 -1.207382 -0.171989
v -0.022649 -1.215740 -0.183405
v -0.021652 -1.215740 -0.172274
v -0.042142 -1.206456 -0.169324
v -0.039105 -1.206485 -0.169168
v -0.038733 -1.215674 -0.172371
v -0.036088 -1.215590 -0.171696
v -0.043665 -1.211641 -0.170433
v -0.040915 -1.211641 -0.170173
v -0.032250 -1.205393 -0.165003
v -0.029416 -1.205393 -0.165284
v -0.035435 -1.207494 -0.169742
v -0.031380 -1.205530 -0.167236
v 0.042657 -1.780174 -0.414432
v 0.025716 -1.779487 -0.439551
v 0.030957 -1.779488 -0.438431
v 0.025752 -1.779733 -0.439537
v 0.030963 -1.779739 -0.438390
v 0.010303 -1.655423 -0.386341
v 0.006726 -1.664915 -0.390909
v 0.019001 -1.479599 -0.162631
v 0.018776 -1.355096 -0.162177
v 0.074083 -1.241134 -0.186432
v 0.072841 -1.240797 -0.188073
v 0.072358 -1.220865 -0.183770
v 0.071277 -1.221763 -0.185269
v 0.018590 -1.261220 -0.162166
v 0.018659 -1.221390 -0.162329
v 0.055685 -1.261236 -0.162196
v 0.055105 -1.221781 -0.162297
v 0.056634 -1.479595 -0.162686
v 0.056079 -1.355096 -0.162216
v 0.075730 -1.301242 -0.203435
v 0.074425 -1.297865 -0.205693
v 0.074688 -1.264916 -0.191459
v 0.073436 -1.263235 -0.193317
v 0.024509 -1.734995 -0.418975
v 0.024181 -1.734875 -0.417916
v 0.079609 -1.566524 -0.317902
v 0.077406 -1.564692 -0.323212
v 0.073773 -1.703343 -0.218355
v 0.074034 -1.707692 -0.219623
v 0.022535 -1.416683 -0.277831
v 0.021266 -1.468092 -0.300536
v 0.080612 -1.721098 -0.218731
v 0.080780 -1.726028 -0.198115
v 0.054530 -1.687066 -0.390450
v 0.056035 -1.707832 -0.399449
v 0.030998 -1.780157 -0.435008
v 0.025805 -1.780106 -0.437122
v 0.031018 -1.780119 -0.436431
v 0.025860 -1.780073 -0.438189
v 0.080596 -1.703113 -0.225464
v 0.080608 -1.707593 -0.226797
v 0.058509 -1.582507 -0.166654
v 0.059797 -1.594866 -0.170329
v 0.057513 -1.562035 -0.333226
v 0.080609 -1.715080 -0.226073
v 0.061084 -1.207281 -0.187477
v 0.061045 -1.209601 -0.188581
v 0.061344 -1.240714 -0.195972
v 0.061047 -1.221021 -0.191539
v 0.094521 -1.780785 -0.081564
v 0.097096 -1.780737 -0.129751
v 0.115654 -1.780785 -0.080826
v 0.118698 -1.780739 -0.128158
v 0.024467 -1.624273 -0.183973
v 0.055847 -1.780242 -0.251555
v 0.061191 -1.416883 -0.267101
v 0.060249 -1.468663 -0.290536
v 0.078043 -1.578413 -0.170988
v 0.078799 -1.591429 -0.175625
v 0.064102 -1.624235 -0.184159
v 0.074071 -1.713909 -0.219200
v 0.019891 -1.582539 -0.166537
v 0.020790 -1.594906 -0.170185
v 0.075422 -1.716750 -0.140103
v 0.075404 -1.718301 -0.141932
v 0.075336 -1.719843 -0.145507
v 0.099044 -1.713397 -0.129662
v 0.120518 -1.713403 -0.128610
v 0.033876 -1.713831 -0.219026
v 0.062211 -1.297289 -0.214557
v 0.061782 -1.262991 -0.201816
v 0.033592 -1.703333 -0.218136
v 0.033841 -1.707673 -0.219407
v 0.074073 -1.718292 -0.213161
v 0.099891 -1.774876 -0.169439
v 0.121187 -1.774858 -0.167553
v 0.033878 -1.718150 -0.213063
v 0.018156 -1.559654 -0.341646
v 0.024636 -1.297282 -0.226688
v 0.024727 -1.262991 -0.213923
v 0.004902 -1.666219 -0.390509
v 0.004545 -1.666419 -0.389553
v 0.024494 -1.206385 -0.195914
v 0.024527 -1.208742 -0.197267
v 0.024573 -1.240698 -0.207241
v 0.024528 -1.220630 -0.201352
v 0.663246 -1.778597 0.041742
v 0.585469 -1.778597 0.020974
v 0.505937 -1.778597 0.003585
v 0.663230 -1.779226 0.041804
v 0.585455 -1.779226 0.021037
v 0.505926 -1.779226 0.003649
v 1.400339 -1.779424 0.344440
v 1.409026 -1.778307 0.340752
v 1.398167 -1.778579 0.350371
v 1.385689 -1.778658 0.361205
v 1.382110 -1.779320 0.357928
v 1.416773 -1.778879 0.333609
v 1.411884 -1.778731 0.337966
v 1.405542 -1.776056 0.343034
v 1.394656 -1.776198 0.353101
v 1.383903 -1.776314 0.362889
v 0.019428 -1.775731 -0.034130
v 0.541414 -1.780186 -0.125267
v 0.625139 -1.780186 -0.107156
v 0.706537 -1.780186 -0.085848
v 0.540797 -1.780405 -0.123106
v 0.624454 -1.780405 -0.105006
v 0.705795 -1.780405 -0.083705
v 0.541078 -1.774697 -0.124117
v 0.624885 -1.774711 -0.106021
v 0.706268 -1.774716 -0.084733
v 0.019108 -1.778596 -0.030962
v 0.019108 -1.779226 -0.030891
v 0.958140 -1.775689 0.150268
v 0.885269 -1.775723 0.117252
v 0.813051 -1.775735 0.088305
v 1.185995 -1.775558 0.275601
v 1.111146 -1.775539 0.231467
v 0.664190 -1.775736 0.038924
v 0.586335 -1.775736 0.018143
v 0.506712 -1.775736 0.000735
v 0.274510 -1.780785 -0.073990
v 0.281628 -1.780739 -0.119348
v 0.352953 -1.780785 -0.067822
v 0.361947 -1.780739 -0.112411
v 0.830157 -1.780785 0.044708
v 0.846879 -1.780739 0.001967
v 0.905628 -1.780785 0.075427
v 0.923045 -1.780739 0.033063
v 0.985818 -1.780785 0.112413
v 1.003864 -1.780739 0.070461
v 0.518325 -1.780785 -0.044330
v 0.530736 -1.780739 -0.087906
v 0.599512 -1.780785 -0.026619
v 0.613291 -1.780739 -0.069979
v 0.678762 -1.780785 -0.005580
v 0.693701 -1.780739 -0.048793
v 0.860883 -1.780186 -0.034861
v 0.935191 -1.780186 -0.004644
v 1.009895 -1.780186 0.029848
v 0.860074 -1.780405 -0.032731
v 0.934497 -1.780405 -0.002459
v 1.009575 -1.780405 0.032211
v 1.166413 -1.780186 0.114284
v 1.243627 -1.780185 0.160260
v 1.312119 -1.780185 0.202641
v 1.167856 -1.780405 0.117460
v 1.245135 -1.780403 0.163171
v 1.311881 -1.780400 0.204035
v 1.332184 -1.780739 0.271547
v 1.172267 -1.780778 0.211544
v 1.191596 -1.780737 0.169552
v 1.261234 -1.780729 0.265855
v 0.287763 -1.780186 -0.158235
v 0.369695 -1.780186 -0.150638
v 0.287408 -1.780405 -0.155986
v 0.369247 -1.780405 -0.148427
v 0.956615 -1.778599 0.152828
v 0.884059 -1.778597 0.119961
v 0.811982 -1.778597 0.091083
v 0.956648 -1.779227 0.152922
v 0.884054 -1.779227 0.120031
v 0.811964 -1.779226 0.091145
v 0.286628 -1.774635 -0.157063
v 0.368757 -1.774635 -0.149466
v 1.426935 -1.774790 0.280401
v 1.418338 -1.774762 0.273455
v 1.434071 -1.774997 0.295113
v 1.433166 -1.774931 0.291390
v 1.431809 -1.774874 0.287764
v 1.428270 -1.777726 0.321404
v 1.433993 -1.775240 0.306513
v 1.434487 -1.775152 0.302711
v 0.285592 -1.713446 -0.119179
v 0.366616 -1.713464 -0.112013
v 0.286050 -1.711865 -0.122514
v 0.367200 -1.711877 -0.115301
v 0.286106 -1.711926 -0.123460
v 0.367278 -1.711936 -0.116240
v 0.286204 -1.712627 -0.125200
v 0.367417 -1.712634 -0.117968
v 0.698529 -1.712643 -0.054750
v 0.618820 -1.712642 -0.075593
v 0.536712 -1.712641 -0.093320
v 0.698101 -1.711952 -0.053097
v 0.618474 -1.711950 -0.073918
v 0.536447 -1.711948 -0.091625
v 0.697869 -1.711900 -0.052199
v 0.618285 -1.711897 -0.073007
v 0.536301 -1.711893 -0.090704
v 0.696832 -1.713495 -0.049019
v 0.617344 -1.713490 -0.069811
v 0.535469 -1.713486 -0.087486
v 0.847755 -1.713512 0.000436
v 0.920253 -1.713515 0.029416
v 0.992487 -1.713496 0.062145
v 0.848917 -1.711915 -0.002714
v 0.921325 -1.711928 0.026229
v 0.993216 -1.711946 0.058818
v 0.849223 -1.711964 -0.003585
v 0.921663 -1.711975 0.025377
v 0.993594 -1.711988 0.057993
v 0.849790 -1.712652 -0.005184
v 0.922297 -1.712660 0.023818
v 0.994313 -1.712667 0.056493
v 1.386531 -1.728553 0.320089
v 1.385124 -1.731227 0.323596
v 1.390969 -1.728499 0.321946
v 1.389928 -1.731219 0.325747
v 1.392087 -1.728776 0.322115
v 1.391043 -1.731523 0.325958
v 1.394239 -1.729794 0.322306
v 1.393199 -1.732570 0.326199
v 1.385642 -1.721294 0.307576
v 1.386013 -1.722990 0.310654
v 1.390024 -1.720792 0.308661
v 1.390799 -1.722535 0.312070
v 1.391119 -1.720930 0.308586
v 1.391908 -1.722705 0.312060
v 1.393234 -1.721737 0.308407
v 1.394046 -1.723564 0.311980
v 1.379588 -1.716137 0.294743
v 1.381221 -1.717270 0.297822
v 1.383252 -1.718438 0.301170
v 1.383619 -1.715307 0.295037
v 1.385693 -1.716429 0.298381
v 1.387461 -1.717726 0.301787
v 1.384605 -1.715344 0.294719
v 1.386711 -1.716486 0.298118
v 1.388509 -1.717805 0.301583
v 1.386556 -1.716001 0.294173
v 1.388712 -1.717171 0.297656
v 1.390555 -1.718526 0.301211
v 1.365346 -1.714090 0.281682
v 1.374081 -1.714563 0.288237
v 1.369603 -1.713056 0.281733
v 1.377852 -1.713626 0.288162
v 1.370481 -1.713061 0.281282
v 1.378770 -1.713637 0.287751
v 1.372262 -1.713669 0.280530
v 1.380616 -1.714255 0.287065
v 1.349587 -1.776317 0.377990
v 1.358081 -1.776381 0.382528
v 1.359414 -1.776396 0.382399
v 1.362272 -1.776435 0.381480
v 1.140249 -1.713349 0.140817
v 1.210531 -1.713234 0.182420
v 1.270649 -1.713151 0.219509
v 1.139329 -1.711994 0.136851
v 1.209658 -1.712050 0.178824
v 1.271685 -1.712159 0.217505
v 1.139838 -1.712021 0.136119
v 1.210255 -1.712068 0.178155
v 1.272371 -1.712168 0.216900
v 1.140844 -1.712675 0.134815
v 1.211454 -1.712705 0.176982
v 1.273764 -1.712790 0.215860
v 1.426670 -1.775650 0.321751
v 1.429680 -1.775539 0.317596
v 0.855997 -1.747989 -0.021808
v 0.929486 -1.747993 0.007857
v 1.002948 -1.747995 0.041514
v 1.413198 -1.757073 0.323194
v 1.415020 -1.756069 0.319604
v 1.417288 -1.753145 0.308852
v 1.417198 -1.752274 0.305127
v 1.415761 -1.750744 0.297658
v 1.414428 -1.750098 0.293985
v 1.412705 -1.749541 0.290402
v 1.407331 -1.748711 0.283115
v 1.398819 -1.748434 0.276331
v 0.249515 -1.744721 -0.144349
v 0.351027 -1.746317 -0.136358
v 1.154812 -1.747991 0.123129
v 1.229035 -1.747997 0.167410
v 1.294870 -1.748030 0.208333
v 0.535614 -1.747631 -0.111212
v 0.621266 -1.747880 -0.093261
v 0.702887 -1.747971 -0.072157
v 1.377149 -1.756404 0.356550
v 1.373432 -1.755605 0.356709
v 1.374650 -1.755800 0.356804
v 1.368346 -1.754865 0.353132
v 0.680532 -1.744410 -0.005131
v 0.601858 -1.744407 -0.025920
v 0.521105 -1.744404 -0.043464
v 0.984513 -1.743356 0.110190
v 0.905504 -1.744110 0.074461
v 0.830768 -1.744382 0.044442
v 0.026684 -1.744338 -0.083536
v 1.291109 -1.734160 0.269916
v 1.340648 -1.728552 0.291465
v 1.350334 -1.725289 0.292088
v 1.337977 -1.725648 0.284799
v 1.344567 -1.722494 0.283447
v 1.320952 -1.724046 0.270994
v 1.168976 -1.739371 0.205136
v 1.389522 -1.757930 0.347224
v 1.395324 -1.758295 0.342164
v 1.401312 -1.758583 0.336751
v 1.165050 -1.774717 0.114774
v 1.241952 -1.774718 0.160612
v 1.310399 -1.774721 0.203040
v 0.860491 -1.774717 -0.033809
v 0.934701 -1.774717 -0.003655
v 1.009231 -1.774718 0.030729
v 1.111194 -1.780779 0.230496
v 1.186388 -1.780723 0.275129
v 0.267994 -1.780787 -0.029054
v 0.344678 -1.780787 -0.023629
v 0.813540 -1.780787 0.086641
v 0.885796 -1.780787 0.115684
v 0.958607 -1.780787 0.148834
v 0.506688 -1.780787 -0.001166
v 0.586441 -1.780787 0.016288
v 0.664439 -1.780787 0.037124
v 0.506046 -1.780572 0.002888
v 0.506231 -1.780779 0.001720
v 0.585611 -1.780572 0.020286
v 0.585850 -1.780779 0.019134
v 0.663421 -1.780572 0.041064
v 0.663715 -1.780779 0.039928
v 0.812218 -1.780572 0.090435
v 0.812599 -1.780779 0.089342
v 0.884360 -1.780572 0.119365
v 0.884778 -1.780779 0.118307
v 0.957063 -1.780572 0.152348
v 0.957522 -1.780779 0.151344
v 0.267751 -1.780572 -0.024830
v 0.267821 -1.780779 -0.026047
v 0.344337 -1.780572 -0.019463
v 0.344435 -1.780779 -0.020664
v 1.109378 -1.780564 0.233439
v 1.109965 -1.780771 0.232635
v 1.184384 -1.780514 0.277695
v 1.185058 -1.780715 0.277024
v 1.360353 -1.778626 0.382852
v 1.354095 -1.779235 0.379247
v 1.345921 -1.778713 0.378214
v 1.348530 -1.778365 0.379744
v 1.350850 -1.779154 0.380669
v 1.351907 -1.779231 0.380393
v 1.356737 -1.778577 0.384137
v 1.357898 -1.778622 0.383914
v 1.183157 -1.779206 0.277596
v 1.182804 -1.778596 0.277293
v 1.108478 -1.779226 0.233610
v 1.108254 -1.778603 0.233392
v 0.056938 -1.780572 -0.030940
v 0.056952 -1.780779 -0.032206
v 0.056987 -1.780787 -0.035331
v 0.116743 -1.744352 -0.080466
v 0.095689 -1.744349 -0.081222
v 0.074231 -1.721594 -0.194764
v 0.075390 -1.712604 -0.137037
v 0.075352 -1.711824 -0.134306
v 0.075366 -1.711893 -0.135267
v 0.074949 -1.713391 -0.130835
v 0.344279 -1.778597 -0.018746
v 0.267710 -1.778597 -0.024104
v 0.344273 -1.779226 -0.018680
v 0.267706 -1.779226 -0.024037
v 0.112775 -1.778597 -0.028989
v 0.092164 -1.778596 -0.029431
v 0.112773 -1.779226 -0.028919
v 0.092163 -1.779226 -0.029361
v 0.112963 -1.775732 -0.032094
v 0.092330 -1.775732 -0.032552
v 0.537113 -1.716914 -0.096148
v 0.619379 -1.716915 -0.078387
v 0.699239 -1.716916 -0.057504
v 0.537111 -1.719358 -0.097360
v 0.619566 -1.719372 -0.079584
v 0.699538 -1.719377 -0.058684
v 0.536905 -1.723336 -0.099315
v 0.619807 -1.723382 -0.081515
v 0.700010 -1.723399 -0.060585
v 1.142893 -1.716930 0.132866
v 1.213998 -1.716944 0.175334
v 1.276795 -1.717011 0.214507
v 1.143848 -1.719391 0.132080
v 1.215201 -1.719404 0.174693
v 1.278240 -1.719468 0.214005
v 1.145394 -1.723414 0.130815
v 1.217151 -1.723426 0.173663
v 1.280584 -1.723485 0.213203
v 0.286213 -1.716877 -0.128110
v 0.367518 -1.716898 -0.120856
v 0.285299 -1.719151 -0.129317
v 0.366822 -1.719274 -0.122091
v 0.282751 -1.722664 -0.131213
v 0.364833 -1.723065 -0.124081
v 1.384509 -1.718403 0.286285
v 1.386336 -1.720804 0.286025
v 1.389296 -1.724729 0.285613
v 1.376097 -1.717837 0.279691
v 1.377915 -1.720260 0.279415
v 1.380862 -1.724223 0.278978
v 1.394433 -1.722548 0.300623
v 1.396149 -1.724788 0.300384
v 1.398916 -1.728441 0.299998
v 1.392607 -1.721232 0.297013
v 1.394359 -1.723523 0.296767
v 1.397190 -1.727263 0.296374
v 1.390460 -1.720095 0.293480
v 1.392245 -1.722431 0.293229
v 1.395130 -1.726245 0.292829
v 1.397817 -1.727447 0.311574
v 1.399391 -1.729497 0.311357
v 1.401919 -1.732828 0.311005
v 1.397051 -1.725671 0.307939
v 1.398676 -1.727789 0.307714
v 1.401291 -1.731237 0.307349
v 1.397083 -1.736138 0.325638
v 1.398595 -1.737805 0.325249
v 1.400846 -1.740470 0.324744
v 1.397869 -1.733496 0.322032
v 1.399288 -1.735305 0.321816
v 1.401536 -1.738226 0.321479
v 0.850762 -1.716926 -0.007826
v 0.923411 -1.716934 0.021269
v 0.995630 -1.716939 0.054080
v 0.851183 -1.719388 -0.008951
v 0.923899 -1.719395 0.020188
v 0.996218 -1.719400 0.053068
v 0.851862 -1.723411 -0.010766
v 0.924688 -1.723418 0.018448
v 0.997167 -1.723422 0.051436
v 0.099943 -1.780171 -0.170502
v 0.121400 -1.780184 -0.168672
v 0.099725 -1.780393 -0.168252
v 0.121237 -1.780404 -0.166342
v 0.092178 -1.780572 -0.030180
v 0.092201 -1.780779 -0.031438
v 0.112792 -1.780572 -0.029736
v 0.112819 -1.780779 -0.030988
v 0.024417 -1.779487 -0.438655
v 0.024495 -1.779733 -0.438673
v 0.024185 -1.779488 -0.437624
v 0.024271 -1.779737 -0.437662
v 0.097662 -1.728220 -0.145884
v 0.114503 -1.729654 -0.144767
v 0.019159 -1.676043 -0.393166
v 0.023293 -1.685672 -0.396995
v 0.018653 -1.675973 -0.392133
v 0.022850 -1.685461 -0.395909
v 0.055620 -1.755334 -0.420730
v 0.058384 -1.780785 -0.082857
v 0.017925 -1.780267 -0.251559
v 0.099304 -1.716776 -0.138791
v 0.120806 -1.716788 -0.137705
v 0.099251 -1.718494 -0.139812
v 0.120640 -1.718570 -0.138661
v 0.099098 -1.720497 -0.141126
v 0.120166 -1.720748 -0.139840
v 0.080830 -1.774076 -0.249700
v 0.019595 -1.780785 -0.084092
v 0.020085 -1.780744 -0.134892
v 0.344834 -1.775735 -0.021671
v 0.268148 -1.775734 -0.027081
v 0.099267 -1.712607 -0.135849
v 0.120775 -1.712609 -0.134778
v 0.033942 -1.713380 -0.132699
v 0.034266 -1.711816 -0.136197
v 0.034273 -1.711887 -0.137160
v 0.034284 -1.712599 -0.138936
v 0.092257 -1.780787 -0.034543
v 0.112888 -1.780787 -0.034082
v 0.019127 -1.780787 -0.036141
v 0.019111 -1.780572 -0.031722
v 0.019116 -1.780779 -0.032995
v 0.066137 -1.744344 -0.082198
v 0.056930 -1.778596 -0.030186
v 0.056929 -1.779226 -0.030116
v 0.057325 -1.775732 -0.033323
v 0.355733 -1.744390 -0.066938
v 0.276876 -1.744379 -0.073231
v 0.034299 -1.716741 -0.142016
v 0.034295 -1.718267 -0.143866
v 0.034277 -1.719747 -0.147459
v 0.099217 -1.711828 -0.133122
v 0.120714 -1.711833 -0.132056
v 0.099235 -1.711897 -0.134081
v 0.120736 -1.711900 -0.133014
v 0.077304 -1.771006 -0.415419
v 0.079785 -1.772828 -0.408610
v 0.079805 -1.727354 -0.389331
v 0.046504 -1.207447 -0.177377
v 0.044650 -1.207419 -0.180518
v 0.054699 -1.779488 -0.431419
v 0.054579 -1.779737 -0.431313
v 0.076368 -1.418113 -0.257510
v 0.078011 -1.421508 -0.253722
v 0.076916 -1.470234 -0.280710
v 0.078735 -1.473044 -0.276302
v 0.054942 -1.205513 -0.174960
v 0.054974 -1.205502 -0.177324
v 0.076995 -1.682050 -0.376689
v 0.079694 -1.684017 -0.370989
v 0.077162 -1.696751 -0.383254
v 0.079743 -1.698942 -0.377485
v 0.080546 -1.594798 -0.253136
v 0.080543 -1.584555 -0.275953
v 0.076569 -1.388500 -0.183557
v 0.076463 -1.355348 -0.190471
v 0.075693 -1.309046 -0.177141
v 0.075519 -1.292259 -0.182086
v 0.075187 -1.250944 -0.174528
v 0.074979 -1.247196 -0.178622
v 0.073901 -1.220668 -0.172809
v 0.073626 -1.220326 -0.176495
v 0.077053 -1.779487 -0.418705
v 0.079611 -1.779488 -0.410960
v 0.076223 -1.779733 -0.418987
v 0.078667 -1.779738 -0.411566
v 0.074890 -1.260801 -0.163382
v 0.072202 -1.221594 -0.163205
v 0.076046 -1.475701 -0.164699
v 0.075363 -1.353174 -0.163656
v 0.079913 -1.622216 -0.190936
v 0.055274 -1.207281 -0.163116
v 0.021059 -1.206107 -0.163591
v 0.018166 -1.205467 -0.164309
v 0.080830 -1.773849 -0.312201
v 0.078752 -1.470546 -0.226330
v 0.078780 -1.500165 -0.211484
v 0.079529 -1.510295 -0.243029
v 0.079545 -1.532521 -0.224952
v 0.080830 -1.712842 -0.295887
v 0.080835 -1.736670 -0.296734
v 0.080666 -1.779488 -0.312617
v 0.079519 -1.779740 -0.314530
v 0.097881 -1.752406 -0.158196
v 0.032230 -1.690850 -0.398630
v 0.026284 -1.735687 -0.420046
v 0.032102 -1.739026 -0.420265
v 0.021822 -1.676442 -0.394088
v 0.029079 -1.678263 -0.393563
v 0.025635 -1.686826 -0.398198
v 0.023942 -1.742844 -0.388912
v 0.013904 -1.670553 -0.391356
v 0.013289 -1.670615 -0.390380
v 0.054262 -1.780144 -0.424840
v 0.044781 -1.780157 -0.429190
v 0.054314 -1.780106 -0.427709
v 0.005572 -1.670887 -0.355259
v 0.006282 -1.672386 -0.355848
v 0.007683 -1.675954 -0.357288
v 0.010415 -1.774557 -0.401375
v 0.022416 -1.775348 -0.404558
v 0.080830 -1.694088 -0.280647
v 0.080830 -1.692872 -0.272653
v 0.080830 -1.702386 -0.296723
v 0.017120 -1.670242 -0.391967
v 0.025373 -1.669924 -0.390465
v 0.053168 -1.674665 -0.385121
v 0.022387 -1.779488 -0.425344
v 0.022131 -1.779738 -0.425082
v 0.013620 -1.780159 -0.414312
v 0.016877 -1.780203 -0.317032
v 0.009635 -1.685364 -0.361310
v 0.010441 -1.779488 -0.426021
v 0.010472 -1.779737 -0.425725
v 0.010435 -1.776659 -0.406495
v 0.022388 -1.773306 -0.399491
v 1.431420 -1.778765 0.317290
v 1.428856 -1.778785 0.320952
v 1.436440 -1.778763 0.302438
v 1.435880 -1.778763 0.306248
v 1.433967 -1.778763 0.287466
v 1.435283 -1.778763 0.291096
v 1.436140 -1.778763 0.294826
v 1.420544 -1.778763 0.273130
v 1.429150 -1.778763 0.280094
v 1.416974 -1.780402 0.272737
v 1.420097 -1.780185 0.273081
v 1.426209 -1.780400 0.279869
v 1.428782 -1.780185 0.280066
v 1.430916 -1.780400 0.286999
v 1.433586 -1.780185 0.287407
v 1.431822 -1.780402 0.290478
v 1.434850 -1.780185 0.291019
v 1.433041 -1.780400 0.294200
v 1.435753 -1.780185 0.294748
v 1.433329 -1.780400 0.301508
v 1.436051 -1.780185 0.302322
v 1.432398 -1.780402 0.305107
v 1.435445 -1.780185 0.306106
v 1.428451 -1.780395 0.315936
v 1.431050 -1.780181 0.317119
v 1.425380 -1.780367 0.319550
v 1.428436 -1.780155 0.320763
v 0.079661 -1.779739 -0.251075
v 0.080684 -1.779488 -0.248967
v 0.010436 -1.777860 -0.425512
v 0.022423 -1.777860 -0.424830
v 0.080830 -1.777860 -0.312457
v 0.077172 -1.777860 -0.418155
v 0.079746 -1.777860 -0.410406
v 0.054716 -1.777860 -0.430886
v 0.024406 -1.777860 -0.438101
v 0.024173 -1.777860 -0.437067
v 0.099975 -1.778744 -0.170838
v 0.121423 -1.778760 -0.169007
v 0.287814 -1.778763 -0.158556
v 0.369759 -1.778763 -0.150954
v 1.166207 -1.778763 0.113830
v 1.243411 -1.778763 0.159845
v 1.312153 -1.778763 0.202442
v 0.860999 -1.778763 -0.035165
v 0.935290 -1.778763 -0.004956
v 1.009941 -1.778763 0.029511
v 0.541503 -1.778763 -0.125575
v 0.625237 -1.778763 -0.107463
v 0.706643 -1.778763 -0.086154
v 0.025711 -1.777860 -0.439002
v 0.030956 -1.777860 -0.437885
v 0.010316 -1.734430 -0.383239
v 0.022276 -1.734454 -0.381931
v 0.020835 -1.685281 -0.360088
v 0.016029 -1.675346 -0.356016
v 0.016051 -1.674695 -0.355721
v 0.016762 -1.675338 -0.356072
v 0.004242 -1.667337 -0.353992
v 0.012640 -1.671551 -0.354827
v 0.013848 -1.672857 -0.355157
v 0.023570 -1.205522 -0.190463
v 0.057602 -1.205513 -0.182829
v 0.067416 -1.206186 -0.174828
v 0.067950 -1.206266 -0.172231
v 0.055278 -1.205513 -0.167119
v 0.017948 -1.205530 -0.167258
v 0.022587 -1.207471 -0.186992
v 0.020087 -1.207494 -0.169820
v 0.026193 -1.216305 -0.176812
v 0.023767 -1.216158 -0.180568
v 0.023159 -1.216158 -0.174123
v 0.040061 -1.207491 -0.169749
v 0.042991 -1.207471 -0.169963
v 0.038571 -1.205522 -0.167155
v 0.035507 -1.205529 -0.167189
v -0.042657 -1.780174 -0.414432
v -0.025716 -1.779487 -0.439551
v -0.025752 -1.779733 -0.439537
v -0.030957 -1.779488 -0.438431
v -0.030963 -1.779739 -0.438390
v -0.010303 -1.655423 -0.386341
v -0.006726 -1.664915 -0.390909
v -0.019001 -1.479599 -0.162631
v -0.018776 -1.355096 -0.162177
v -0.074083 -1.241134 -0.186432
v -0.072358 -1.220865 -0.183770
v -0.072841 -1.240797 -0.188073
v -0.071277 -1.221763 -0.185269
v -0.018590 -1.261220 -0.162166
v -0.018659 -1.221390 -0.162329
v -0.055685 -1.261236 -0.162196
v -0.055105 -1.221781 -0.162297
v -0.056634 -1.479595 -0.162686
v -0.056079 -1.355096 -0.162216
v -0.075730 -1.301242 -0.203435
v -0.074688 -1.264916 -0.191459
v -0.074425 -1.297865 -0.205693
v -0.073436 -1.263235 -0.193317
v -0.024509 -1.734995 -0.418975
v -0.024181 -1.734875 -0.417916
v -0.079609 -1.566524 -0.317902
v -0.077406 -1.564692 -0.323212
v -0.073773 -1.703343 -0.218355
v -0.074034 -1.707692 -0.219623
v -0.022535 -1.416683 -0.277831
v -0.021266 -1.468092 -0.300536
v -0.080612 -1.721098 -0.218731
v -0.054530 -1.687066 -0.390450
v -0.056035 -1.707832 -0.399449
v -0.030998 -1.780157 -0.435008
v -0.031018 -1.780119 -0.436431
v -0.025805 -1.780106 -0.437122
v -0.025860 -1.780073 -0.438190
v -0.080596 -1.703113 -0.225464
v -0.080608 -1.707593 -0.226797
v -0.058509 -1.582507 -0.166654
v -0.059797 -1.594866 -0.170329
v -0.057513 -1.562035 -0.333226
v -0.080609 -1.715080 -0.226073
v -0.061084 -1.207281 -0.187477
v -0.061045 -1.209601 -0.188581
v -0.061344 -1.240714 -0.195972
v -0.061047 -1.221021 -0.191539
v -0.094521 -1.780785 -0.081564
v -0.115654 -1.780785 -0.080826
v -0.097096 -1.780737 -0.129751
v -0.118698 -1.780739 -0.128159
v -0.024467 -1.624273 -0.183973
v -0.061191 -1.416883 -0.267101
v -0.060249 -1.468663 -0.290536
v -0.078043 -1.578413 -0.170987
v -0.078799 -1.591429 -0.175625
v -0.064102 -1.624235 -0.184158
v -0.074071 -1.713909 -0.219200
v -0.019891 -1.582539 -0.166537
v -0.020790 -1.594906 -0.170185
v -0.075422 -1.716750 -0.140103
v -0.075404 -1.718301 -0.141932
v -0.075336 -1.719843 -0.145507
v -0.099044 -1.713397 -0.129662
v -0.120518 -1.713403 -0.128610
v -0.033876 -1.713831 -0.219026
v -0.062211 -1.297289 -0.214557
v -0.061782 -1.262991 -0.201816
v -0.033592 -1.703333 -0.218136
v -0.033841 -1.707673 -0.219407
v -0.074073 -1.718292 -0.213161
v -0.074231 -1.721594 -0.194764
v -0.099891 -1.774876 -0.169439
v -0.121187 -1.774858 -0.167553
v -0.033878 -1.718150 -0.213063
v -0.018156 -1.559654 -0.341646
v -0.024636 -1.297282 -0.226688
v -0.024727 -1.262991 -0.213923
v -0.004902 -1.666219 -0.390509
v -0.004545 -1.666419 -0.389553
v -0.024494 -1.206385 -0.195915
v -0.024527 -1.208742 -0.197267
v -0.024573 -1.240698 -0.207241
v -0.024528 -1.220630 -0.201352
v -0.663246 -1.778597 0.041742
v -0.663230 -1.779226 0.041804
v -0.585468 -1.778597 0.020974
v -0.585455 -1.779226 0.021037
v -0.505937 -1.778597 0.003585
v -0.505926 -1.779226 0.003649
v -1.400339 -1.779424 0.344440
v -1.409026 -1.778307 0.340752
v -1.411884 -1.778731 0.337966
v -1.416773 -1.778879 0.333609
v -1.382110 -1.779320 0.357928
v -1.385689 -1.778658 0.361205
v -1.398167 -1.778579 0.350371
v -1.405542 -1.776056 0.343034
v -1.394656 -1.776198 0.353101
v -1.383903 -1.776314 0.362889
v -0.019428 -1.775731 -0.034130
v -0.541414 -1.780186 -0.125267
v -0.540797 -1.780405 -0.123106
v -0.625139 -1.780186 -0.107156
v -0.624454 -1.780405 -0.105006
v -0.706537 -1.780186 -0.085848
v -0.705795 -1.780405 -0.083705
v -0.541077 -1.774697 -0.124117
v -0.624885 -1.774711 -0.106021
v -0.706268 -1.774716 -0.084733
v -0.019108 -1.778596 -0.030962
v -0.019108 -1.779226 -0.030891
v -0.958140 -1.775689 0.150268
v -0.885269 -1.775723 0.117252
v -0.813051 -1.775735 0.088305
v -1.185995 -1.775558 0.275601
v -1.111146 -1.775539 0.231467
v -0.664190 -1.775736 0.038924
v -0.586335 -1.775736 0.018143
v -0.506712 -1.775736 0.000735
v -0.274510 -1.780785 -0.073990
v -0.352953 -1.780785 -0.067822
v -0.281628 -1.780739 -0.119348
v -0.361947 -1.780739 -0.112411
v -0.830157 -1.780785 0.044708
v -0.905628 -1.780785 0.075427
v -0.985818 -1.780785 0.112413
v -0.846879 -1.780739 0.001967
v -0.923045 -1.780739 0.033063
v -1.003864 -1.780739 0.070461
v -0.518325 -1.780785 -0.044330
v -0.599512 -1.780785 -0.026618
v -0.678762 -1.780785 -0.005580
v -0.530736 -1.780739 -0.087907
v -0.613291 -1.780739 -0.069979
v -0.693701 -1.780739 -0.048793
v -0.860883 -1.780186 -0.034861
v -0.860074 -1.780405 -0.032731
v -0.935191 -1.780186 -0.004644
v -0.934497 -1.780405 -0.002459
v -1.009895 -1.780186 0.029848
v -1.009575 -1.780405 0.032211
v -1.166413 -1.780186 0.114284
v -1.167857 -1.780405 0.117460
v -1.243627 -1.780185 0.160260
v -1.245136 -1.780403 0.163170
v -1.312119 -1.780185 0.202641
v -1.311881 -1.780400 0.204035
v -1.332184 -1.780739 0.271547
v -1.172267 -1.780778 0.211544
v -1.261234 -1.780729 0.265855
v -1.191596 -1.780737 0.169553
v -0.287763 -1.780186 -0.158235
v -0.287408 -1.780405 -0.155986
v -0.369695 -1.780186 -0.150638
v -0.369247 -1.780405 -0.148427
v -0.956615 -1.778599 0.152828
v -0.956648 -1.779227 0.152922
v -0.884059 -1.778597 0.119961
v -0.884054 -1.779227 0.120031
v -0.811982 -1.778597 0.091083
v -0.811964 -1.779226 0.091145
v -0.286628 -1.774635 -0.157063
v -0.368757 -1.774635 -0.149466
v -1.426935 -1.774790 0.280401
v -1.418338 -1.774762 0.273455
v -1.434071 -1.774997 0.295113
v -1.433166 -1.774931 0.291390
v -1.431809 -1.774875 0.287764
v -1.428270 -1.777726 0.321404
v -1.433993 -1.775240 0.306513
v -1.434487 -1.775152 0.302711
v -0.285592 -1.713446 -0.119179
v -0.366616 -1.713464 -0.112013
v -0.286050 -1.711865 -0.122514
v -0.286106 -1.711926 -0.123460
v -0.367200 -1.711877 -0.115301
v -0.367278 -1.711936 -0.116240
v -0.286204 -1.712627 -0.125200
v -0.367417 -1.712634 -0.117968
v -0.698529 -1.712643 -0.054750
v -0.618820 -1.712642 -0.075593
v -0.536712 -1.712641 -0.093320
v -0.698101 -1.711952 -0.053097
v -0.697869 -1.711900 -0.052199
v -0.618474 -1.711950 -0.073918
v -0.618285 -1.711897 -0.073007
v -0.536447 -1.711948 -0.091625
v -0.536301 -1.711893 -0.090704
v -0.696831 -1.713495 -0.049019
v -0.617344 -1.713490 -0.069811
v -0.535469 -1.713486 -0.087487
v -0.847755 -1.713512 0.000436
v -0.920253 -1.713515 0.029416
v -0.992487 -1.713496 0.062145
v -0.848917 -1.711915 -0.002714
v -0.849223 -1.711964 -0.003586
v -0.921325 -1.711928 0.026229
v -0.921663 -1.711975 0.025377
v -0.993216 -1.711946 0.058818
v -0.993594 -1.711988 0.057993
v -0.849790 -1.712652 -0.005184
v -0.922296 -1.712660 0.023818
v -0.994313 -1.712667 0.056493
v -1.386531 -1.728553 0.320089
v -1.385124 -1.731227 0.323596
v -1.390969 -1.728499 0.321946
v -1.392087 -1.728776 0.322115
v -1.389928 -1.731219 0.325747
v -1.391043 -1.731523 0.325958
v -1.394239 -1.729794 0.322306
v -1.393199 -1.732570 0.326199
v -1.385642 -1.721294 0.307576
v -1.386013 -1.722990 0.310654
v -1.390024 -1.720792 0.308661
v -1.391118 -1.720930 0.308585
v -1.390799 -1.722535 0.312070
v -1.391908 -1.722705 0.312060
v -1.393234 -1.721737 0.308407
v -1.394046 -1.723564 0.311980
v -1.379588 -1.716137 0.294743
v -1.381221 -1.717270 0.297822
v -1.383252 -1.718438 0.301170
v -1.383619 -1.715307 0.295037
v -1.384606 -1.715344 0.294719
v -1.385693 -1.716429 0.298381
v -1.386711 -1.716486 0.298118
v -1.387461 -1.717726 0.301787
v -1.388509 -1.717805 0.301583
v -1.386556 -1.716001 0.294173
v -1.388712 -1.717171 0.297656
v -1.390555 -1.718526 0.301211
v -1.365346 -1.714090 0.281682
v -1.374081 -1.714563 0.288237
v -1.369603 -1.713056 0.281733
v -1.370481 -1.713061 0.281282
v -1.377852 -1.713626 0.288162
v -1.378770 -1.713637 0.287751
v -1.372262 -1.713669 0.280530
v -1.380616 -1.714255 0.287065
v -1.349587 -1.776317 0.377990
v -1.358081 -1.776381 0.382528
v -1.359414 -1.776396 0.382399
v -1.362272 -1.776435 0.381480
v -1.140249 -1.713349 0.140817
v -1.210531 -1.713234 0.182420
v -1.270649 -1.713151 0.219509
v -1.139329 -1.711994 0.136851
v -1.139838 -1.712021 0.136119
v -1.209658 -1.712050 0.178824
v -1.210255 -1.712068 0.178155
v -1.271685 -1.712159 0.217505
v -1.272371 -1.712168 0.216900
v -1.140844 -1.712675 0.134815
v -1.211454 -1.712705 0.176982
v -1.273764 -1.712790 0.215860
v -1.426670 -1.775650 0.321751
v -1.429680 -1.775539 0.317597
v -0.855997 -1.747989 -0.021808
v -0.929486 -1.747993 0.007857
v -1.002948 -1.747995 0.041514
v -1.413198 -1.757073 0.323194
v -1.415020 -1.756069 0.319604
v -1.417288 -1.753145 0.308852
v -1.417197 -1.752274 0.305127
v -1.415761 -1.750744 0.297658
v -1.414428 -1.750098 0.293985
v -1.412705 -1.749541 0.290402
v -1.407331 -1.748711 0.283115
v -1.398819 -1.748434 0.276331
v -0.249515 -1.744721 -0.144349
v -0.351027 -1.746317 -0.136358
v -1.154812 -1.747991 0.123129
v -1.229034 -1.747997 0.167410
v -1.294870 -1.748030 0.208333
v -0.535614 -1.747631 -0.111212
v -0.621266 -1.747880 -0.093261
v -0.702887 -1.747971 -0.072157
v -1.377149 -1.756404 0.356550
v -1.373432 -1.755605 0.356709
v -1.374650 -1.755800 0.356804
v -1.368346 -1.754865 0.353132
v -0.680532 -1.744410 -0.005131
v -0.601858 -1.744407 -0.025920
v -0.521105 -1.744404 -0.043464
v -0.984513 -1.743356 0.110190
v -0.905504 -1.744110 0.074461
v -0.830768 -1.744382 0.044442
v -0.026684 -1.744338 -0.083537
v -1.291109 -1.734160 0.269916
v -1.168976 -1.739371 0.205136
v -1.320952 -1.724046 0.270994
v -1.344567 -1.722494 0.283447
v -1.337977 -1.725648 0.284799
v -1.350334 -1.725289 0.292088
v -1.340648 -1.728552 0.291465
v -1.389522 -1.757930 0.347224
v -1.395324 -1.758295 0.342164
v -1.401312 -1.758583 0.336751
v -1.165050 -1.774717 0.114774
v -1.241952 -1.774718 0.160613
v -1.310399 -1.774721 0.203040
v -0.860491 -1.774717 -0.033809
v -0.934701 -1.774717 -0.003655
v -1.009231 -1.774718 0.030729
v -1.111194 -1.780779 0.230496
v -1.186388 -1.780723 0.275129
v -0.267994 -1.780787 -0.029054
v -0.344678 -1.780787 -0.023629
v -0.813540 -1.780787 0.086641
v -0.885796 -1.780787 0.115684
v -0.958607 -1.780787 0.148834
v -0.506688 -1.780787 -0.001166
v -0.586441 -1.780787 0.016288
v -0.664439 -1.780787 0.037124
v -0.506046 -1.780572 0.002887
v -0.585611 -1.780572 0.020286
v -0.663421 -1.780572 0.041064
v -0.506231 -1.780779 0.001719
v -0.585850 -1.780779 0.019134
v -0.663715 -1.780779 0.039928
v -0.812218 -1.780572 0.090435
v -0.884360 -1.780572 0.119365
v -0.957063 -1.780572 0.152348
v -0.812599 -1.780779 0.089342
v -0.884778 -1.780779 0.118307
v -0.957522 -1.780779 0.151344
v -0.267751 -1.780572 -0.024830
v -0.344337 -1.780572 -0.019463
v -0.267821 -1.780779 -0.026047
v -0.344435 -1.780779 -0.020664
v -1.109378 -1.780564 0.233439
v -1.184384 -1.780514 0.277695
v -1.109965 -1.780771 0.232635
v -1.185058 -1.780715 0.277024
v -1.360353 -1.778626 0.382852
v -1.354095 -1.779235 0.379247
v -1.345921 -1.778713 0.378214
v -1.348530 -1.778365 0.379744
v -1.350850 -1.779154 0.380669
v -1.356737 -1.778577 0.384137
v -1.351907 -1.779231 0.380393
v -1.357898 -1.778622 0.383914
v -1.183157 -1.779206 0.277596
v -1.108478 -1.779226 0.233610
v -1.182804 -1.778596 0.277293
v -1.108255 -1.778603 0.233392
v -0.056938 -1.780572 -0.030940
v -0.056952 -1.780779 -0.032206
v -0.056987 -1.780787 -0.035331
v -0.116743 -1.744352 -0.080466
v -0.095689 -1.744349 -0.081223
v -0.075390 -1.712604 -0.137037
v -0.075352 -1.711824 -0.134306
v -0.075366 -1.711893 -0.135267
v -0.074949 -1.713391 -0.130835
v -0.344279 -1.778597 -0.018746
v -0.344273 -1.779226 -0.018680
v -0.267710 -1.778597 -0.024104
v -0.267706 -1.779226 -0.024037
v -0.112775 -1.778596 -0.028989
v -0.112773 -1.779226 -0.028919
v -0.092164 -1.778596 -0.029431
v -0.092163 -1.779226 -0.029361
v -0.112963 -1.775732 -0.032094
v -0.092330 -1.775732 -0.032552
v -0.537113 -1.716914 -0.096148
v -0.537111 -1.719358 -0.097360
v -0.536905 -1.723336 -0.099315
v -0.619379 -1.716915 -0.078387
v -0.619566 -1.719372 -0.079584
v -0.619807 -1.723382 -0.081515
v -0.699239 -1.716916 -0.057504
v -0.699538 -1.719377 -0.058684
v -0.700011 -1.723399 -0.060585
v -1.142893 -1.716930 0.132866
v -1.143848 -1.719391 0.132079
v -1.145394 -1.723414 0.130815
v -1.213998 -1.716944 0.175334
v -1.215201 -1.719404 0.174693
v -1.217151 -1.723426 0.173663
v -1.276795 -1.717011 0.214507
v -1.278241 -1.719468 0.214005
v -1.280584 -1.723485 0.213203
v -0.286213 -1.716877 -0.128110
v -0.285299 -1.719151 -0.129317
v -0.282751 -1.722664 -0.131213
v -0.367518 -1.716898 -0.120856
v -0.366822 -1.719274 -0.122091
v -0.364833 -1.723065 -0.124081
v -1.384509 -1.718403 0.286285
v -1.376097 -1.717837 0.279691
v -1.386336 -1.720804 0.286025
v -1.377915 -1.720260 0.279415
v -1.389296 -1.724729 0.285613
v -1.380862 -1.724223 0.278978
v -1.394433 -1.722548 0.300623
v -1.392607 -1.721232 0.297013
v -1.390460 -1.720095 0.293480
v -1.396148 -1.724788 0.300384
v -1.394359 -1.723523 0.296767
v -1.392245 -1.722431 0.293229
v -1.398916 -1.728441 0.299998
v -1.397190 -1.727263 0.296374
v -1.395130 -1.726245 0.292829
v -1.397817 -1.727447 0.311574
v -1.397051 -1.725671 0.307939
v -1.399391 -1.729497 0.311357
v -1.398676 -1.727789 0.307714
v -1.401919 -1.732828 0.311005
v -1.401291 -1.731237 0.307349
v -1.397083 -1.736138 0.325638
v -1.397869 -1.733496 0.322032
v -1.398595 -1.737805 0.325249
v -1.399288 -1.735305 0.321816
v -1.400846 -1.740470 0.324744
v -1.401536 -1.738226 0.321479
v -0.850762 -1.716926 -0.007825
v -0.851183 -1.719388 -0.008951
v -0.851862 -1.723411 -0.010766
v -0.923411 -1.716934 0.021269
v -0.923899 -1.719395 0.020188
v -0.924687 -1.723418 0.018448
v -0.995631 -1.716939 0.054080
v -0.996218 -1.719400 0.053068
v -0.997167 -1.723422 0.051436
v -0.099943 -1.780171 -0.170502
v -0.099725 -1.780393 -0.168252
v -0.121400 -1.780184 -0.168672
v -0.121237 -1.780404 -0.166342
v -0.092178 -1.780572 -0.030180
v -0.112792 -1.780572 -0.029736
v -0.092201 -1.780779 -0.031438
v -0.112819 -1.780779 -0.030988
v -0.024417 -1.779487 -0.438655
v -0.024185 -1.779488 -0.437624
v -0.024495 -1.779733 -0.438673
v -0.024271 -1.779737 -0.437662
v -0.097662 -1.728220 -0.145884
v -0.114503 -1.729654 -0.144767
v -0.019159 -1.676043 -0.393166
v -0.018653 -1.675973 -0.392133
v -0.023293 -1.685672 -0.396995
v -0.080830 -1.774076 -0.249700
v -0.055620 -1.755334 -0.420730
v -0.058384 -1.780785 -0.082857
v -0.099304 -1.716776 -0.138791
v -0.099251 -1.718494 -0.139812
v -0.099098 -1.720497 -0.141126
v -0.120806 -1.716788 -0.137705
v -0.120640 -1.718570 -0.138661
v -0.120166 -1.720748 -0.139840
v -0.019595 -1.780785 -0.084092
v -0.344834 -1.775735 -0.021671
v -0.268148 -1.775734 -0.027081
v -0.099267 -1.712607 -0.135849
v -0.120775 -1.712609 -0.134778
v -0.033942 -1.713380 -0.132699
v -0.034266 -1.711816 -0.136197
v -0.034273 -1.711887 -0.137160
v -0.034284 -1.712599 -0.138936
v -0.092257 -1.780787 -0.034543
v -0.112888 -1.780787 -0.034082
v -0.019127 -1.780787 -0.036141
v -0.019111 -1.780572 -0.031722
v -0.019116 -1.780779 -0.032995
v -0.066137 -1.744344 -0.082198
v -0.056930 -1.778596 -0.030186
v -0.056929 -1.779226 -0.030116
v -0.057325 -1.775732 -0.033323
v -0.355733 -1.744390 -0.066938
v -0.276876 -1.744379 -0.073231
v -0.034299 -1.716741 -0.142016
v -0.034295 -1.718267 -0.143866
v -0.034277 -1.719747 -0.147459
v -0.099217 -1.711828 -0.133122
v -0.099235 -1.711897 -0.134081
v -0.120714 -1.711833 -0.132056
v -0.120736 -1.711900 -0.133014
v -0.077304 -1.771006 -0.415419
v -0.079785 -1.772828 -0.408610
v -0.046504 -1.207447 -0.177377
v -0.044650 -1.207419 -0.180519
v -0.054699 -1.779488 -0.431419
v -0.054579 -1.779737 -0.431313
v -0.076368 -1.418113 -0.257510
v -0.076916 -1.470234 -0.280710
v -0.078011 -1.421508 -0.253722
v -0.078735 -1.473044 -0.276302
v -0.054942 -1.205513 -0.174960
v -0.054974 -1.205502 -0.177324
v -0.076995 -1.682050 -0.376689
v -0.079694 -1.684017 -0.370989
v -0.077162 -1.696751 -0.383254
v -0.077369 -1.724651 -0.395350
v -0.079743 -1.698942 -0.377485
v -0.080546 -1.594798 -0.253136
v -0.080543 -1.584555 -0.275953
v -0.076569 -1.388500 -0.183557
v -0.075693 -1.309046 -0.177141
v -0.076463 -1.355348 -0.190471
v -0.075519 -1.292259 -0.182086
v -0.075187 -1.250944 -0.174528
v -0.073901 -1.220668 -0.172809
v -0.074979 -1.247196 -0.178622
v -0.073626 -1.220326 -0.176495
v -0.077053 -1.779487 -0.418705
v -0.076223 -1.779733 -0.418987
v -0.079611 -1.779488 -0.410960
v -0.078667 -1.779738 -0.411566
v -0.055847 -1.780242 -0.251554
v -0.074890 -1.260801 -0.163381
v -0.072202 -1.221594 -0.163205
v -0.076046 -1.475701 -0.164700
v -0.075363 -1.353174 -0.163656
v -0.079913 -1.622216 -0.190936
v -0.055274 -1.207281 -0.163116
v -0.021059 -1.206107 -0.163591
v -0.018166 -1.205467 -0.164309
v -0.080830 -1.773849 -0.312201
v -0.078752 -1.470546 -0.226330
v -0.079529 -1.510295 -0.243029
v -0.078780 -1.500165 -0.211484
v -0.079545 -1.532521 -0.224952
v -0.080830 -1.712842 -0.295887
v -0.080835 -1.736670 -0.296734
v -0.080666 -1.779488 -0.312617
v -0.079519 -1.779740 -0.314530
v -0.114684 -1.751971 -0.156201
v -0.080780 -1.726028 -0.198115
v -0.026284 -1.735687 -0.420046
v -0.032102 -1.739026 -0.420265
v -0.021822 -1.676442 -0.394088
v -0.029079 -1.678263 -0.393563
v -0.032230 -1.690850 -0.398630
v -0.023942 -1.742844 -0.388912
v -0.013904 -1.670553 -0.391356
v -0.013289 -1.670615 -0.390380
v -0.054262 -1.780144 -0.424840
v -0.054314 -1.780106 -0.427709
v -0.044781 -1.780157 -0.429190
v -0.005572 -1.670887 -0.355259
v -0.006282 -1.672386 -0.355848
v -0.007683 -1.675954 -0.357288
v -0.009635 -1.685364 -0.361310
v -0.010415 -1.774557 -0.401375
v -0.022416 -1.775348 -0.404558
v -0.080830 -1.694088 -0.280647
v -0.080830 -1.692872 -0.272653
v -0.080830 -1.702386 -0.296723
v -0.017120 -1.670242 -0.391967
v -0.025373 -1.669924 -0.390465
v -0.053168 -1.674665 -0.385121
v -0.022387 -1.779488 -0.425344
v -0.022131 -1.779738 -0.425082
v -0.013620 -1.780159 -0.414312
v -0.036529 -1.780266 -0.251555
v -0.010441 -1.779488 -0.426021
v -0.010472 -1.779737 -0.425725
v -0.010435 -1.776659 -0.406495
v -0.022388 -1.773306 -0.399491
v -1.431420 -1.778765 0.317290
v -1.428856 -1.778785 0.320952
v -1.436440 -1.778763 0.302438
v -1.435880 -1.778763 0.306248
v -1.433967 -1.778763 0.287466
v -1.435283 -1.778763 0.291096
v -1.436140 -1.778763 0.294826
v -1.420544 -1.778763 0.273130
v -1.429150 -1.778763 0.280094
v -1.416974 -1.780402 0.272737
v -1.426209 -1.780400 0.279869
v -1.420097 -1.780185 0.273081
v -1.428782 -1.780185 0.280066
v -1.430916 -1.780400 0.286999
v -1.431822 -1.780402 0.290478
v -1.433041 -1.780400 0.294200
v -1.433586 -1.780185 0.287407
v -1.434850 -1.780185 0.291019
v -1.435753 -1.780185 0.294748
v -1.433329 -1.780400 0.301508
v -1.432398 -1.780402 0.305107
v -1.436051 -1.780185 0.302322
v -1.435445 -1.780185 0.306106
v -1.428451 -1.780395 0.315936
v -1.425380 -1.780367 0.319550
v -1.431051 -1.780181 0.317119
v -1.428436 -1.780155 0.320763
v -0.000000 -1.780203 -0.316994
v -0.010436 -1.777860 -0.425512
v -0.022423 -1.777860 -0.424830
v -0.080830 -1.777860 -0.312457
v -0.077172 -1.777860 -0.418155
v -0.079746 -1.777860 -0.410406
v -0.054716 -1.777860 -0.430886
v -0.024406 -1.777860 -0.438101
v -0.024173 -1.777860 -0.437067
v -0.099975 -1.778744 -0.170838
v -0.121423 -1.778760 -0.169007
v -0.287814 -1.778763 -0.158556
v -0.369759 -1.778763 -0.150954
v -1.166207 -1.778763 0.113830
v -1.243411 -1.778763 0.159844
v -1.312153 -1.778763 0.202442
v -0.860999 -1.778763 -0.035165
v -0.935290 -1.778763 -0.004956
v -1.009941 -1.778763 0.029511
v -0.541503 -1.778763 -0.125575
v -0.625237 -1.778763 -0.107463
v -0.706643 -1.778763 -0.086154
v -0.025711 -1.777860 -0.439002
v -0.030956 -1.777860 -0.437885
v -0.080830 -1.777860 -0.249155
v -0.010316 -1.734430 -0.383239
v -0.022276 -1.734454 -0.381931
v -0.016762 -1.675338 -0.356072
v -0.016051 -1.674695 -0.355721
v -0.016029 -1.675346 -0.356016
v -0.004242 -1.667337 -0.353993
v -0.012640 -1.671551 -0.354827
v -0.013848 -1.672857 -0.355157
v -0.023570 -1.205522 -0.190463
v -0.057602 -1.205513 -0.182829
v -0.067416 -1.206186 -0.174828
v -0.067950 -1.206266 -0.172231
v -0.055278 -1.205513 -0.167119
v -0.017948 -1.205530 -0.167258
v -0.022587 -1.207471 -0.186992
v -0.020087 -1.207494 -0.169820
v -0.026193 -1.216305 -0.176812
v -0.023159 -1.216158 -0.174123
v -0.023767 -1.216158 -0.180568
v -0.040061 -1.207491 -0.169749
v -0.042991 -1.207471 -0.169963
v -0.038571 -1.205522 -0.167155
v -0.035507 -1.205529 -0.167189
v 0.051706 -1.780168 -0.316208
v 0.033871 -1.780198 -0.316219
v -0.051706 -1.780168 -0.316209
vn 0.0040 -1.0000 -0.0006
vn 0.0013 -1.0000 -0.0003
vn 0.0193 -0.9998 -0.0002
vn -0.0014 -1.0000 -0.0017
vn -0.9261 0.1062 -0.3619
vn -0.9484 0.1361 -0.2864
vn -0.9886 0.0577 -0.1386
vn -0.9904 0.0327 -0.1341
vn -0.0009 0.0139 0.9999
vn 0.0067 0.0110 0.9999
vn 0.0160 0.0679 0.9976
vn -0.0038 0.0717 0.9974
vn 0.2263 0.2959 -0.9280
vn 0.2370 0.0663 -0.9692
vn -0.0435 0.0960 -0.9944
vn -0.0353 0.3060 -0.9514
vn 0.1975 -0.7160 -0.6695
vn 0.0475 -0.9878 -0.1484
vn 0.0532 -0.9788 -0.1975
vn 0.1897 -0.6287 -0.7541
vn -0.5695 0.2474 -0.7838
vn -0.5830 0.0341 -0.8118
vn -0.0003 -0.9686 -0.2484
vn -0.0128 -0.5541 -0.8323
vn 0.2653 0.2849 -0.9211
vn 0.2774 -0.0143 -0.9606
vn -0.4596 -0.5659 -0.6844
vn -0.1698 -0.9522 -0.2539
vn 0.8219 0.2404 -0.5163
vn 0.2446 0.4263 -0.8708
vn 0.2390 0.2945 -0.9253
vn 0.8374 0.1406 -0.5282
vn 0.1125 0.4166 -0.9021
vn 0.1019 0.4159 -0.9037
vn 0.0000 0.4212 -0.9069
vn 0.0000 0.4217 -0.9067
vn 0.2037 0.4070 -0.8904
vn 0.1600 0.4090 -0.8984
vn 0.0000 0.2660 -0.9640
vn 0.0488 0.2712 -0.9613
vn -0.0906 -0.2608 -0.9611
vn 0.0000 -0.3407 -0.9402
vn 0.0585 0.3023 -0.9514
vn -0.1602 -0.1091 -0.9810
vn 0.0015 -0.0082 0.9999
vn 0.0011 -0.0019 1.0000
vn 0.0000 -0.0019 1.0000
vn 0.0000 -0.0082 0.9999
vn 0.0021 -0.0376 0.9993
vn 0.0000 -0.0375 0.9993
vn 0.0000 0.3204 -0.9473
vn 0.0000 0.2893 -0.9572
vn 0.1359 0.2796 -0.9504
vn 0.1445 0.3148 -0.9381
vn -0.0002 0.0019 1.0000
vn 0.0000 0.0020 1.0000
vn 0.0005 0.0016 1.0000
vn -0.0009 0.0159 0.9998
vn 0.0000 0.0166 0.9998
vn 0.0218 -0.0386 0.9990
vn 0.0153 -0.0086 0.9998
vn 0.7334 0.1623 -0.6601
vn 0.6942 0.1776 -0.6974
vn 0.8880 0.1905 -0.4185
vn 0.9302 0.1093 -0.3503
vn 0.5634 0.1811 -0.8060
vn 0.5866 0.1909 -0.7870
vn 0.9668 0.1829 -0.1783
vn 0.7547 0.4189 -0.5050
vn 0.7663 0.5758 -0.2850
vn 0.9955 0.0515 -0.0788
vn 0.9996 0.0216 -0.0157
vn 0.9640 0.0909 -0.2499
vn 0.7815 0.1873 -0.5951
vn 0.5372 0.2046 -0.8182
vn 0.6107 0.2592 -0.7483
vn 0.9998 0.0176 0.0130
vn 0.9816 0.0873 -0.1696
vn -0.0021 0.0803 0.9968
vn 0.0000 0.0823 0.9966
vn 0.1291 0.3956 -0.9093
vn 0.2558 0.3866 -0.8860
vn 0.2340 0.3929 -0.8893
vn 0.1217 0.4013 -0.9078
vn 0.0000 0.3990 -0.9169
vn 0.0000 0.4050 -0.9143
vn 0.0889 0.0196 0.9958
vn 0.0089 0.0012 0.9999
vn 0.0970 0.0021 0.9953
vn 0.0709 0.0598 0.9957
vn 0.0116 -0.0021 0.9999
vn 0.4306 0.2099 -0.8778
vn 0.2696 0.2526 -0.9292
vn 0.2507 0.2852 -0.9251
vn 0.4155 0.2435 -0.8763
vn 0.1217 -0.0028 0.9926
vn 0.1638 -0.0107 0.9864
vn 0.2374 -0.0438 0.9704
vn 0.9854 0.0822 -0.1490
vn 0.9998 0.0161 0.0132
vn 0.8233 0.2185 -0.5238
vn 0.6058 0.2444 -0.7572
vn 0.6100 0.2989 -0.7338
vn 0.9990 0.0336 -0.0283
vn 0.9999 0.0120 0.0054
vn 0.8419 0.2231 -0.4913
vn 0.6026 0.3209 -0.7307
vn 0.2792 0.3751 -0.8839
vn 0.2967 0.3507 -0.8882
vn 0.4537 0.3314 -0.8272
vn 0.4277 0.3576 -0.8302
vn 0.8148 0.2394 -0.5280
vn 0.7932 0.2506 -0.5550
vn 0.4907 0.3580 -0.7943
vn 0.5238 0.3490 -0.7771
vn -0.4075 0.3722 -0.8339
vn -0.4930 0.3573 -0.7933
vn -0.8683 0.2042 -0.4521
vn -0.8152 0.2297 -0.5317
vn -0.0139 0.8162 0.5776
vn -0.0173 0.5961 0.8027
vn -0.0173 0.5948 0.8037
vn -0.0144 0.8151 0.5792
vn 0.0066 -0.9999 -0.0058
vn -0.0219 0.8451 0.5341
vn -0.0172 0.8423 0.5387
vn -0.0183 0.8412 0.5404
vn -0.0230 0.8440 0.5359
vn -0.2446 0.4263 -0.8708
vn -0.2914 0.4318 -0.8536
vn -0.8321 0.2614 -0.4892
vn -0.8219 0.2405 -0.5163
vn 0.9998 0.0086 -0.0154
vn 0.9760 0.0907 -0.1980
vn 0.9792 0.0868 -0.1833
vn 0.9998 0.0129 -0.0134
vn 0.7856 0.2576 -0.5624
vn 0.4805 0.3659 -0.7970
vn 0.4270 0.3395 -0.8381
vn 0.2352 0.3796 -0.8947
vn 0.1875 0.7113 -0.6774
vn 0.4445 0.6455 -0.6211
vn 0.0012 -0.9999 -0.0136
vn 0.0048 -0.9999 -0.0119
vn 0.1453 0.5405 0.8287
vn 0.1265 0.9134 0.3868
vn 0.6762 0.6847 0.2716
vn 0.7513 0.3764 0.5420
vn 0.5594 0.3406 -0.7557
vn 0.8349 0.2304 -0.4998
vn 0.9826 0.0847 -0.1649
vn 0.6961 -0.2171 0.6843
vn 0.1354 -0.3168 0.9387
vn 0.1492 -0.1932 0.9697
vn 0.7247 -0.1249 0.6776
vn 0.0073 -0.3260 0.9453
vn 0.0076 -0.2026 0.9792
vn 0.1007 -0.3800 0.9195
vn 0.6131 -0.2896 0.7350
vn 0.0065 -0.3876 0.9218
vn 0.1492 0.0441 0.9878
vn 0.7401 0.0420 0.6711
vn 0.0074 0.0338 0.9994
vn 0.2429 0.4104 -0.8789
vn 0.3060 0.3995 -0.8641
vn 0.3126 0.3900 -0.8661
vn 0.2486 0.4005 -0.8819
vn 1.0000 0.0057 0.0041
vn 0.9866 0.1411 0.0819
vn 0.9695 0.2445 -0.0129
vn 0.9994 0.0214 -0.0257
vn 0.0000 -0.3883 0.9215
vn 0.0000 -0.4150 0.9098
vn 0.0000 0.3888 -0.9213
vn 0.1373 0.3852 -0.9125
vn 0.2994 0.3923 -0.8697
vn 0.2158 0.3981 -0.8916
vn 0.3236 0.3856 -0.8640
vn 0.0649 -0.4103 0.9096
vn 0.0439 -0.3544 0.9340
vn 0.0040 -0.3549 0.9349
vn 0.0052 -0.4144 0.9100
vn 0.1433 0.3619 -0.9211
vn 0.3034 0.2988 -0.9048
vn 0.0000 0.3655 -0.9308
vn 1.0000 0.0002 -0.0000
vn 1.0000 0.0001 -0.0002
vn 0.2960 0.4004 -0.8672
vn 0.2282 0.4109 -0.8826
vn 0.0071 0.5379 0.8430
vn 0.0059 0.9201 0.3915
vn 0.4938 0.3621 -0.7906
vn 0.5128 0.3486 -0.7845
vn 0.0316 -0.1755 0.9839
vn 0.0030 -0.1738 0.9847
vn 0.2528 0.3914 -0.8848
vn 0.3201 0.3761 -0.8695
vn 0.3264 0.3384 -0.8826
vn 0.2581 0.3519 -0.8997
vn 0.6152 -0.7882 -0.0129
vn 0.8243 -0.5659 -0.0152
vn 0.8320 -0.5156 -0.2047
vn 0.6222 -0.7541 -0.2103
vn -0.0002 -1.0000 -0.0071
vn 0.0000 -1.0000 -0.0078
vn 0.0000 -0.9984 -0.0559
vn 0.0022 -0.9982 -0.0589
vn 0.0121 -0.9987 -0.0484
vn -0.0270 -0.9980 -0.0572
vn 0.2922 0.2539 -0.9220
vn 0.4558 0.2200 -0.8624
vn -0.0039 0.4085 -0.9127
vn -0.0280 0.3646 -0.9307
vn -0.5458 0.3077 -0.7793
vn -0.0304 -0.9994 -0.0177
vn -0.2680 -0.9625 -0.0413
vn -0.2277 -0.9680 -0.1050
vn 0.8770 0.1724 -0.4485
vn 0.9999 -0.0057 -0.0110
vn 0.9753 -0.2204 -0.0109
vn 0.9038 -0.0477 -0.4252
vn 0.0141 -0.9991 -0.0381
vn 1.0000 -0.0016 0.0069
vn 0.9879 -0.0420 0.1489
vn 0.9908 -0.0240 0.1328
vn 1.0000 -0.0023 0.0058
vn 0.9771 -0.0703 0.2009
vn 0.9999 -0.0002 0.0089
vn 0.9926 0.0054 0.1210
vn 1.0000 -0.0007 0.0042
vn 0.9930 0.0570 0.1039
vn 1.0000 0.0013 0.0037
vn 0.3576 0.3797 -0.8532
vn 0.3250 -0.1733 0.9297
vn 0.4079 -0.3169 0.8562
vn 0.0000 0.0325 0.9995
vn 0.0000 0.5371 0.8435
vn 0.0348 0.6881 -0.7247
vn 0.0444 0.6717 -0.7395
vn 0.0559 0.8312 -0.5531
vn 0.0263 0.8568 -0.5149
vn 0.8429 -0.0609 0.5346
vn 0.9039 -0.1232 0.4096
vn 0.3492 0.8807 -0.3199
vn 0.0723 0.9725 -0.2213
vn -0.9690 -0.1509 -0.1954
vn -0.9753 -0.2204 -0.0109
vn -0.8243 -0.5659 -0.0152
vn -0.8320 -0.5156 -0.2048
vn 0.4655 0.2745 -0.8414
vn 0.0002 -1.0000 -0.0024
vn 0.0013 -1.0000 -0.0027
vn 0.0001 -1.0000 -0.0005
vn 0.0000 -1.0000 -0.0004
vn -0.2429 0.4104 -0.8789
vn -0.2486 0.4005 -0.8819
vn -0.3126 0.3900 -0.8661
vn -0.3060 0.3995 -0.8641
vn 0.0000 -1.0000 -0.0005
vn 0.0001 -1.0000 -0.0049
vn 0.0002 -1.0000 -0.0049
vn -0.0224 0.8806 0.4733
vn -0.0220 0.8815 0.4717
vn 0.0000 -1.0000 0.0013
vn -0.0900 -0.9216 -0.3776
vn -0.2203 -0.4233 -0.8787
vn -0.8086 -0.3395 -0.4804
vn -0.3525 -0.9084 -0.2246
vn -0.0018 -0.9966 0.0826
vn -0.0018 -0.9966 0.0828
vn -0.0120 -0.8290 0.5591
vn -0.0120 -0.8295 0.5583
vn 0.0034 -0.9987 -0.0513
vn 0.0103 -0.9987 -0.0505
vn 0.0004 -1.0000 -0.0050
vn 0.0005 -1.0000 -0.0051
vn 0.0000 -1.0000 0.0012
vn 0.0232 0.6896 -0.7237
vn 0.0196 0.7910 -0.6114
vn 0.0289 0.7914 -0.6106
vn 0.0000 -0.1737 0.9848
vn 0.0000 -0.3550 0.9349
vn 0.9742 0.0944 -0.2051
vn 0.5024 -0.3435 0.7934
vn 0.0215 -0.9998 -0.0037
vn 0.0022 -1.0000 -0.0044
vn 0.0034 -1.0000 -0.0029
vn 0.5845 0.3323 -0.7402
vn 0.3925 0.3714 -0.8414
vn 0.9978 0.0154 0.0649
vn 0.9990 0.0146 0.0414
vn 0.7915 -0.0108 0.6111
vn 0.9966 0.0103 0.0814
vn 0.0047 -0.9999 -0.0104
vn 0.0132 -0.9996 -0.0240
vn -0.4080 -0.7867 0.4631
vn -0.0319 -0.9973 0.0658
vn -0.1140 -0.9830 0.1437
vn 0.1162 0.4079 -0.9056
vn 0.0000 0.4125 -0.9109
vn 0.0000 0.9197 0.3926
vn -0.0002 0.9199 0.3922
vn -0.2427 0.0275 -0.9697
vn 0.0480 0.3352 -0.9409
vn 0.0443 0.3705 -0.9278
vn -0.3196 0.1667 -0.9328
vn -0.0017 -0.9966 0.0820
vn -0.0018 -0.9966 0.0824
vn -0.0120 -0.8300 0.5576
vn -0.0115 -0.8307 0.5566
vn 0.9850 0.0820 -0.1520
vn 0.8437 0.2253 -0.4872
vn -0.2581 0.3519 -0.8997
vn -0.2653 0.2849 -0.9211
vn -0.3376 0.2632 -0.9037
vn -0.3264 0.3384 -0.8826
vn 0.0218 -0.9998 -0.0005
vn 0.0505 0.6231 -0.7805
vn 0.0790 0.7355 -0.6729
vn 0.0826 0.9393 -0.3329
vn 0.0175 0.9571 -0.2893
vn 0.1383 0.8544 -0.5007
vn 0.1022 0.9876 -0.1190
vn 0.0099 0.9947 -0.1026
vn 0.0314 0.7905 -0.6117
vn 0.0320 0.7879 -0.6149
vn 0.3592 0.8509 -0.3832
vn -0.0233 0.8424 0.5383
vn -0.0226 0.8794 0.4754
vn -0.0266 0.8390 0.5434
vn -0.0254 0.8770 0.4798
vn -0.0085 0.9841 0.1775
vn -0.0084 0.9843 0.1760
vn -0.0096 0.9836 0.1799
vn 0.0048 -0.9998 0.0161
vn 0.0055 -0.9998 0.0206
vn 0.1140 -0.9830 0.1437
vn 0.0491 -0.9962 0.0708
vn 0.0113 0.9744 -0.2243
vn 0.0315 0.7849 -0.6188
vn 0.0113 0.9744 -0.2246
vn -0.2308 -0.2073 0.9506
vn -0.1347 -0.8206 0.5554
vn -0.1590 -0.8195 0.5505
vn -0.2716 -0.2066 0.9399
vn 0.2427 0.0697 -0.9676
vn 0.8297 0.0186 -0.5578
vn 0.9767 0.0875 -0.1961
vn 0.7989 0.2481 -0.5479
vn 0.1127 0.9905 0.0789
vn 0.6256 0.7796 0.0292
vn 0.0000 -0.3267 0.9451
vn 0.0000 -0.2035 0.9791
vn 0.0000 0.9964 0.0845
vn -0.0001 0.9964 0.0841
vn 0.0057 0.9965 0.0833
vn -0.0132 -0.9996 -0.0240
vn -0.0141 -0.9991 -0.0381
vn -0.0047 -0.9999 -0.0104
vn 0.0007 -1.0000 -0.0051
vn 0.0718 0.4554 -0.8874
vn 0.0652 0.4492 -0.8910
vn 0.2913 0.4318 -0.8536
vn 0.0674 0.3229 -0.9440
vn 0.0540 0.4487 -0.8920
vn 0.0575 0.3244 -0.9442
vn 0.6297 0.4030 0.6641
vn 0.6336 0.3650 0.6821
vn 0.6474 0.3917 0.6537
vn 0.6528 0.4160 0.6331
vn -0.0138 0.8182 0.5748
vn -0.0165 0.5984 0.8010
vn -0.0173 0.5972 0.8019
vn -0.0139 0.8171 0.5763
vn 0.6296 0.3524 0.6923
vn 0.6662 -0.1145 0.7369
vn 0.6734 0.1114 0.7308
vn 0.9999 0.0080 0.0052
vn 1.0000 0.0017 0.0005
vn 1.0000 0.0016 0.0003
vn 0.9999 0.0068 0.0042
vn 0.0000 -0.8816 -0.4720
vn -0.1883 -0.8346 -0.5177
vn -0.2173 -0.9659 -0.1408
vn 0.0000 -0.9923 -0.1240
vn -0.3719 -0.6814 -0.6304
vn -0.4232 -0.8876 -0.1815
vn 0.9995 0.0106 0.0277
vn 0.9999 0.0091 -0.0012
vn 0.9997 0.0092 0.0227
vn -0.4816 -0.1209 -0.8680
vn -0.9516 -0.0648 -0.3004
vn -0.6563 -0.6989 -0.2842
vn -0.0949 -0.9054 -0.4137
vn 0.0991 0.4207 -0.9018
vn 0.0000 0.4378 -0.8990
vn 0.0000 0.7540 -0.6568
vn 0.0708 0.7425 -0.6660
vn 0.1216 0.2865 -0.9503
vn 0.0000 0.2994 -0.9541
vn 0.1097 0.3237 -0.9398
vn 0.0000 0.3388 -0.9409
vn 0.0181 0.9831 -0.1820
vn 0.0000 0.9848 -0.1737
vn -0.0099 0.8192 0.5734
vn -0.0114 0.5999 0.8000
vn 0.2080 0.4383 -0.8744
vn 0.2206 0.3145 -0.9232
vn 0.1801 0.3180 -0.9308
vn 0.1685 0.4456 -0.8792
vn 0.9858 0.1381 -0.0952
vn 0.9901 0.1367 0.0313
vn 0.9995 0.0299 0.0002
vn -0.2707 0.2204 0.9370
vn -0.2300 0.2214 0.9476
vn -0.1837 0.2227 0.9574
vn -0.1845 -0.2083 0.9605
vn -0.1073 -0.8218 0.5595
vn -0.1338 -0.2096 0.9686
vn -0.0776 -0.8233 0.5622
vn -0.2572 0.5768 0.7753
vn -0.2264 0.5769 0.7848
vn -0.3074 0.2196 0.9259
vn -0.1923 0.5768 0.7939
vn -0.1534 0.5771 0.8021
vn -0.1111 0.5782 0.8083
vn -0.1333 0.2246 0.9653
vn -0.3084 -0.2056 0.9288
vn -0.1810 -0.8184 0.5453
vn 0.0000 -0.2192 0.9757
vn 0.0000 -0.8324 0.5542
vn -0.0079 -0.8317 0.5551
vn -0.0139 -0.2188 0.9756
vn 0.0000 0.7906 -0.6123
vn 0.0000 0.9738 -0.2274
vn 0.0074 0.9740 -0.2265
vn 0.5961 -0.4710 0.6502
vn 0.4712 -0.7048 0.5303
vn 0.5271 -0.6112 0.5904
vn 0.3354 -0.8598 0.3851
vn 0.0319 -0.9973 0.0657
vn 0.4080 -0.7867 0.4631
vn 0.6040 -0.3206 0.7296
vn 0.6649 0.3078 0.6805
vn 0.6897 0.1700 0.7038
vn 0.6846 0.2397 0.6884
vn 0.0000 -1.0000 0.0029
vn 0.0000 -1.0000 0.0032
vn 0.0045 -0.9999 0.0115
vn 0.0320 -0.9977 0.0589
vn 0.6387 -0.2560 0.7256
vn 0.0040 -1.0000 0.0024
vn 0.4946 -0.1295 0.8594
vn 0.2085 -0.8951 0.3941
vn 0.1349 -0.9908 -0.0042
vn 0.6577 -0.7529 -0.0241
vn 0.3525 -0.9084 -0.2246
vn 0.0470 -0.9982 -0.0360
vn 0.5263 -0.2787 -0.8033
vn 0.5441 0.0973 -0.8333
vn 0.5917 0.1037 -0.7994
vn 0.5701 -0.3134 -0.7594
vn 0.6200 0.4027 0.6734
vn -0.0004 -1.0000 0.0013
vn 0.0002 -1.0000 -0.0005
vn 0.6109 0.3655 0.7023
vn 0.0525 0.4550 -0.8889
vn 0.6866 0.4441 0.5756
vn 0.6906 0.4197 0.5890
vn 0.7926 0.3519 0.4979
vn 0.7322 0.4945 0.4684
vn 0.0000 0.8196 0.5728
vn 0.0000 0.6007 0.7994
vn -0.0127 0.8450 0.5345
vn -0.0175 0.8442 0.5356
vn 0.1235 0.4422 -0.8884
vn 0.1653 0.4399 -0.8827
vn 0.1291 0.4528 -0.8822
vn -0.0139 0.2395 0.9708
vn 0.0000 0.2398 0.9708
vn 0.0551 0.8008 0.5964
vn 0.0731 0.5802 0.8112
vn 0.0422 0.5848 0.8101
vn 0.0328 0.8045 0.5929
vn 0.0770 -0.9133 -0.4000
vn 0.0941 -0.9139 -0.3949
vn 0.0124 -0.9985 -0.0522
vn 0.0102 -0.9985 -0.0530
vn 0.1104 -0.9145 -0.3891
vn 0.0146 -0.9986 -0.0514
vn 0.1340 -0.4042 -0.9048
vn 0.1737 -0.4046 -0.8979
vn 0.0593 -0.9132 -0.4032
vn 0.2127 -0.4057 -0.8889
vn 0.2500 -0.4068 -0.8786
vn 0.2867 -0.4078 -0.8669
vn 0.1264 -0.9151 -0.3829
vn 0.0167 -0.9986 -0.0505
vn -0.1405 0.8018 0.5808
vn -0.1647 0.8035 0.5720
vn 0.0078 -0.9985 -0.0535
vn 0.2064 0.4382 -0.8748
vn 0.2449 0.4369 -0.8655
vn 0.2461 0.4335 -0.8669
vn 0.2598 0.3122 -0.9138
vn 0.2983 0.3103 -0.9026
vn 0.2830 0.4304 -0.8571
vn -0.2672 0.8320 0.4861
vn -0.2446 0.8336 0.4953
vn -0.2627 0.7978 0.5426
vn -0.2871 0.7939 0.5359
vn 0.4200 0.5705 0.7058
vn 0.5947 0.4213 0.6847
vn 0.5920 0.4608 0.6612
vn 0.4176 0.5945 0.6872
vn 0.1393 0.3218 -0.9365
vn -0.2357 0.8021 0.5488
vn -0.3210 0.5741 0.7532
vn -0.3540 0.5710 0.7407
vn -0.3851 -0.1946 0.9021
vn -0.2292 -0.8123 0.5363
vn -0.2578 -0.8044 0.5353
vn -0.4257 -0.1812 0.8865
vn -0.0201 -0.2182 0.9757
vn -0.0199 0.2387 0.9709
vn 0.0000 -1.0000 -0.0024
vn 0.7807 0.4371 -0.4466
vn 0.8321 0.2614 -0.4892
vn 0.9996 0.0092 -0.0259
vn -0.2196 0.8344 0.5055
vn -0.1951 0.8343 0.5155
vn -0.2098 0.8045 0.5556
vn -0.2881 0.5761 0.7649
vn -0.1868 0.8047 0.5635
vn -0.0223 0.8361 0.5480
vn -0.0186 0.8097 0.5865
vn -0.0328 0.8046 0.5929
vn -0.0349 0.8312 0.5548
vn -0.3840 0.5675 0.7284
vn -0.3046 0.7923 0.5286
vn -0.4076 0.5639 0.7182
vn -0.4246 0.5616 0.7102
vn -0.3159 0.7920 0.5223
vn -0.2956 0.8276 0.4771
vn -0.3221 0.7916 0.5193
vn -0.3006 0.8216 0.4843
vn -0.2832 0.8307 0.4793
vn -0.1733 0.8334 0.5248
vn -0.1527 0.8318 0.5336
vn -0.4351 0.5628 0.7027
vn -0.1306 0.8298 0.5425
vn -0.1057 0.8280 0.5507
vn -0.1129 0.8003 0.5888
vn -0.0826 0.7998 0.5946
vn 0.0602 0.4503 -0.8908
vn 0.0703 0.4538 -0.8883
vn 0.0956 0.4562 -0.8847
vn 0.1039 0.3243 -0.9402
vn 0.0756 0.3246 -0.9428
vn 0.0016 -1.0000 -0.0048
vn 0.0014 -1.0000 -0.0049
vn 0.0239 -0.9185 -0.3946
vn 0.0313 -0.9159 -0.4002
vn 0.0041 -0.9986 -0.0527
vn 0.0031 -0.9986 -0.0517
vn -0.0001 -1.0000 0.0013
vn 0.0057 -0.9985 -0.0533
vn 0.0018 -1.0000 -0.0047
vn 0.0020 -1.0000 -0.0046
vn 0.0006 -1.0000 -0.0026
vn -0.0006 -1.0000 0.0016
vn 0.0003 -1.0000 0.0000
vn 0.0022 -1.0000 -0.0045
vn -0.0005 -1.0000 0.0013
vn -0.0006 -1.0000 0.0013
vn 0.0025 -1.0000 -0.0046
vn 0.0002 -1.0000 -0.0004
vn 0.7892 0.6002 -0.1299
vn 0.8856 0.4405 -0.1469
vn 0.8619 0.4388 -0.2540
vn 0.7704 0.5959 -0.2264
vn 0.0189 -0.9986 -0.0496
vn 0.0212 -0.9986 -0.0487
vn 0.0237 -0.9985 -0.0482
vn 0.0009 -1.0000 -0.0050
vn 0.0012 -1.0000 -0.0049
vn -0.0002 -1.0000 0.0013
vn -0.0003 -1.0000 0.0013
vn 0.0269 -0.9984 -0.0492
vn 0.0029 -1.0000 -0.0047
vn 0.0013 -1.0000 0.0004
vn -0.0007 -1.0000 0.0013
vn 0.1431 -0.9153 -0.3764
vn 0.1606 -0.9153 -0.3693
vn 0.1788 -0.9141 -0.3640
vn 0.3244 -0.4083 -0.8532
vn 0.3630 -0.4083 -0.8375
vn 0.3999 -0.4064 -0.8215
vn 0.4329 -0.4001 -0.8078
vn 0.1992 -0.9091 -0.3657
vn 0.2244 -0.8959 -0.3834
vn 0.2573 -0.8699 -0.4207
vn 0.0389 -0.9972 -0.0631
vn 0.0314 -0.9980 -0.0537
vn 0.2884 -0.8405 -0.4587
vn 0.0452 -0.9963 -0.0724
vn 0.4606 -0.3848 -0.7998
vn 0.4848 -0.3511 -0.8010
vn 0.5083 -0.2934 -0.8096
vn 0.3046 -0.8284 -0.4700
vn 0.0497 -0.9957 -0.0777
vn 0.3168 0.3837 -0.8674
vn 0.2504 0.3952 -0.8838
vn 0.7393 0.2799 0.6124
vn 0.0438 -0.9142 -0.4029
vn 0.0717 -0.4089 -0.9097
vn 0.0551 -0.4138 -0.9087
vn 0.0994 -0.4059 -0.9085
vn 0.5270 0.4672 -0.7099
vn 0.4922 0.4414 -0.7503
vn 0.4933 0.4422 -0.7490
vn 0.5288 0.4684 -0.7077
vn -0.4213 0.2240 0.8788
vn -0.3826 0.2210 0.8971
vn -0.3440 0.2195 0.9130
vn -0.3453 -0.2025 0.9163
vn -0.2035 -0.8166 0.5400
vn -0.4565 0.2257 0.8606
vn -0.4629 -0.1648 0.8710
vn -0.2872 -0.7928 0.5375
vn -0.0513 0.8707 0.4892
vn -0.0197 0.9822 0.1864
vn -0.0136 0.9829 0.1833
vn -0.0355 0.8734 0.4857
vn 0.6103 0.5139 -0.6029
vn 0.6625 0.3749 -0.6484
vn 0.5605 0.3344 -0.7576
vn 0.5267 0.4610 -0.7142
vn 0.0886 0.4445 -0.8914
vn 0.9995 -0.0044 -0.0319
vn 0.9996 0.0025 -0.0286
vn -0.1143 0.8708 0.4780
vn -0.1289 0.8326 0.5387
vn -0.1507 0.8345 0.5299
vn -0.1337 0.8719 0.4710
vn 0.6971 0.5630 -0.4439
vn 0.7692 0.4129 -0.4875
vn 0.6100 0.5205 -0.5974
vn 0.4922 0.4358 -0.7534
vn 0.4818 0.4264 -0.7655
vn 0.4814 0.4317 -0.7628
vn 0.5189 0.3148 -0.7947
vn -0.2581 0.8773 0.4045
vn -0.2559 0.8791 0.4021
vn -0.2958 0.8347 0.4646
vn -0.2982 0.8343 0.4636
vn 0.7667 0.6019 -0.2233
vn 0.7443 0.5859 -0.3203
vn 0.7411 0.5920 -0.3166
vn 0.6951 0.5693 -0.4390
vn 0.8284 0.4319 -0.3566
vn 0.7851 0.6062 -0.1274
vn 0.8987 0.4370 -0.0364
vn 0.8006 0.5984 -0.0310
vn 0.7971 0.5724 0.1920
vn 0.8879 0.4093 0.2100
vn 0.9005 0.4282 0.0748
vn 0.8040 0.5906 0.0687
vn -0.2587 0.8361 0.4838
vn -0.2525 0.8455 0.4705
vn -0.3023 0.8236 0.4799
vn -0.3057 0.8195 0.4847
vn 0.8378 0.1318 -0.5297
vn 0.7107 0.1181 -0.6935
vn 0.9498 0.1401 -0.2796
vn 0.9098 0.1383 -0.3913
vn 0.9769 0.1397 -0.1618
vn 0.4953 0.3027 -0.8143
vn 0.5066 0.3077 -0.8054
vn 0.5300 0.0950 -0.8427
vn 0.5173 0.0933 -0.8506
vn 0.9897 0.1369 -0.0400
vn 0.9658 0.1232 0.2282
vn 0.9878 0.1321 0.0820
vn 0.8484 0.3805 0.3681
vn 0.9122 0.1122 0.3941
vn 0.8470 0.1063 0.5208
vn 0.7820 0.1119 0.6131
vn 0.7073 0.0679 0.7036
vn 0.6360 -0.4967 0.5904
vn 0.6943 -0.4730 0.5424
vn -0.0383 0.8342 0.5500
vn -0.0567 0.8309 0.5535
vn 0.7993 0.5968 0.0695
vn 0.7960 0.6045 -0.0293
vn 0.7714 0.5376 0.3405
vn 0.7924 0.5789 0.1919
vn -0.4037 0.5654 0.7192
vn -0.3041 0.7890 0.5338
vn -0.2693 0.8456 0.4607
vn -0.2814 0.8418 0.4606
vn -0.2440 0.8821 0.4028
vn -0.2348 0.8826 0.4072
vn -0.0519 0.9817 0.1829
vn -0.0442 0.9817 0.1849
vn -0.0794 0.8300 0.5520
vn -0.0710 0.8698 0.4883
vn -0.0273 0.9820 0.1868
vn -0.0881 -0.2109 0.9735
vn -0.0510 -0.8243 0.5638
vn 0.0321 0.9750 -0.2198
vn 0.0913 0.7745 -0.6260
vn 0.0666 0.7763 -0.6268
vn 0.0235 0.9750 -0.2210
vn 0.0167 0.9748 -0.2225
vn 0.0124 0.9746 -0.2234
vn 0.1472 0.7732 -0.6168
vn 0.0514 0.9752 -0.2152
vn 0.0603 0.9753 -0.2123
vn 0.1731 0.7730 -0.6103
vn 0.1197 0.7735 -0.6223
vn 0.0419 0.9751 -0.2177
vn 0.0470 0.7784 -0.6260
vn 0.0345 0.7812 -0.6232
vn 0.0658 0.5068 -0.8596
vn 0.0477 0.5156 -0.8555
vn 0.2013 0.4982 -0.8434
vn 0.1641 0.4971 -0.8520
vn 0.1260 0.4973 -0.8584
vn 0.2364 0.4986 -0.8339
vn -0.0083 0.9847 0.1741
vn 0.0113 0.9743 -0.2248
vn 0.0107 0.9742 -0.2253
vn -0.0078 0.9849 0.1727
vn 0.0926 0.5001 -0.8610
vn 0.1980 0.7724 -0.6034
vn 0.2704 0.4975 -0.8242
vn 0.2509 0.7690 -0.5879
vn 0.3424 0.4901 -0.8016
vn 0.3054 0.4946 -0.8137
vn 0.2237 0.7710 -0.5962
vn 0.2781 0.7671 -0.5781
vn 0.3793 0.4854 -0.7877
vn 0.4437 0.6378 0.6295
vn 0.6268 0.5114 0.5878
vn 0.6783 0.5512 0.4858
vn 0.4845 0.6823 0.5475
vn 0.3022 0.7668 -0.5663
vn 0.4128 0.4826 -0.7725
vn 0.0687 0.9754 -0.2092
vn 0.0773 0.9755 -0.2058
vn 0.0861 0.9757 -0.2015
vn -0.1521 0.8729 0.4636
vn -0.0593 0.9817 0.1809
vn -0.0359 0.9818 0.1863
vn -0.0931 0.8700 0.4842
vn -0.1893 0.8761 0.4433
vn -0.0744 0.9817 0.1755
vn -0.0667 0.9817 0.1784
vn -0.1707 0.8740 0.4548
vn -0.1049 0.8308 0.5465
vn -0.1713 0.8362 0.5209
vn -0.1924 0.8381 0.5104
vn -0.2145 0.8409 0.4968
vn -0.2355 0.8443 0.4812
vn -0.2068 0.8790 0.4296
vn -0.2543 0.8465 0.4677
vn -0.2222 0.8816 0.4164
vn -0.0819 0.9816 0.1724
vn -0.0893 0.9813 0.1703
vn -0.3081 0.8127 0.4945
vn -0.3040 0.8178 0.4885
vn -0.2674 0.8184 0.5086
vn -0.2668 0.8165 0.5119
vn -0.0612 0.8118 0.5807
vn -0.0513 0.8279 0.5584
vn 0.0942 0.9761 -0.1956
vn 0.1003 0.9771 -0.1878
vn 0.2154 0.7880 0.5768
vn 0.1911 0.7540 0.6284
vn 0.5226 0.7266 0.4460
vn 0.2378 0.8271 0.5091
vn 0.7212 0.5891 0.3644
vn -0.2641 0.8209 0.5063
vn -0.0738 0.8028 0.5916
vn -0.3010 0.8204 0.4861
vn 0.1675 0.7319 0.6605
vn -0.2597 0.8238 0.5038
vn -0.3076 0.8118 0.4962
vn -0.0383 0.8516 0.5228
vn -0.2640 0.8300 0.4913
vn -0.0334 0.8765 0.4802
vn -0.0339 0.8934 0.4479
vn 0.5486 0.7687 0.3287
vn 0.7495 0.6235 0.2223
vn 0.7589 0.6429 0.1038
vn 0.5577 0.7968 0.2323
vn 0.2556 0.8949 0.3657
vn 0.2522 0.8666 0.4305
vn 0.5598 0.8147 0.1511
vn 0.2547 0.9154 0.3116
vn -0.3082 0.8152 0.4903
vn 0.7581 0.6520 0.0072
vn -0.0319 0.9084 0.4168
vn -0.3009 0.8337 0.4629
vn -0.3030 0.8289 0.4702
vn -0.2591 0.8532 0.4527
vn -0.2545 0.8602 0.4419
vn -0.0432 0.9330 0.3572
vn -0.0492 0.9432 0.3286
vn 0.5453 0.8381 -0.0131
vn 0.7344 0.6533 -0.1839
vn 0.7118 0.6455 -0.2769
vn 0.5289 0.8433 -0.0954
vn 0.2270 0.9629 0.1458
vn 0.2404 0.9495 0.2015
vn -0.2514 0.8708 0.4224
vn -0.0571 0.9574 0.2831
vn 0.5556 0.8285 0.0690
vn 0.7499 0.6555 -0.0891
vn -0.0208 0.2380 0.9710
vn -0.0209 -0.2177 0.9758
vn 0.3179 0.4321 -0.8439
vn 0.3564 0.4274 -0.8308
vn 0.3578 0.4273 -0.8303
vn 0.3190 0.4319 -0.8436
vn 0.6702 0.6261 -0.3985
vn 0.4982 0.8415 -0.2087
vn -0.3033 0.8257 0.4755
vn -0.2561 0.8510 0.4584
vn -0.0358 0.9223 0.3848
vn -0.1067 0.9786 0.1757
vn -0.1010 0.9764 0.1906
vn 0.1222 0.9855 -0.1174
vn 0.1045 0.9836 -0.1467
vn -0.2981 0.8385 0.4561
vn 0.3735 0.7978 -0.4732
vn 0.3450 0.7841 -0.5159
vn 0.2045 0.9764 0.0683
vn 0.2496 0.9337 0.2567
vn 0.4371 0.8239 -0.3607
vn 0.5914 0.5818 -0.5583
vn 0.5117 0.5300 -0.6761
vn -0.2993 0.8367 0.4586
vn -0.2566 0.8760 0.4082
vn -0.0781 0.9712 0.2249
vn 0.2620 0.0165 0.9649
vn 0.1638 0.6940 0.7011
vn -0.1086 0.7716 0.6267
vn -0.0696 0.2417 0.9678
vn 0.4342 0.5265 0.7309
vn 0.1636 0.9857 -0.0385
vn -0.1024 0.9799 0.1712
vn -0.0965 0.9807 0.1702
vn 0.3370 0.7783 -0.5297
vn 0.4658 0.4943 -0.7339
vn 0.4551 0.4877 -0.7450
vn 0.3305 0.7732 -0.5412
vn 0.1556 0.7249 0.6710
vn -0.0878 0.8010 0.5921
vn -0.2726 0.8213 0.5011
vn -0.0788 0.8270 0.5566
vn 0.3198 0.7690 -0.5534
vn 0.1030 0.9786 -0.1780
vn 0.1030 0.9804 -0.1676
vn -0.0386 -0.9958 0.0829
vn -0.0034 -0.9938 0.1108
vn 0.4383 0.4834 -0.7577
vn 0.4768 0.5040 -0.7201
vn -0.2923 0.8358 0.4646
vn -0.2508 0.8807 0.4018
vn -0.1054 0.9797 0.1704
vn 0.1021 0.9822 -0.1576
vn 0.7330 0.5040 0.4567
vn 0.7678 0.5448 0.3372
vn 0.6939 0.4569 0.5565
vn 0.4716 0.4201 -0.7753
vn 0.4785 0.2994 -0.8255
vn 0.4558 0.4158 -0.7870
vn 0.4294 0.4197 -0.7996
vn 0.4546 0.4206 -0.7851
vn 0.4313 0.4150 -0.8011
vn 0.3945 0.4226 -0.8159
vn 0.3958 0.4225 -0.8154
vn 0.4286 0.4198 -0.8000
vn 0.2817 0.4351 -0.8552
vn 0.2811 0.4350 -0.8554
vn 0.6967 0.4718 0.5403
vn 0.7349 0.5087 0.4485
vn 0.7678 0.5455 0.3360
vn 0.6608 0.4348 0.6117
vn 0.7923 0.5789 0.1927
vn 0.7992 0.5969 0.0706
vn 0.7960 0.6045 -0.0280
vn 0.7852 0.6063 -0.1259
vn 0.7670 0.6022 -0.2215
vn 0.7417 0.5923 -0.3146
vn 0.6962 0.5701 -0.4362
vn 0.6120 0.5219 -0.5942
vn 0.0936 0.4209 -0.9022
vn 0.0679 0.4331 -0.8988
vn 0.1277 0.4190 -0.8989
vn 0.0512 0.4536 -0.8897
vn 0.0512 0.4510 -0.8910
vn 0.4544 0.4207 -0.7851
vn 0.4713 0.4253 -0.7726
vn 0.4709 0.4250 -0.7730
vn 0.4822 0.4321 -0.7620
vn 0.1681 0.4241 -0.8898
vn 0.2077 0.4311 -0.8781
vn 0.2452 0.4350 -0.8664
vn -0.0512 -0.9946 0.0898
vn -0.0528 -0.9944 0.0908
vn -0.0459 -0.9952 0.0863
vn -0.5141 -0.1970 0.8347
vn -0.2883 -0.7762 0.5606
vn -0.2636 -0.4953 0.8277
vn -0.4936 0.0119 0.8696
vn 0.0000 0.8479 0.5301
vn 0.0000 0.8453 0.5343
vn -0.0152 0.8478 0.5301
vn -0.2981 0.8325 0.4669
vn -0.0216 0.8472 0.5309
vn 0.0000 -1.0000 -0.0025
vn 0.0001 -1.0000 -0.0025
vn -0.3049 0.8195 0.4853
vn -0.3059 0.8220 0.4803
vn -0.3017 0.8279 0.4728
vn -0.3013 0.8324 0.4651
vn 0.6301 0.4376 0.6414
vn -0.0188 0.8396 0.5428
vn 0.6446 0.4365 0.6276
vn 0.7638 0.5488 0.3396
vn 0.7895 0.5819 0.1951
vn 0.3209 0.4271 -0.8453
vn 0.4529 0.2986 -0.8401
vn 0.3601 0.4225 -0.8318
vn 0.3791 0.3041 -0.8739
vn 0.3381 0.3077 -0.8893
vn 0.3981 0.4177 -0.8167
vn 0.4186 0.3005 -0.8570
vn -0.0146 0.8133 0.5816
vn -0.0174 0.5930 0.8050
vn -0.0313 -0.9960 0.0832
vn -0.0355 -0.9959 0.0831
vn -0.0044 -0.9964 0.0842
vn -0.0077 -0.9963 0.0850
vn -0.2972 -0.8183 0.4919
vn -0.3262 -0.7762 0.5395
vn -0.0023 -0.9965 0.0836
vn -0.0117 -0.9963 0.0851
vn -0.0404 -0.9956 0.0841
vn -0.0278 -0.9961 0.0837
vn -0.0163 -0.9962 0.0850
vn -0.0205 -0.9962 0.0847
vn -0.0243 -0.9961 0.0842
vn 0.1150 -0.8305 0.5449
vn -0.0294 -0.8263 0.5623
vn -0.0157 -0.8275 0.5612
vn -0.0509 -0.2130 0.9757
vn -0.0273 -0.2148 0.9763
vn -0.3125 -0.7797 0.5425
vn -0.0209 -0.2166 0.9760
vn -0.0121 -0.8282 0.5602
vn -0.0209 -0.2160 0.9762
vn -0.5112 -0.1393 0.8481
vn -0.5212 -0.1372 0.8423
vn -0.0210 0.8831 0.4687
vn -0.0219 0.8823 0.4702
vn -0.5109 0.2445 0.8241
vn -0.4913 -0.1494 0.8581
vn -0.0209 -0.2171 0.9759
vn -0.5028 0.2239 0.8349
vn -0.4836 0.2243 0.8461
vn -0.0018 -0.9965 0.0832
vn -0.0170 0.8432 0.5373
vn -0.0217 0.8461 0.5325
vn -0.8297 0.0186 -0.5578
vn -0.2427 0.0697 -0.9676
vn -0.0208 0.2364 0.9714
vn -0.0208 0.2372 0.9712
vn 0.5292 0.4729 -0.7045
vn 0.4933 0.4463 -0.7466
vn 0.0434 0.5258 -0.8495
vn 0.0469 0.5608 -0.8266
vn 0.0312 0.7831 -0.6211
vn 0.0000 -0.9967 0.0813
vn -0.0012 -0.9966 0.0815
vn -0.0084 0.9845 0.1749
vn 0.6736 0.4811 0.5610
vn -0.0507 0.2301 0.9718
vn -0.0272 0.2333 0.9720
vn -0.0877 0.2269 0.9699
vn -0.0226 0.5897 0.8073
vn -0.0422 0.5847 0.8101
vn -0.0731 0.5802 0.8112
vn 0.0681 0.4421 -0.8944
vn 0.0499 0.4562 -0.8885
vn -0.0208 0.2354 0.9716
vn 0.2849 0.4889 -0.8245
vn 0.1737 0.6216 -0.7638
vn -0.0053 0.9853 0.1705
vn -0.0145 0.8838 0.4677
vn 0.0900 -0.9216 -0.3775
vn 0.2086 0.4367 -0.8751
vn 0.1701 0.4320 -0.8856
vn 0.2450 0.4393 -0.8643
vn 0.2087 0.4315 -0.8776
vn 0.1700 0.4243 -0.8894
vn 0.2453 0.4357 -0.8660
vn 0.2802 0.4389 -0.8537
vn 0.2808 0.4357 -0.8551
vn 0.1303 0.4190 -0.8986
vn 0.1306 0.4290 -0.8938
vn 0.4707 0.4291 -0.7709
vn 0.4534 0.4245 -0.7837
vn 0.4819 0.4361 -0.7599
vn 0.4714 0.4260 -0.7722
vn 0.4542 0.4214 -0.7849
vn 0.4825 0.4330 -0.7613
vn 0.4938 0.4432 -0.7482
vn 0.4280 0.4205 -0.8000
vn 0.4271 0.4236 -0.7988
vn 0.0680 0.4342 -0.8983
vn 0.0505 0.4513 -0.8909
vn 0.0959 0.4316 -0.8969
vn 0.0956 0.4212 -0.9019
vn 0.6122 0.5264 -0.5900
vn 0.6128 0.5231 -0.5923
vn 0.5296 0.4696 -0.7064
vn 0.6955 0.5740 -0.4321
vn 0.6965 0.5710 -0.4345
vn 0.7832 0.6095 -0.1226
vn 0.7653 0.6055 -0.2181
vn 0.7849 0.6069 -0.1247
vn 0.7668 0.6029 -0.2202
vn 0.7403 0.5959 -0.3111
vn 0.7416 0.5931 -0.3133
vn 0.7938 0.6077 -0.0249
vn 0.7956 0.6051 -0.0269
vn 0.7668 0.5463 0.3369
vn 0.7917 0.5795 0.1934
vn 0.7967 0.5999 0.0734
vn 0.7987 0.5974 0.0715
vn 0.6869 0.4788 0.5467
vn 0.7249 0.5138 0.4587
vn 0.7317 0.5112 0.4508
vn 0.3547 0.4312 -0.8296
vn 0.3165 0.4358 -0.8425
vn 0.3927 0.4263 -0.8148
vn 0.3556 0.4281 -0.8308
vn 0.3173 0.4328 -0.8438
vn 0.3937 0.4233 -0.8160
vn 0.2203 -0.4234 -0.8787
vn 0.8086 -0.3396 -0.4803
vn 0.0275 -0.9199 -0.3911
vn 0.0642 -0.4175 -0.9064
vn -0.7124 -0.6236 -0.3219
vn -0.7841 -0.6102 -0.1134
vn 0.0113 0.9745 -0.2239
vn -0.9099 -0.0745 -0.4080
vn -0.9858 -0.0962 -0.1373
vn -0.9092 0.1169 -0.3995
vn 0.0000 0.9856 0.1692
vn 0.0634 0.5796 -0.8124
vn 0.0588 0.4703 -0.8805
vn 0.0731 0.4577 -0.8860
vn 0.7028 0.0141 0.7112
vn 0.6350 0.1244 0.7624
vn -0.7118 -0.2270 -0.6647
vn -0.7841 0.0883 -0.6142
vn -0.0293 -0.9995 0.0063
vn -0.0565 -0.9974 -0.0445
vn 0.1794 0.4113 -0.8936
vn 0.2004 0.4139 -0.8880
vn -0.3364 0.3215 -0.8851
vn 0.5269 0.3354 -0.7809
vn 0.8293 0.2106 -0.5176
vn 0.8320 0.1921 -0.5205
vn 0.5318 0.3191 -0.7844
vn 1.0000 0.0000 0.0000
vn 1.0000 -0.0001 -0.0001
vn -0.9999 -0.0057 -0.0110
vn -0.9821 0.0667 -0.1760
vn 0.9800 -0.1943 -0.0410
vn -0.0551 0.8008 0.5964
vn -0.1349 -0.9908 -0.0042
vn -0.0470 -0.9982 -0.0360
vn -0.6577 -0.7529 -0.0241
vn 0.0102 0.9822 -0.1875
vn 0.0377 0.6924 -0.7205
vn 0.0000 0.6905 -0.7233
vn 0.0000 0.9818 -0.1899
vn -0.0102 0.9822 -0.1875
vn -0.0377 0.6924 -0.7205
vn 0.0496 0.2570 -0.9651
vn 0.0000 0.2492 -0.9684
vn 0.0707 0.0975 -0.9927
vn 0.0000 0.6894 -0.7243
vn -0.2179 0.3967 -0.8917
vn -0.2168 0.3996 -0.8906
vn -0.0284 0.4100 -0.9116
vn 0.0039 0.4085 -0.9127
vn -0.0470 0.7784 -0.6260
vn -0.0658 0.5068 -0.8596
vn -0.0926 0.5002 -0.8610
vn -0.0666 0.7763 -0.6268
vn 0.0977 0.6481 -0.7552
vn 0.0472 0.4790 -0.8765
vn 0.0521 0.4805 -0.8754
vn 0.0000 0.9947 -0.1029
vn 0.0029 0.9947 -0.1026
vn -0.0545 0.8278 0.5583
vn 0.0219 0.8451 0.5341
vn 0.0220 0.8815 0.4716
vn 0.0224 0.8806 0.4733
vn 0.0230 0.8440 0.5359
vn 0.0000 0.8840 0.4674
vn 0.3473 -0.1372 -0.9276
vn 0.2094 -0.7887 -0.5781
vn -0.0740 0.9965 0.0387
vn -0.2700 0.9439 0.1901
vn -0.3066 0.9516 0.0178
vn -0.0667 0.9977 -0.0036
vn -0.0345 0.7813 -0.6232
vn -0.0477 0.5156 -0.8555
vn -0.0235 0.9750 -0.2209
vn -0.0167 0.9748 -0.2225
vn -0.1260 0.4973 -0.8584
vn -0.0913 0.7745 -0.6259
vn 0.1337 0.8719 0.4710
vn 0.1143 0.8708 0.4781
vn 0.0442 0.9817 0.1849
vn 0.0519 0.9817 0.1829
vn 0.8191 0.2298 -0.5256
vn 0.9820 0.0674 -0.1762
vn 0.9824 0.0568 -0.1776
vn 0.9805 0.0775 -0.1804
vn 0.9998 0.0065 -0.0161
vn 0.9998 0.0052 -0.0163
vn -0.3592 0.8509 -0.3832
vn -0.6256 0.7796 0.0292
vn -0.9695 0.2445 -0.0129
vn -0.7807 0.4371 -0.4466
vn 0.4380 -0.8493 -0.2947
vn 0.4307 -0.9024 -0.0120
vn 0.2294 -0.9733 -0.0104
vn 0.2253 -0.9311 -0.2867
vn 0.0161 0.8582 -0.5130
vn 0.0000 0.8576 -0.5143
vn 0.0087 0.9575 -0.2881
vn 0.0000 0.9572 -0.2894
vn 0.0058 0.5608 0.8279
vn -0.0009 0.5396 0.8419
vn 0.0000 0.8900 0.4559
vn 0.0000 0.4239 0.9057
vn 0.0012 0.9057 0.4239
vn 0.0136 0.9829 0.1833
vn 0.0197 0.9822 0.1865
vn 0.9998 0.0028 -0.0165
vn 0.2168 0.3996 -0.8906
vn 0.2139 0.4055 -0.8887
vn 0.9998 0.0166 0.0047
vn 0.9998 0.0167 -0.0049
vn -0.7652 0.6136 0.1948
vn -0.7160 0.5311 -0.4530
vn -0.2196 0.9431 -0.2498
vn -0.5698 0.5865 0.5756
vn -0.1776 0.9313 0.3179
vn -0.3092 0.4384 0.8439
vn -0.8121 0.4824 0.3282
vn -0.8213 0.4556 -0.3432
vn -0.3403 0.3885 0.8563
vn -0.5949 0.4795 0.6451
vn 0.5291 -0.3718 -0.7627
vn 0.2423 -0.8621 -0.4451
vn 0.3376 0.2632 -0.9037
vn 0.0503 -0.9942 -0.0952
vn 0.0450 -0.9925 -0.1140
vn 0.5666 0.1847 -0.8030
vn 0.1807 -0.9825 -0.0441
vn 0.0286 -0.9995 -0.0082
vn 0.0405 -0.9985 -0.0353
vn 0.2348 -0.9528 -0.1921
vn 0.9995 0.0106 0.0300
vn 0.9994 0.0112 0.0320
vn 0.9995 0.0143 0.0283
vn 0.9997 0.0117 0.0226
vn 0.0733 0.9973 0.0097
vn 0.0674 0.9977 -0.0067
vn -0.0323 0.9993 -0.0188
vn 0.0479 0.9976 0.0496
vn -0.0367 0.9985 0.0396
vn 0.0530 0.9982 -0.0263
vn 0.1089 0.4728 0.8744
vn 0.1694 0.8217 0.5441
vn 0.0159 0.9485 0.3163
vn 0.9997 0.0100 -0.0198
vn 0.9998 0.0076 -0.0181
vn -0.4380 -0.8493 -0.2947
vn -0.4307 -0.9024 -0.0120
vn -0.6152 -0.7882 -0.0129
vn -0.6196 -0.7335 -0.2794
vn -0.5451 -0.4757 -0.6903
vn -0.6222 -0.7541 -0.2103
vn 0.7078 -0.6911 -0.1463
vn 0.6381 -0.7698 -0.0122
vn 0.1382 -0.9904 -0.0029
vn 0.9998 0.0057 0.0193
vn 0.9476 -0.1135 0.2985
vn 0.7548 -0.0016 0.6560
vn 0.9998 0.0114 0.0129
vn 0.9997 0.0143 0.0169
vn 0.9962 0.0069 0.0866
vn -0.9918 0.0309 0.1237
vn -0.9963 0.0061 0.0857
vn -0.7300 0.0007 0.6834
vn -0.7028 0.0141 0.7112
vn 0.9963 0.0061 0.0857
vn 0.9918 0.0309 0.1237
vn 0.9415 0.1923 0.2768
vn 0.9115 0.4031 0.0816
vn 0.6723 0.5632 0.4804
vn 0.8983 0.4131 -0.1494
vn -1.0000 0.0013 0.0037
vn -1.0000 0.0057 0.0041
vn -0.9866 0.1411 0.0819
vn -0.9930 0.0570 0.1039
vn -0.9959 0.0354 -0.0824
vn -0.8770 0.1724 -0.4485
vn -0.9654 0.2057 -0.1604
vn -0.9988 0.0491 -0.0014
vn -0.7678 0.6399 0.0297
vn -0.6255 0.7195 -0.3017
vn 0.6960 -0.5495 -0.4621
vn 0.9763 -0.2158 -0.0135
vn 0.9764 -0.1384 -0.1655
vn 0.8582 0.0232 -0.5128
vn 0.7300 0.0007 0.6834
vn 0.4260 0.3405 0.8382
vn -0.7547 0.4189 -0.5050
vn -0.8880 0.1905 -0.4185
vn -0.9668 0.1829 -0.1783
vn -0.7663 0.5758 -0.2850
vn -0.8148 0.2394 -0.5280
vn -0.7932 0.2506 -0.5550
vn -0.9760 0.0907 -0.1980
vn -0.9792 0.0868 -0.1833
vn -0.1445 0.3148 -0.9381
vn -0.1359 0.2796 -0.9504
vn -0.4444 0.6455 -0.6211
vn -0.1875 0.7113 -0.6774
vn -0.2352 0.3796 -0.8947
vn -0.4270 0.3395 -0.8381
vn 0.0000 -0.9575 -0.2882
vn 0.0000 -0.9999 -0.0095
vn -0.2294 -0.9733 -0.0104
vn -0.2253 -0.9311 -0.2867
vn 0.2179 0.3967 -0.8917
vn 0.0004 0.9714 0.2373
vn 0.0107 0.9806 0.1959
vn -0.0004 0.9998 0.0203
vn 0.0000 0.9996 0.0280
vn 0.0001 0.9999 -0.0083
vn 0.0284 0.4100 -0.9116
vn -0.0052 -0.4144 0.9100
vn -0.0064 -0.3876 0.9218
vn -0.9997 0.0100 -0.0198
vn -0.9998 0.0076 -0.0181
vn -1.0000 0.0002 -0.0000
vn -1.0000 0.0000 0.0000
vn 0.6236 -0.7818 -0.0001
vn 0.1294 -0.9916 -0.0003
vn 0.9754 -0.2204 -0.0000
vn -0.9994 0.0214 -0.0257
vn -0.9995 -0.0044 -0.0319
vn -0.9801 -0.1943 -0.0410
vn -0.0040 -1.0000 -0.0006
vn 0.0014 -1.0000 -0.0017
vn -0.0008 -1.0000 -0.0007
vn -0.0450 -0.9924 -0.1140
vn -0.0475 -0.9878 -0.1485
vn 0.0170 0.8432 0.5373
vn 0.0175 0.8442 0.5356
vn 0.0216 0.8472 0.5309
vn 0.0217 0.8461 0.5325
vn 0.0563 0.4024 -0.9137
vn -0.9969 0.0693 -0.0357
vn -0.8581 0.2317 -0.4581
vn -0.7663 0.2598 -0.5876
vn -0.7970 0.2394 -0.5545
vn -0.9866 0.0693 -0.1473
vn -0.0692 0.9291 -0.3632
vn -0.1390 0.9902 -0.0104
vn 0.0015 0.9997 -0.0221
vn 0.0309 0.9226 -0.3844
vn 0.0481 -0.2655 -0.9629
vn 0.0245 -0.8950 -0.4454
vn -0.7047 0.6584 -0.2644
vn -0.0797 0.9714 -0.2235
vn 0.0466 -0.3160 -0.9476
vn 0.0192 -0.9109 -0.4121
vn -0.4039 0.2582 -0.8776
vn 0.0470 0.2673 -0.9625
vn -0.0068 -0.9983 -0.0570
vn 0.9821 0.0667 -0.1760
vn 0.9866 0.0693 -0.1473
vn 0.8683 0.2042 -0.4521
vn 0.8152 0.2297 -0.5316
vn 0.0000 -1.0000 -0.0007
vn 0.0000 -0.3527 -0.9357
vn 0.0000 -0.9253 -0.3792
vn 0.0002 -1.0000 -0.0071
vn 0.0602 0.1003 -0.9931
vn -0.5322 0.5066 -0.6783
vn 0.0125 0.6793 -0.7338
vn 0.0000 0.9998 -0.0216
vn 0.0000 0.9245 -0.3812
vn 0.9998 0.0028 -0.0160
vn -0.9996 0.0025 -0.0286
vn -0.0013 -1.0000 -0.0003
vn 0.9830 0.0524 -0.1760
vn 0.8347 0.1765 -0.5215
vn -0.0125 0.6793 -0.7338
vn 0.0797 0.9714 -0.2235
vn -0.8959 0.1658 -0.4121
vn 0.5379 0.2891 -0.7919
vn 0.7585 -0.4532 0.4682
vn -0.0389 -0.9972 -0.0631
vn -0.0013 -1.0000 0.0004
vn -0.0040 -1.0000 0.0024
vn -0.0452 -0.9963 -0.0723
vn 0.1454 0.0975 -0.9845
vn 0.1079 0.0983 -0.9893
vn 0.0780 0.0994 -0.9920
vn 0.8209 -0.4448 0.3581
vn 0.8659 -0.4544 0.2091
vn 0.8901 -0.4488 0.0786
vn 0.9030 -0.4283 -0.0325
vn 0.8649 -0.4349 -0.2505
vn 0.8391 -0.4125 -0.3546
vn 0.8912 -0.4298 -0.1449
vn 0.7897 -0.3701 -0.4892
vn 0.3104 -0.8433 -0.4388
vn 0.0487 -0.9963 -0.0706
vn 0.6813 -0.3383 -0.6491
vn 0.0325 -0.9991 0.0275
vn 0.0233 -0.9990 0.0372
vn 0.4993 0.0922 -0.8615
vn 0.4370 0.0926 -0.8947
vn 0.3963 0.0939 -0.9133
vn 0.4726 0.0919 -0.8765
vn 0.3538 0.0951 -0.9304
vn 0.2722 0.0963 -0.9574
vn 0.2312 0.0966 -0.9681
vn 0.3124 0.0959 -0.9451
vn 0.1886 0.0969 -0.9772
vn 0.2208 0.3564 -0.9078
vn -0.6625 0.3749 -0.6484
vn -0.5605 0.3344 -0.7576
vn -0.5917 0.1037 -0.7994
vn -0.7107 0.1181 -0.6935
vn -0.0497 -0.9957 -0.0776
vn -0.0487 -0.9963 -0.0707
vn -0.3105 -0.8433 -0.4387
vn -0.3047 -0.8283 -0.4702
vn -0.6039 -0.3207 0.7297
vn -0.6846 0.2398 0.6883
vn -0.7073 0.0677 0.7037
vn 0.0498 -0.9971 -0.0571
vn 0.3455 -0.8633 -0.3677
vn 0.0555 -0.9977 -0.0396
vn 0.3865 -0.8851 -0.2593
vn 0.0493 -0.9986 -0.0199
vn 0.0432 -0.9990 -0.0129
vn 0.0464 -0.9988 -0.0106
vn 0.3754 -0.9121 -0.1644
vn 0.3552 -0.9283 -0.1095
vn 0.3678 -0.9274 -0.0677
vn 0.0503 -0.9987 -0.0029
vn 0.3811 -0.9243 -0.0175
vn 0.0433 -0.9990 0.0057
vn 0.0389 -0.9992 0.0093
vn 0.3541 -0.9347 0.0314
vn 0.3334 -0.9395 0.0793
vn 0.3289 -0.9332 0.1448
vn 0.0421 -0.9989 0.0193
vn 0.2859 -0.9402 0.1849
vn 0.2181 -0.9570 0.1912
vn -0.2558 0.3866 -0.8860
vn -0.2340 0.3929 -0.8893
vn -0.3576 0.3797 -0.8532
vn -0.3925 0.3714 -0.8414
vn 0.0352 0.3059 -0.9514
vn 0.0435 0.0960 -0.9944
vn -0.2369 0.0662 -0.9692
vn -0.2263 0.2959 -0.9280
vn 0.9959 0.0354 -0.0824
vn 0.9988 0.0491 -0.0014
vn 0.9969 0.0693 -0.0357
vn 0.4816 -0.1207 -0.8680
vn 0.4039 0.2581 -0.8776
vn -0.0470 0.2673 -0.9625
vn -0.0481 -0.2655 -0.9629
vn 0.1146 0.9901 -0.0806
vn -0.0169 0.9970 0.0756
vn -0.0001 -1.0000 -0.0005
vn -0.0001 -1.0000 -0.0049
vn -0.0022 -1.0000 -0.0044
vn -0.9955 0.0515 -0.0788
vn -0.9302 0.1093 -0.3503
vn 0.0128 -0.5541 -0.8324
vn -0.1897 -0.6289 -0.7540
vn -0.6762 0.6848 0.2716
vn 0.3364 0.3215 -0.8851
vn 0.7841 0.0884 -0.6142
vn 0.4075 0.3722 -0.8338
vn -0.7856 0.2576 -0.5624
vn -0.7989 0.2481 -0.5479
vn -0.9767 0.0875 -0.1961
vn -0.9742 0.0944 -0.2051
vn -0.0727 0.8251 0.5603
vn -0.0183 0.9877 0.1550
vn 0.0000 0.9830 0.1837
vn 0.0000 0.8113 0.5845
vn -0.9926 0.0054 0.1210
vn -1.0000 -0.0007 0.0042
vn -0.0202 0.9953 -0.0942
vn 0.0692 0.9811 0.1805
vn 0.3751 0.9112 -0.1702
vn 0.5693 0.8174 0.0875
vn 0.5213 0.8477 -0.0979
vn 0.3200 0.8849 0.3385
vn 0.0001 0.9667 -0.2558
vn 0.0000 0.9678 -0.2518
vn -0.0005 0.0016 1.0000
vn 0.0009 0.0139 0.9999
vn -0.0067 0.0110 0.9999
vn -0.0089 0.0012 0.9999
vn 0.0022 0.7300 -0.6834
vn 0.0000 0.7310 -0.6823
vn -0.1117 0.3771 0.9194
vn 0.0000 0.3786 0.9256
vn -0.0136 0.9715 -0.2367
vn -0.0121 -0.9987 -0.0485
vn 0.0270 -0.9980 -0.0571
vn 0.0304 -0.9994 -0.0177
vn -0.0012 -0.9999 -0.0136
vn 0.0025 0.7307 -0.6827
vn 0.0023 0.9662 -0.2576
vn -0.1018 0.3556 0.9290
vn 0.0000 0.3776 0.9259
vn 0.0036 0.3043 -0.9526
vn 0.0000 0.3031 -0.9529
vn 0.0013 0.3052 -0.9523
vn 0.0117 0.2706 -0.9626
vn 0.0000 0.2964 -0.9550
vn -0.0110 0.2351 -0.9719
vn -0.3171 0.3452 -0.8833
vn -0.3889 0.3583 -0.8487
vn -0.0840 0.2994 -0.9504
vn -0.0408 0.2966 -0.9541
vn -0.0488 0.2712 -0.9613
vn -0.0585 0.3023 -0.9514
vn -0.1600 0.4090 -0.8984
vn -0.1019 0.4159 -0.9037
vn -0.1076 0.7774 -0.6197
vn 0.0004 0.9998 0.0203
vn -0.0001 0.9667 -0.2559
vn 0.3092 0.4384 0.8439
vn 0.3403 0.3885 0.8563
vn 0.1018 0.3556 0.9290
vn 0.1117 0.3771 0.9194
vn -0.0146 0.7313 -0.6819
vn 0.7652 0.6136 0.1948
vn 0.8121 0.4824 0.3282
vn 0.5949 0.4795 0.6451
vn 0.5698 0.5865 0.5756
vn 0.0006 0.9674 -0.2530
vn 0.0183 0.9877 0.1550
vn 0.0727 0.8251 0.5603
vn -0.0193 -0.9998 -0.0002
vn -0.2390 0.2945 -0.9253
vn -0.0707 0.0976 -0.9927
vn -0.0674 0.3229 -0.9440
vn -0.2507 0.2852 -0.9251
vn -0.2696 0.2525 -0.9292
vn -0.4306 0.2099 -0.8778
vn -0.4155 0.2435 -0.8763
vn -0.5701 -0.3134 -0.7594
vn -0.5263 -0.2787 -0.8033
vn -0.0532 -0.9788 -0.1976
vn 0.0003 -0.9686 -0.2484
vn 0.4596 -0.5658 -0.6845
vn 0.1698 -0.9522 -0.2540
vn 0.5694 0.2473 -0.7839
vn 0.5830 0.0339 -0.8118
vn -0.1975 -0.7162 -0.6693
vn -0.8374 0.1406 -0.5281
vn -0.2774 -0.0145 -0.9606
vn 0.0906 -0.2608 -0.9611
vn 0.1601 -0.1091 -0.9810
vn -0.1125 0.4166 -0.9021
vn -0.2037 0.4070 -0.8904
vn -0.0011 -0.0019 1.0000
vn -0.0015 -0.0082 0.9999
vn 0.0002 0.0019 1.0000
vn 0.0009 0.0159 0.9998
vn -0.0021 -0.0376 0.9993
vn -0.0116 -0.0021 0.9999
vn -0.6942 0.1776 -0.6974
vn -0.7334 0.1623 -0.6601
vn -0.9998 0.0176 0.0130
vn -0.9996 0.0216 -0.0157
vn -0.9640 0.0909 -0.2499
vn -0.9816 0.0873 -0.1696
vn -0.5634 0.1811 -0.8060
vn -0.5866 0.1909 -0.7870
vn -0.9999 0.0120 0.0054
vn -0.9990 0.0336 -0.0283
vn -0.6107 0.2592 -0.7483
vn -0.5372 0.2046 -0.8182
vn 0.0021 0.0803 0.9968
vn -0.7815 0.1873 -0.5951
vn 0.0038 0.0717 0.9974
vn -0.1217 0.4013 -0.9078
vn -0.1291 0.3956 -0.9093
vn -0.0160 0.0679 0.9976
vn -0.0709 0.0598 0.9957
vn -0.0889 0.0196 0.9958
vn -0.0970 0.0021 0.9953
vn -0.0153 -0.0086 0.9998
vn -0.0218 -0.0386 0.9990
vn -0.1217 -0.0028 0.9926
vn -0.1638 -0.0107 0.9864
vn -0.2374 -0.0438 0.9704
vn -0.8233 0.2185 -0.5238
vn -0.2208 0.3565 -0.9078
vn -0.2528 0.3914 -0.8848
vn -0.6058 0.2444 -0.7572
vn -0.6100 0.2989 -0.7338
vn -0.9854 0.0822 -0.1490
vn -0.9998 0.0161 0.0132
vn -0.4558 0.2200 -0.8624
vn -0.2922 0.2539 -0.9220
vn -0.3034 0.2988 -0.9048
vn -0.4655 0.2745 -0.8414
vn -0.8419 0.2231 -0.4913
vn -0.6026 0.3209 -0.7307
vn -0.0066 -0.9999 -0.0058
vn 0.4929 0.3573 -0.7933
vn -0.0103 -0.9987 -0.0505
vn 0.0183 0.8412 0.5404
vn 0.0172 0.8423 0.5387
vn -0.5238 0.3490 -0.7771
vn -0.4907 0.3580 -0.7943
vn -0.9998 0.0129 -0.0134
vn -0.9998 0.0086 -0.0154
vn -0.9850 0.0820 -0.1520
vn -0.9998 0.0166 0.0047
vn -0.8349 0.2304 -0.4998
vn -0.9826 0.0847 -0.1649
vn -0.5594 0.3406 -0.7557
vn -0.0649 -0.4103 0.9096
vn -0.1007 -0.3800 0.9195
vn 0.0565 -0.9974 -0.0445
vn 0.0293 -0.9995 0.0063
vn 0.2680 -0.9625 -0.0413
vn -0.6961 -0.2171 0.6843
vn -0.7247 -0.1249 0.6776
vn -0.1492 -0.1932 0.9697
vn -0.1354 -0.3168 0.9387
vn -0.1492 0.0441 0.9878
vn -0.7401 0.0420 0.6711
vn -0.0076 -0.2026 0.9792
vn -0.0073 -0.3260 0.9453
vn -0.0074 0.0338 0.9994
vn -0.6131 -0.2896 0.7350
vn -0.0439 -0.3544 0.9340
vn -0.0040 -0.3548 0.9349
vn -0.0030 -0.1738 0.9847
vn -0.0316 -0.1755 0.9839
vn 0.0002 0.9199 0.3922
vn -0.0071 0.5379 0.8430
vn -0.0059 0.9201 0.3915
vn -0.1373 0.3852 -0.9125
vn -0.2792 0.3751 -0.8839
vn -0.2158 0.3981 -0.8916
vn -0.1162 0.4079 -0.9056
vn -0.9999 0.0068 0.0042
vn -1.0000 0.0016 0.0003
vn -1.0000 0.0017 0.0005
vn -0.9999 0.0080 0.0052
vn -0.2994 0.3923 -0.8697
vn -0.3236 0.3856 -0.8640
vn -0.5128 0.3486 -0.7845
vn -0.4938 0.3621 -0.7906
vn -0.7513 0.3764 0.5420
vn 0.5451 -0.4757 -0.6903
vn 0.7118 -0.2270 -0.6646
vn -0.2282 0.4109 -0.8826
vn -0.2960 0.4004 -0.8672
vn -0.0048 -0.9999 -0.0118
vn 0.9690 -0.1509 -0.1954
vn 0.2277 -0.9680 -0.1050
vn -1.0000 -0.0016 0.0069
vn -1.0000 -0.0023 0.0058
vn -0.9908 -0.0239 0.1328
vn -0.9879 -0.0420 0.1489
vn -0.9771 -0.0703 0.2009
vn -0.9999 -0.0002 0.0089
vn -0.0348 0.6881 -0.7247
vn -0.0263 0.8568 -0.5149
vn -0.0559 0.8312 -0.5531
vn -0.0444 0.6717 -0.7394
vn -0.3250 -0.1733 0.9297
vn -0.4079 -0.3169 0.8562
vn -0.4277 0.3576 -0.8302
vn -0.1265 0.9134 0.3868
vn -0.1453 0.5405 0.8287
vn 0.0949 -0.9054 -0.4138
vn 0.6564 -0.6988 -0.2843
vn 0.9516 -0.0648 -0.3005
vn -0.9039 -0.1232 0.4096
vn -0.8429 -0.0609 0.5346
vn -0.3492 0.8807 -0.3199
vn -0.0723 0.9725 -0.2213
vn -0.0006 -1.0000 -0.0026
vn -0.0002 -1.0000 -0.0024
vn -0.0013 -1.0000 -0.0027
vn -0.0034 -1.0000 -0.0029
vn -0.1097 0.3237 -0.9398
vn -0.1216 0.2865 -0.9503
vn -0.4537 0.3314 -0.8272
vn -0.2967 0.3507 -0.8882
vn -0.0002 -1.0000 -0.0049
vn 0.0084 0.9845 0.1749
vn -0.0113 0.9744 -0.2246
vn -0.0113 0.9744 -0.2243
vn 0.0084 0.9843 0.1760
vn -0.0034 -0.9987 -0.0512
vn -0.0005 -1.0000 -0.0051
vn -0.0004 -1.0000 -0.0050
vn -0.0215 -0.9998 -0.0037
vn -0.1022 0.9876 -0.1190
vn -0.1127 0.9905 0.0789
vn -0.5845 0.3323 -0.7402
vn -0.9978 0.0154 0.0649
vn -0.9990 0.0146 0.0414
vn -0.7915 -0.0108 0.6111
vn -0.9966 0.0103 0.0814
vn -0.5024 -0.3435 0.7934
vn -0.9476 -0.1135 0.2985
vn 0.0000 0.0326 0.9995
vn 0.0120 -0.8300 0.5575
vn 0.0018 -0.9966 0.0823
vn 0.0017 -0.9966 0.0820
vn 0.0115 -0.8307 0.5566
vn -0.8437 0.2253 -0.4872
vn -0.0218 -0.9998 -0.0005
vn -0.0790 0.7355 -0.6729
vn -0.0505 0.6231 -0.7805
vn -0.0175 0.9571 -0.2893
vn -0.0826 0.9393 -0.3329
vn -0.0099 0.9947 -0.1026
vn -0.1383 0.8544 -0.5007
vn 0.0078 0.9849 0.1727
vn -0.0107 0.9742 -0.2253
vn -0.0113 0.9743 -0.2247
vn 0.0083 0.9847 0.1741
vn -0.0320 0.7879 -0.6149
vn -0.0314 0.7905 -0.6117
vn 0.0226 0.8794 0.4754
vn 0.0233 0.8424 0.5383
vn 0.0085 0.9841 0.1775
vn 0.0254 0.8770 0.4798
vn 0.0266 0.8390 0.5434
vn 0.0096 0.9836 0.1799
vn -0.0196 0.7910 -0.6114
vn -0.0074 0.9740 -0.2265
vn 0.2716 -0.2067 0.9399
vn 0.1590 -0.8195 0.5505
vn 0.1347 -0.8206 0.5554
vn 0.2309 -0.2074 0.9506
vn 0.6196 -0.7335 -0.2794
vn 0.8296 -0.4012 -0.3884
vn -0.0057 0.9965 0.0833
vn 0.0001 0.9964 0.0841
vn -0.0002 -1.0000 -0.0005
vn -0.0020 -1.0000 -0.0046
vn -0.0018 -1.0000 -0.0047
vn -0.0652 0.4492 -0.8910
vn -0.2095 -0.7887 -0.5779
vn -0.3474 -0.1374 -0.9276
vn -0.0718 0.4554 -0.8874
vn -0.0575 0.3244 -0.9442
vn -0.0540 0.4488 -0.8920
vn -0.6336 0.3650 0.6821
vn -0.6734 0.1113 0.7308
vn -0.6662 -0.1145 0.7369
vn -0.6296 0.3524 0.6923
vn -0.6297 0.4030 0.6641
vn -0.6528 0.4160 0.6330
vn -0.6474 0.3917 0.6537
vn -0.0001 -1.0000 -0.0025
vn -0.1433 0.3619 -0.9211
vn -0.9998 0.0057 0.0193
vn 0.2173 -0.9659 -0.1408
vn 0.4232 -0.8877 -0.1814
vn 0.3719 -0.6814 -0.6303
vn 0.1883 -0.8346 -0.5176
vn -0.9997 0.0092 0.0227
vn -0.9999 0.0091 -0.0012
vn -0.9995 0.0106 0.0277
vn -0.0708 0.7425 -0.6660
vn -0.0991 0.4207 -0.9018
vn -0.0181 0.9831 -0.1820
vn 0.9261 0.1061 -0.3619
vn 0.9858 -0.0962 -0.1373
vn 0.9904 0.0327 -0.1341
vn 0.0099 0.8192 0.5734
vn 0.0114 0.5999 0.8000
vn -0.9995 0.0299 0.0002
vn -0.9901 0.1367 0.0313
vn -0.9858 0.1381 -0.0952
vn -0.1685 0.4456 -0.8792
vn -0.1801 0.3180 -0.9308
vn -0.2206 0.3145 -0.9232
vn -0.2080 0.4383 -0.8744
vn 0.2708 0.2204 0.9371
vn 0.2300 0.2214 0.9477
vn 0.1073 -0.8218 0.5595
vn 0.1845 -0.2083 0.9605
vn 0.1837 0.2227 0.9574
vn 0.1810 -0.8185 0.5453
vn 0.3084 -0.2057 0.9287
vn 0.2572 0.5769 0.7753
vn 0.3074 0.2196 0.9259
vn 0.2264 0.5769 0.7848
vn 0.0776 -0.8233 0.5622
vn 0.1338 -0.2096 0.9686
vn 0.0079 -0.8317 0.5551
vn 0.0139 -0.2188 0.9756
vn 0.0201 -0.2181 0.9757
vn 0.1333 0.2246 0.9653
vn 0.1534 0.5770 0.8021
vn 0.1111 0.5782 0.8083
vn 0.1923 0.5768 0.7939
vn -0.5961 -0.4711 0.6502
vn -0.5272 -0.6111 0.5904
vn -0.4712 -0.7048 0.5303
vn -0.0055 -0.9998 0.0206
vn -0.3354 -0.8597 0.3851
vn -0.0491 -0.9962 0.0708
vn -0.6649 0.3077 0.6806
vn -0.6897 0.1700 0.7038
vn -0.7692 0.4129 -0.4875
vn -0.8379 0.1318 -0.5297
vn -0.0048 -0.9998 0.0161
vn -0.0045 -0.9999 0.0115
vn -0.0320 -0.9977 0.0589
vn -0.2085 -0.8951 0.3941
vn -0.6387 -0.2560 0.7256
vn 0.0008 -1.0000 -0.0007
vn -0.6200 0.4027 0.6734
vn -0.6109 0.3655 0.7023
vn -0.0525 0.4550 -0.8889
vn 0.0005 -1.0000 0.0013
vn 0.0138 0.8182 0.5748
vn 0.0165 0.5984 0.8010
vn -0.7322 0.4945 0.4684
vn -0.7926 0.3519 0.4979
vn -0.6906 0.4196 0.5890
vn -0.6866 0.4441 0.5756
vn 0.0199 0.2387 0.9709
vn 0.0139 0.2395 0.9708
vn -1.0000 0.0001 -0.0002
vn -1.0000 -0.0001 -0.0001
vn -0.9996 0.0092 -0.0259
vn 0.0127 0.8450 0.5345
vn -0.1653 0.4399 -0.8827
vn -0.1235 0.4422 -0.8884
vn -0.1291 0.4527 -0.8822
vn -0.0769 -0.9133 -0.4000
vn -0.0102 -0.9985 -0.0530
vn -0.0124 -0.9985 -0.0522
vn -0.0941 -0.9139 -0.3948
vn -0.0146 -0.9986 -0.0514
vn -0.1104 -0.9146 -0.3890
vn -0.1340 -0.4042 -0.9048
vn -0.0593 -0.9132 -0.4032
vn -0.1737 -0.4045 -0.8979
vn -0.0078 -0.9985 -0.0535
vn 0.3046 0.7923 0.5286
vn 0.4076 0.5640 0.7182
vn 0.3840 0.5676 0.7283
vn 0.2871 0.7939 0.5359
vn -0.0167 -0.9986 -0.0505
vn -0.1264 -0.9151 -0.3829
vn -0.2500 -0.4068 -0.8786
vn -0.2867 -0.4078 -0.8669
vn -0.2126 -0.4056 -0.8889
vn -0.2064 0.4382 -0.8748
vn -0.2598 0.3122 -0.9138
vn -0.2461 0.4335 -0.8669
vn 0.0002 -1.0000 0.0013
vn 0.0003 -1.0000 0.0013
vn -0.1393 0.3218 -0.9365
vn -0.2449 0.4369 -0.8655
vn -0.2983 0.3103 -0.9026
vn -0.2830 0.4304 -0.8571
vn 0.2627 0.7978 0.5427
vn 0.3540 0.5711 0.7406
vn 0.3210 0.5742 0.7532
vn 0.2357 0.8021 0.5488
vn 0.2672 0.8320 0.4861
vn 0.2446 0.8336 0.4953
vn 0.4257 -0.1812 0.8865
vn 0.2578 -0.8044 0.5352
vn 0.2292 -0.8123 0.5363
vn 0.3851 -0.1946 0.9021
vn 0.0152 0.8478 0.5301
vn 0.0012 -0.9966 0.0815
vn 0.2693 0.8457 0.4607
vn 0.2814 0.8418 0.4606
vn 0.2956 0.8276 0.4771
vn 0.2832 0.8307 0.4793
vn 0.2196 0.8344 0.5055
vn 0.2881 0.5761 0.7649
vn 0.2098 0.8045 0.5556
vn 0.0223 0.8361 0.5480
vn 0.0349 0.8312 0.5549
vn 0.0186 0.8097 0.5865
vn 0.1951 0.8343 0.5155
vn 0.1868 0.8047 0.5635
vn 0.3159 0.7920 0.5223
vn 0.4246 0.5616 0.7101
vn 0.3006 0.8216 0.4843
vn 0.3221 0.7916 0.5193
vn 0.4351 0.5629 0.7027
vn 0.1647 0.8035 0.5720
vn 0.1405 0.8018 0.5808
vn 0.1733 0.8334 0.5248
vn 0.1527 0.8318 0.5336
vn 0.1306 0.8298 0.5425
vn 0.1129 0.8003 0.5888
vn 0.1057 0.8280 0.5507
vn 0.0826 0.7998 0.5946
vn -0.0703 0.4538 -0.8883
vn -0.0756 0.3246 -0.9428
vn -0.1039 0.3243 -0.9402
vn -0.0956 0.4562 -0.8847
vn -0.0602 0.4503 -0.8908
vn -0.0007 -1.0000 -0.0051
vn 0.0001 -1.0000 0.0013
vn -0.0014 -1.0000 -0.0049
vn -0.0016 -1.0000 -0.0048
vn -0.4946 -0.1295 0.8594
vn -0.0041 -0.9986 -0.0527
vn -0.0057 -0.9985 -0.0533
vn -0.0031 -0.9986 -0.0517
vn -0.0239 -0.9185 -0.3947
vn -0.0313 -0.9159 -0.4002
vn -0.0022 -1.0000 -0.0045
vn -0.0025 -1.0000 -0.0046
vn -0.0002 -1.0000 -0.0004
vn 0.0006 -1.0000 0.0013
vn 0.0007 -1.0000 0.0013
vn 0.0004 -1.0000 0.0013
vn 0.0006 -1.0000 0.0016
vn -0.0003 -1.0000 0.0000
vn -0.0212 -0.9986 -0.0487
vn -0.0237 -0.9985 -0.0481
vn -0.0189 -0.9986 -0.0496
vn -0.6971 0.5630 -0.4439
vn -0.6103 0.5139 -0.6028
vn -0.0012 -1.0000 -0.0049
vn -0.0009 -1.0000 -0.0050
vn -0.0269 -0.9984 -0.0491
vn -0.0029 -1.0000 -0.0047
vn -0.1431 -0.9153 -0.3764
vn -0.1606 -0.9153 -0.3694
vn -0.1788 -0.9140 -0.3640
vn -0.3244 -0.4083 -0.8532
vn -0.1992 -0.9091 -0.3658
vn -0.3999 -0.4064 -0.8215
vn -0.4329 -0.4000 -0.8078
vn -0.3630 -0.4082 -0.8376
vn -0.2244 -0.8959 -0.3834
vn -0.0314 -0.9980 -0.0537
vn -0.2574 -0.8699 -0.4207
vn -0.2884 -0.8404 -0.4587
vn -0.4606 -0.3848 -0.7998
vn -0.5083 -0.2934 -0.8096
vn -0.4848 -0.3511 -0.8010
vn -0.7820 0.1118 0.6131
vn -0.7393 0.2800 0.6124
vn -0.8470 0.1062 0.5209
vn -0.0438 -0.9142 -0.4030
vn -0.0886 0.4445 -0.8914
vn -0.0717 -0.4089 -0.9098
vn -0.0551 -0.4137 -0.9087
vn -0.0994 -0.4058 -0.9085
vn 0.4213 0.2242 0.8787
vn 0.3826 0.2211 0.8970
vn 0.2035 -0.8166 0.5400
vn 0.3454 -0.2025 0.9163
vn 0.3440 0.2195 0.9130
vn 0.2872 -0.7928 0.5375
vn 0.4628 -0.1648 0.8710
vn 0.4565 0.2258 0.8606
vn 0.5212 -0.1372 0.8423
vn 0.2971 -0.8183 0.4919
vn 0.3262 -0.7762 0.5395
vn 0.5112 -0.1393 0.8481
vn 0.0355 0.8734 0.4857
vn 0.0513 0.8707 0.4892
vn 0.0567 0.8309 0.5535
vn 0.0710 0.8697 0.4883
vn 0.0794 0.8300 0.5520
vn -0.5267 0.4610 -0.7142
vn 0.1507 0.8345 0.5299
vn 0.1289 0.8326 0.5387
vn -0.4814 0.4317 -0.7628
vn -0.4818 0.4264 -0.7655
vn -0.4922 0.4358 -0.7535
vn -0.4922 0.4414 -0.7503
vn -0.5189 0.3148 -0.7947
vn -0.7411 0.5919 -0.3166
vn -0.7443 0.5860 -0.3204
vn -0.7704 0.5959 -0.2264
vn -0.7667 0.6019 -0.2233
vn -0.5270 0.4672 -0.7099
vn -0.6100 0.5205 -0.5974
vn 0.2559 0.8791 0.4022
vn 0.2581 0.8773 0.4045
vn 0.2982 0.8343 0.4636
vn 0.2958 0.8347 0.4646
vn -0.8619 0.4388 -0.2540
vn -0.8856 0.4405 -0.1469
vn -0.7892 0.6002 -0.1299
vn -0.6951 0.5693 -0.4390
vn -0.8284 0.4319 -0.3566
vn 0.3041 0.7890 0.5338
vn 0.4037 0.5655 0.7192
vn -0.7851 0.6062 -0.1274
vn -0.8006 0.5984 -0.0310
vn -0.8987 0.4370 -0.0364
vn -0.8040 0.5906 0.0687
vn -0.9005 0.4283 0.0748
vn -0.8879 0.4093 0.2100
vn -0.7971 0.5724 0.1920
vn -0.9098 0.1382 -0.3913
vn -0.9498 0.1400 -0.2796
vn -0.9769 0.1396 -0.1619
vn -0.4529 0.2985 -0.8401
vn -0.4726 0.0919 -0.8765
vn -0.4993 0.0922 -0.8615
vn -0.4785 0.2993 -0.8255
vn -0.9897 0.1369 -0.0401
vn -0.9878 0.1321 0.0820
vn -0.9658 0.1232 0.2282
vn -0.8483 0.3805 0.3681
vn -0.9122 0.1121 0.3941
vn 0.0383 0.8342 0.5500
vn -0.7993 0.5968 0.0695
vn -0.7960 0.6045 -0.0293
vn -0.7924 0.5789 0.1919
vn -0.1637 0.6940 0.7010
vn -0.2620 0.0165 0.9649
vn 0.0696 0.2417 0.9678
vn 0.1087 0.7716 0.6267
vn -0.7714 0.5375 0.3405
vn 0.3009 0.8337 0.4629
vn 0.2545 0.8602 0.4419
vn 0.2591 0.8532 0.4527
vn 0.3030 0.8289 0.4702
vn 0.0273 0.9820 0.1867
vn 0.0209 -0.2160 0.9762
vn 0.0121 -0.8282 0.5602
vn 0.0120 -0.8289 0.5592
vn 0.0209 -0.2167 0.9760
vn -0.0321 0.9750 -0.2198
vn 0.0881 -0.2109 0.9735
vn 0.0510 -0.8243 0.5638
vn 0.0294 -0.8263 0.5623
vn 0.0509 -0.2130 0.9757
vn -0.0124 0.9746 -0.2234
vn -0.1731 0.7730 -0.6103
vn -0.0603 0.9753 -0.2124
vn -0.0514 0.9752 -0.2152
vn -0.1472 0.7732 -0.6168
vn -0.0469 0.5608 -0.8266
vn -0.0434 0.5258 -0.8495
vn -0.0312 0.7832 -0.6210
vn -0.0315 0.7849 -0.6188
vn -0.1197 0.7736 -0.6223
vn -0.1641 0.4971 -0.8520
vn -0.2013 0.4982 -0.8434
vn -0.2364 0.4986 -0.8339
vn -0.0419 0.9751 -0.2178
vn 0.0018 -0.9966 0.0826
vn 0.0018 -0.9966 0.0828
vn -0.1277 0.4190 -0.8989
vn -0.0936 0.4209 -0.9022
vn -0.2704 0.4975 -0.8242
vn -0.1980 0.7724 -0.6034
vn -0.2237 0.7710 -0.5962
vn -0.3055 0.4946 -0.8137
vn -0.3424 0.4901 -0.8016
vn -0.2509 0.7689 -0.5880
vn -0.3793 0.4854 -0.7877
vn -0.2781 0.7671 -0.5781
vn -0.5226 0.7266 0.4460
vn -0.7212 0.5891 0.3645
vn -0.6783 0.5512 0.4859
vn -0.4845 0.6822 0.5475
vn -0.6268 0.5113 0.5878
vn -0.4437 0.6378 0.6295
vn -0.0687 0.9754 -0.2093
vn -0.0861 0.9757 -0.2015
vn -0.0773 0.9755 -0.2058
vn 0.1707 0.8741 0.4548
vn 0.0667 0.9817 0.1784
vn 0.0744 0.9817 0.1755
vn 0.1893 0.8761 0.4433
vn 0.0359 0.9818 0.1862
vn 0.0593 0.9817 0.1809
vn 0.2668 0.8165 0.5119
vn 0.0513 0.8279 0.5584
vn 0.0612 0.8118 0.5807
vn 0.2674 0.8184 0.5087
vn 0.0931 0.8700 0.4842
vn 0.1521 0.8729 0.4636
vn 0.1049 0.8308 0.5465
vn 0.1713 0.8362 0.5209
vn 0.1924 0.8381 0.5104
vn 0.2145 0.8409 0.4968
vn 0.2068 0.8790 0.4296
vn 0.2355 0.8443 0.4812
vn 0.0819 0.9816 0.1723
vn 0.2222 0.8816 0.4164
vn 0.2543 0.8465 0.4677
vn 0.0893 0.9813 0.1702
vn -0.1911 0.7540 0.6284
vn -0.2154 0.7880 0.5768
vn 0.3081 0.8127 0.4945
vn 0.3040 0.8178 0.4885
vn -0.0942 0.9761 -0.1956
vn -0.1003 0.9771 -0.1878
vn -0.5578 0.7968 0.2323
vn -0.5486 0.7687 0.3287
vn -0.2522 0.8666 0.4305
vn -0.2556 0.8949 0.3657
vn -0.3022 0.7668 -0.5663
vn 0.3057 0.8195 0.4847
vn 0.2587 0.8360 0.4838
vn 0.2640 0.8300 0.4913
vn 0.3082 0.8152 0.4903
vn -0.4128 0.4826 -0.7725
vn -0.7589 0.6429 0.1038
vn -0.7495 0.6236 0.2223
vn -0.5920 0.4608 0.6612
vn -0.4176 0.5945 0.6872
vn 0.2597 0.8238 0.5038
vn 0.0383 0.8516 0.5228
vn 0.3076 0.8118 0.4962
vn 0.2641 0.8209 0.5063
vn 0.3010 0.8204 0.4861
vn 0.0738 0.8028 0.5917
vn -0.5598 0.8147 0.1511
vn -0.7581 0.6520 0.0072
vn 0.0339 0.8934 0.4479
vn 0.0333 0.8765 0.4803
vn -0.1675 0.7319 0.6605
vn -0.2378 0.8272 0.5091
vn -0.5289 0.8433 -0.0954
vn -0.5453 0.8381 -0.0131
vn -0.2404 0.9495 0.2015
vn -0.2270 0.9629 0.1458
vn -0.3179 0.4321 -0.8439
vn -0.3190 0.4319 -0.8436
vn -0.3578 0.4273 -0.8303
vn -0.3564 0.4274 -0.8308
vn -0.7118 0.6455 -0.2769
vn -0.7344 0.6533 -0.1839
vn 0.2525 0.8454 0.4706
vn 0.3023 0.8236 0.4799
vn 0.0319 0.9084 0.4168
vn 0.0492 0.9432 0.3286
vn 0.0432 0.9330 0.3572
vn -0.7499 0.6555 -0.0891
vn -0.5556 0.8285 0.0690
vn -0.2547 0.9154 0.3116
vn -0.3450 0.7841 -0.5159
vn -0.3735 0.7978 -0.4732
vn -0.1222 0.9855 -0.1175
vn -0.1045 0.9836 -0.1467
vn -0.5117 0.5300 -0.6761
vn -0.5914 0.5818 -0.5583
vn -0.4371 0.8239 -0.3607
vn -0.5296 0.4696 -0.7064
vn -0.4938 0.4432 -0.7482
vn -0.4933 0.4421 -0.7490
vn -0.5288 0.4684 -0.7078
vn -0.4982 0.8415 -0.2087
vn -0.6702 0.6261 -0.3984
vn 0.2561 0.8510 0.4584
vn 0.3033 0.8257 0.4755
vn 0.0358 0.9223 0.3848
vn 0.2514 0.8708 0.4224
vn 0.2981 0.8385 0.4561
vn 0.0571 0.9574 0.2831
vn 0.1010 0.9764 0.1905
vn 0.1067 0.9786 0.1757
vn -0.2496 0.9337 0.2567
vn -0.2046 0.9764 0.0683
vn -0.4342 0.5265 0.7309
vn 0.2566 0.8760 0.4082
vn 0.2993 0.8367 0.4586
vn 0.0781 0.9713 0.2248
vn -0.1636 0.9857 -0.0385
vn -0.5947 0.4213 0.6847
vn 0.2726 0.8213 0.5011
vn 0.0878 0.8010 0.5921
vn 0.0788 0.8270 0.5566
vn -0.1556 0.7250 0.6710
vn -0.4200 0.5705 0.7058
vn -0.3198 0.7690 -0.5534
vn -0.3305 0.7732 -0.5412
vn -0.1030 0.9804 -0.1676
vn -0.1030 0.9786 -0.1780
vn 0.2348 0.8826 0.4072
vn 0.0965 0.9807 0.1702
vn 0.1024 0.9799 0.1713
vn 0.2440 0.8821 0.4028
vn -0.0289 0.7914 -0.6106
vn -0.4383 0.4834 -0.7577
vn -0.4551 0.4877 -0.7450
vn -0.4558 0.4158 -0.7870
vn -0.4953 0.3027 -0.8143
vn -0.4716 0.4201 -0.7753
vn -0.4658 0.4943 -0.7339
vn -0.3370 0.7783 -0.5297
vn 0.2508 0.8807 0.4019
vn 0.2923 0.8358 0.4646
vn 0.1054 0.9797 0.1705
vn -0.1021 0.9822 -0.1576
vn -0.4768 0.5040 -0.7201
vn -0.7330 0.5040 0.4567
vn -0.7678 0.5448 0.3372
vn -0.6939 0.4569 0.5565
vn -0.4294 0.4197 -0.7996
vn -0.4313 0.4150 -0.8011
vn -0.4546 0.4206 -0.7851
vn -0.3958 0.4225 -0.8154
vn -0.3945 0.4226 -0.8159
vn -0.2817 0.4351 -0.8552
vn -0.2811 0.4350 -0.8554
vn -0.4286 0.4198 -0.8000
vn -0.6967 0.4718 0.5403
vn -0.7349 0.5087 0.4485
vn -0.7678 0.5455 0.3360
vn -0.6608 0.4348 0.6117
vn -0.7923 0.5789 0.1927
vn -0.7992 0.5969 0.0706
vn -0.7960 0.6045 -0.0280
vn -0.7852 0.6063 -0.1259
vn -0.7670 0.6022 -0.2215
vn -0.7417 0.5923 -0.3147
vn -0.6962 0.5701 -0.4362
vn -0.6120 0.5219 -0.5942
vn -0.0679 0.4331 -0.8988
vn -0.0512 0.4509 -0.8910
vn -0.0512 0.4536 -0.8897
vn -0.4544 0.4207 -0.7851
vn -0.4709 0.4250 -0.7730
vn -0.4713 0.4253 -0.7726
vn -0.4822 0.4321 -0.7620
vn -0.1681 0.4241 -0.8898
vn -0.2077 0.4311 -0.8781
vn -0.2452 0.4350 -0.8664
vn 0.0512 -0.9946 0.0898
vn 0.0528 -0.9944 0.0908
vn 0.4937 0.0120 0.8696
vn 0.2637 -0.4953 0.8278
vn 0.2883 -0.7762 0.5606
vn 0.5141 -0.1971 0.8347
vn 0.0386 -0.9958 0.0829
vn 0.3049 0.8195 0.4853
vn 0.2981 0.8325 0.4669
vn 0.3013 0.8324 0.4651
vn 0.3017 0.8279 0.4729
vn 0.3059 0.8220 0.4803
vn 0.0188 0.8396 0.5428
vn -0.6301 0.4376 0.6414
vn -0.6446 0.4365 0.6276
vn -0.7894 0.5820 0.1951
vn -0.7638 0.5488 0.3396
vn -0.5066 0.3077 -0.8054
vn -0.3209 0.4271 -0.8453
vn -0.3381 0.3077 -0.8893
vn -0.3791 0.3042 -0.8739
vn -0.3601 0.4225 -0.8318
vn -0.4186 0.3006 -0.8570
vn -0.3981 0.4177 -0.8167
vn 0.0146 0.8133 0.5816
vn 0.0174 0.5930 0.8050
vn 0.0173 0.5948 0.8036
vn 0.0144 0.8151 0.5792
vn 0.0355 -0.9959 0.0832
vn 0.0404 -0.9956 0.0840
vn 0.0459 -0.9952 0.0863
vn -0.1150 -0.8305 0.5449
vn 0.0044 -0.9964 0.0842
vn 0.0077 -0.9963 0.0850
vn 0.0117 -0.9963 0.0850
vn 0.0023 -0.9965 0.0836
vn 0.0313 -0.9960 0.0832
vn 0.3125 -0.7797 0.5425
vn 0.0278 -0.9961 0.0837
vn 0.0163 -0.9962 0.0850
vn 0.0205 -0.9962 0.0848
vn 0.0243 -0.9961 0.0842
vn 0.0034 -0.9938 0.1108
vn 0.0273 -0.2149 0.9763
vn 0.0157 -0.8275 0.5612
vn 0.4912 -0.1493 0.8581
vn 0.5109 0.2445 0.8241
vn 0.5028 0.2240 0.8349
vn 0.0210 0.8831 0.4687
vn 0.0219 0.8823 0.4702
vn 0.4835 0.2244 0.8460
vn -0.3168 0.3837 -0.8674
vn -0.2504 0.3952 -0.8838
vn 0.0120 -0.8295 0.5583
vn 0.0209 -0.2172 0.9759
vn 0.0209 -0.2177 0.9758
vn 0.0173 0.5972 0.8019
vn 0.0208 0.2380 0.9710
vn 0.0208 0.2373 0.9712
vn 0.0208 0.2364 0.9714
vn -0.4933 0.4463 -0.7466
vn -0.5292 0.4729 -0.7045
vn -0.6736 0.4811 0.5610
vn 0.0272 0.2334 0.9720
vn 0.0507 0.2301 0.9718
vn 0.0877 0.2269 0.9699
vn 0.0226 0.5897 0.8073
vn -0.0499 0.4562 -0.8885
vn -0.0681 0.4421 -0.8944
vn 0.0208 0.2354 0.9716
vn -0.2849 0.4889 -0.8245
vn 0.0173 0.5961 0.8027
vn 0.0053 0.9853 0.1705
vn 0.0145 0.8838 0.4677
vn 0.0139 0.8162 0.5776
vn -0.1701 0.4321 -0.8856
vn -0.2086 0.4367 -0.8751
vn -0.1700 0.4243 -0.8894
vn -0.2087 0.4315 -0.8776
vn -0.2450 0.4393 -0.8643
vn -0.2453 0.4357 -0.8660
vn -0.1306 0.4290 -0.8938
vn -0.1303 0.4190 -0.8986
vn -0.2808 0.4357 -0.8551
vn -0.2803 0.4389 -0.8537
vn -0.4534 0.4245 -0.7837
vn -0.4707 0.4291 -0.7709
vn -0.4542 0.4214 -0.7849
vn -0.4714 0.4260 -0.7722
vn -0.4819 0.4361 -0.7599
vn -0.4825 0.4330 -0.7613
vn -0.4271 0.4236 -0.7988
vn -0.4280 0.4205 -0.8000
vn -0.0505 0.4513 -0.8909
vn -0.0680 0.4341 -0.8983
vn -0.0959 0.4316 -0.8969
vn -0.0956 0.4212 -0.9019
vn -0.6122 0.5264 -0.5900
vn -0.6128 0.5231 -0.5922
vn -0.6965 0.5710 -0.4345
vn -0.6955 0.5740 -0.4321
vn -0.7653 0.6055 -0.2180
vn -0.7832 0.6095 -0.1226
vn -0.7403 0.5959 -0.3111
vn -0.7668 0.6029 -0.2202
vn -0.7849 0.6069 -0.1247
vn -0.7416 0.5931 -0.3133
vn -0.7956 0.6051 -0.0269
vn -0.7938 0.6077 -0.0249
vn -0.7917 0.5795 0.1934
vn -0.7668 0.5463 0.3369
vn -0.7967 0.5999 0.0734
vn -0.7987 0.5974 0.0715
vn -0.0634 0.5796 -0.8124
vn -0.6869 0.4788 0.5467
vn -0.7249 0.5138 0.4588
vn -0.7317 0.5112 0.4508
vn -0.3165 0.4358 -0.8425
vn -0.3547 0.4312 -0.8296
vn -0.3173 0.4328 -0.8438
vn -0.3556 0.4281 -0.8308
vn -0.3927 0.4263 -0.8148
vn -0.3937 0.4233 -0.8160
vn -0.0275 -0.9199 -0.3912
vn 0.7841 -0.6102 -0.1133
vn 0.7124 -0.6236 -0.3219
vn -0.0641 -0.4173 -0.9065
vn 0.0018 -0.9965 0.0832
vn -0.0113 0.9745 -0.2239
vn 0.9099 -0.0747 -0.4080
vn 0.9092 0.1169 -0.3995
vn -0.1737 0.6216 -0.7638
vn -0.0731 0.4577 -0.8861
vn -0.0588 0.4703 -0.8805
vn -0.6350 0.1244 0.7624
vn -0.1794 0.4113 -0.8936
vn -0.0480 0.3352 -0.9409
vn -0.0444 0.3705 -0.9278
vn -0.2004 0.4139 -0.8880
vn 0.0068 -0.9983 -0.0570
vn -0.0022 -0.9982 -0.0589
vn 0.3195 0.1667 -0.9328
vn -0.3201 0.3761 -0.8695
vn -0.5318 0.3191 -0.7844
vn -0.5269 0.3354 -0.7809
vn 0.0139 0.8171 0.5763
vn -0.0232 0.6896 -0.7237
vn -0.0977 0.6481 -0.7552
vn -0.0472 0.4790 -0.8765
vn -0.0520 0.4805 -0.8754
vn -0.0029 0.9947 -0.1026
vn 0.0545 0.8278 0.5583
vn -0.9998 0.0052 -0.0163
vn -0.9998 0.0065 -0.0161
vn -0.9805 0.0775 -0.1804
vn -0.9820 0.0674 -0.1762
vn -0.5441 0.0972 -0.8334
vn -0.8293 0.2105 -0.5176
vn -0.8320 0.1921 -0.5205
vn -0.9825 0.0568 -0.1776
vn -0.8191 0.2298 -0.5256
vn -0.0161 0.8582 -0.5130
vn -0.0087 0.9575 -0.2881
vn -0.2139 0.4055 -0.8887
vn -0.9998 0.0028 -0.0165
vn -0.9998 0.0167 -0.0049
vn -0.2424 -0.8621 -0.4450
vn -0.5292 -0.3720 -0.7626
vn 0.3066 0.9516 0.0178
vn 0.2196 0.9431 -0.2498
vn 0.7159 0.5312 -0.4530
vn 0.8213 0.4556 -0.3432
vn 0.1776 0.9313 0.3179
vn 0.2700 0.9439 0.1901
vn -0.2348 -0.9529 -0.1920
vn -0.0405 -0.9985 -0.0354
vn -0.0286 -0.9995 -0.0082
vn -0.1807 -0.9825 -0.0442
vn 0.0667 0.9977 -0.0037
vn 0.0740 0.9965 0.0387
vn -0.0503 -0.9942 -0.0952
vn -0.5666 0.1847 -0.8030
vn -0.9995 0.0106 0.0300
vn -0.9997 0.0117 0.0226
vn -0.9995 0.0143 0.0283
vn -0.9994 0.0112 0.0320
vn 0.0367 0.9985 0.0396
vn -0.0479 0.9976 0.0496
vn 0.0323 0.9993 -0.0187
vn -0.0733 0.9973 0.0097
vn -0.0674 0.9977 -0.0067
vn -0.0530 0.9982 -0.0263
vn 0.0009 0.5396 0.8419
vn -0.1088 0.4728 0.8744
vn -0.4805 0.3659 -0.7970
vn -0.1382 -0.9904 -0.0029
vn -0.6381 -0.7698 -0.0122
vn -0.7078 -0.6911 -0.1463
vn -0.9998 0.0114 0.0129
vn -0.9997 0.0143 0.0169
vn -0.9962 0.0069 0.0866
vn -0.9115 0.4031 0.0815
vn -0.9415 0.1923 0.2768
vn -0.6723 0.5632 0.4804
vn -0.8983 0.4131 -0.1494
vn -0.4260 0.3405 0.8382
vn -0.8296 -0.4011 -0.3884
vn -0.6960 -0.5495 -0.4620
vn -0.8582 0.0232 -0.5127
vn -0.9764 -0.1384 -0.1655
vn -0.9763 -0.2158 -0.0135
vn -0.7548 -0.0016 0.6560
vn -0.0159 0.9485 0.3163
vn -0.0058 0.5608 0.8279
vn -0.0004 0.9714 0.2373
vn -0.1694 0.8217 0.5441
vn -0.0107 0.9806 0.1958
vn -0.0012 0.9058 0.4238
vn -0.0001 0.9999 -0.0084
vn -0.0563 0.4024 -0.9137
vn -0.9038 -0.0477 -0.4252
vn -0.1294 -0.9916 -0.0003
vn -0.6236 -0.7817 -0.0001
vn -0.9754 -0.2204 -0.0000
vn 0.8581 0.2317 -0.4581
vn 0.9654 0.2057 -0.1604
vn 0.7970 0.2394 -0.5545
vn 0.2427 0.0275 -0.9697
vn 0.7663 0.2598 -0.5876
vn 0.7678 0.6399 0.0297
vn 0.6255 0.7195 -0.3017
vn 0.0692 0.9291 -0.3632
vn 0.1390 0.9902 -0.0104
vn 0.0169 0.9970 0.0755
vn -0.1146 0.9901 -0.0806
vn -0.0015 0.9997 -0.0221
vn -0.0309 0.9226 -0.3844
vn 0.7047 0.6584 -0.2644
vn -0.0245 -0.8950 -0.4454
vn -0.0192 -0.9109 -0.4120
vn -0.0466 -0.3160 -0.9476
vn -0.0496 0.2571 -0.9651
vn 0.8959 0.1658 -0.4121
vn 0.5458 0.3077 -0.7794
vn -0.6943 -0.4731 0.5423
vn -0.6360 -0.4968 0.5904
vn 0.5322 0.5065 -0.6783
vn 0.9484 0.1361 -0.2864
vn -0.8347 0.1765 -0.5215
vn -0.9830 0.0524 -0.1760
vn -0.9998 0.0028 -0.0160
vn 0.9886 0.0577 -0.1386
vn -0.5379 0.2891 -0.7919
vn -0.5173 0.0933 -0.8506
vn -0.7585 -0.4532 0.4681
vn -0.1079 0.0983 -0.9893
vn -0.1454 0.0975 -0.9845
vn -0.0602 0.1003 -0.9931
vn -0.0780 0.0994 -0.9920
vn -0.8209 -0.4448 0.3581
vn -0.8658 -0.4545 0.2091
vn -0.8901 -0.4489 0.0786
vn -0.9030 -0.4284 -0.0325
vn -0.8649 -0.4349 -0.2506
vn -0.8912 -0.4297 -0.1449
vn -0.8392 -0.4123 -0.3546
vn -0.7897 -0.3700 -0.4892
vn -0.6813 -0.3383 -0.6491
vn -0.0433 -0.9990 0.0057
vn -0.0503 -0.9987 -0.0029
vn -0.5300 0.0949 -0.8427
vn -0.3124 0.0960 -0.9451
vn -0.3538 0.0951 -0.9304
vn -0.3963 0.0939 -0.9133
vn -0.4370 0.0926 -0.8947
vn -0.1886 0.0970 -0.9772
vn -0.2312 0.0966 -0.9681
vn -0.2722 0.0964 -0.9574
vn 0.0280 0.3646 -0.9307
vn -0.0498 -0.9971 -0.0571
vn -0.0555 -0.9977 -0.0396
vn -0.3455 -0.8633 -0.3677
vn -0.0432 -0.9990 -0.0129
vn -0.0493 -0.9986 -0.0199
vn -0.3866 -0.8850 -0.2593
vn -0.0464 -0.9988 -0.0106
vn -0.3554 -0.9283 -0.1095
vn -0.3756 -0.9120 -0.1645
vn -0.3678 -0.9274 -0.0677
vn -0.0389 -0.9992 0.0093
vn -0.3811 -0.9243 -0.0176
vn -0.0421 -0.9989 0.0193
vn -0.3290 -0.9331 0.1448
vn -0.3333 -0.9395 0.0793
vn -0.3540 -0.9347 0.0314
vn -0.0233 -0.9990 0.0372
vn -0.0325 -0.9991 0.0275
vn -0.2180 -0.9570 0.1911
vn -0.2860 -0.9402 0.1848
vn -0.5213 0.8477 -0.0979
vn -0.5693 0.8174 0.0875
vn 0.0202 0.9953 -0.0942
vn -0.0692 0.9811 0.1805
vn -0.3751 0.9112 -0.1702
vn -0.3200 0.8849 0.3385
vn -0.0022 0.7300 -0.6834
vn -0.0025 0.7307 -0.6827
vn -0.0023 0.9662 -0.2576
vn 0.0135 0.9715 -0.2367
vn 0.1075 0.7774 -0.6197
vn -0.0036 0.3043 -0.9525
vn -0.0117 0.2706 -0.9626
vn 0.0408 0.2966 -0.9541
vn 0.0840 0.2994 -0.9504
vn 0.3889 0.3583 -0.8487
vn 0.3171 0.3453 -0.8833
vn 0.0110 0.2351 -0.9719
vn -0.0013 0.3052 -0.9523
vn 0.0146 0.7313 -0.6819
vn -0.0006 0.9674 -0.2530
vn 0.2556 0.3811 -0.8885
vn 0.3445 0.2700 -0.8991
vn -0.0952 0.4086 -0.9077
vn -0.0940 0.4070 -0.9086
vn 0.0000 0.4049 -0.9144
vn 0.0000 0.4085 -0.9127
vn -0.0765 0.4077 -0.9099
vn -0.0778 0.4067 -0.9102
vn -0.2711 0.8916 0.3625
vn -0.0240 0.9945 0.1020
vn -0.0250 0.9996 -0.0110
vn -0.3287 0.9223 0.2032
vn 0.0673 0.5810 -0.8111
vn 0.0544 0.5889 -0.8063
vn 0.1049 0.4102 -0.9059
vn 0.0777 0.4028 -0.9120
vn 0.0767 0.3975 -0.9144
vn 0.1010 0.3901 -0.9152
vn 0.0572 0.3324 -0.9414
vn 0.0752 0.3944 -0.9158
vn 0.0000 0.3851 -0.9229
vn 0.0000 0.3377 -0.9412
vn 0.0753 0.3362 -0.9388
vn 0.0797 0.3643 -0.9278
vn -0.2871 -0.0243 -0.9575
vn -0.3526 -0.2001 -0.9141
vn -0.4960 -0.0988 -0.8627
vn -0.3251 -0.0425 -0.9447
vn 0.0952 0.4086 -0.9077
vn -0.3445 0.2700 -0.8991
vn -0.2556 0.3811 -0.8885
vn 0.0940 0.4070 -0.9086
vn 0.0000 0.3878 -0.9217
vn 0.0000 0.3960 -0.9182
vn 0.0778 0.4067 -0.9102
vn 0.0000 0.5829 -0.8125
vn 0.0000 0.4140 -0.9103
vn 0.0760 0.4128 -0.9076
vn 0.0985 0.4127 -0.9055
vn 0.0763 0.4077 -0.9099
vn 0.0978 0.4067 -0.9083
vn -0.2295 -0.3005 -0.9257
vn -0.4337 0.4942 -0.7534
vn -0.1984 0.4128 -0.8889
vn -0.2018 0.3965 -0.8956
vn 0.2018 0.3965 -0.8956
vn 0.1984 0.4128 -0.8889
vn 0.0000 0.4088 -0.9126
vn 0.0765 0.4077 -0.9099
vn 0.0267 0.3867 -0.9218
vn -0.1090 -0.3653 -0.9245
vn 0.0000 -0.3746 -0.9272
vn -0.0625 0.8422 0.5356
vn -0.1771 0.8111 0.5575
vn 0.0000 0.8573 0.5148
vn 0.0000 0.9953 0.0966
vn 0.0000 1.0000 -0.0031
vn -0.0520 0.8029 -0.5938
vn -0.1466 0.8770 -0.4574
vn -0.0027 0.9892 -0.1467
vn -0.4844 0.8577 -0.1721
vn 0.0000 0.9922 -0.1245
vn 0.0134 0.7842 -0.6203
vn 0.0024 0.7240 -0.6898
vn 0.0000 0.8081 -0.5890
vn 0.0625 0.8421 0.5356
vn 0.3526 -0.2001 -0.9141
vn 0.2873 -0.0244 -0.9575
vn 0.3253 -0.0425 -0.9446
vn 0.4960 -0.0988 -0.8627
vn -0.0673 0.5810 -0.8111
vn -0.0767 0.3975 -0.9144
vn -0.0777 0.4028 -0.9120
vn -0.1049 0.4102 -0.9059
vn -0.1010 0.3901 -0.9152
vn -0.0571 0.3323 -0.9414
vn -0.0752 0.3944 -0.9158
vn -0.0797 0.3643 -0.9278
vn -0.0753 0.3361 -0.9388
vn -0.0544 0.5889 -0.8064
vn -0.0760 0.4128 -0.9076
vn -0.0985 0.4127 -0.9055
vn 0.4337 0.4942 -0.7534
vn 0.2295 -0.3005 -0.9257
vn -0.0763 0.4077 -0.9099
vn -0.0978 0.4067 -0.9083
vn -0.0266 0.3867 -0.9218
vn 0.1090 -0.3653 -0.9244
vn 0.1771 0.8111 0.5575
vn 0.3287 0.9223 0.2032
vn 0.2711 0.8916 0.3626
vn 0.4844 0.8577 -0.1721
vn 0.0250 0.9996 -0.0110
vn 0.0240 0.9945 0.1021
vn 0.0027 0.9892 -0.1466
vn 0.0520 0.8029 -0.5938
vn 0.1466 0.8770 -0.4575
vn -0.0134 0.7842 -0.6203
vn -0.0024 0.7240 -0.6898
usemtl Metal
s 1
f 5067//1800 3788//1801 2446//1802
f 5067//1800 2459//1803 3788//1801
f 2482//1804 3147//1805 4390//1806 3185//1807
f 2669//1808 3804//1809 2695//1810 2387//1811
f 3199//1812 3790//1813 3789//1814 3200//1815
f 3043//1816 2444//1817 3114//1818 3792//1819
f 2467//1820 3200//1815 3789//1814 2648//1821
f 3792//1819 3114//1818 3115//1822 3791//1823
f 3199//1812 2477//1824 3042//1825 3790//1813
f 3790//1813 3042//1825 3043//1816 3792//1819
f 2649//1826 3791//1823 3115//1822 2389//1827
f 2945//1828 3862//1829 2935//1830 2424//1831
f 2648//1821 3789//1814 3791//1823 2649//1826
f 2719//1832 3793//1833 2737//1834 2520//1835
f 2381//1836 2657//1837 3793//1833 2719//1832
f 2738//1838 3794//1839 2720//1840 2522//1841
f 3794//1839 2658//1842 2380//1843 2720//1840
f 2705//1844 2706//1845 3796//1846 3795//1847
f 3795//1847 3796//1846 2745//1846 2744//1847
f 2388//1848 2705//1844 3795//1847 2715//1849
f 2743//1850 2750//1851 3872//1852 3867//1853
f 3796//1846 3801//1854 2746//1855 2745//1846
f 2715//1849 3795//1847 2744//1847 2516//1849
f 2668//1856 2669//1808 3802//1857 3801//1854
f 2746//1855 3801//1854 3802//1857 2747//1858
f 2696//1859 3805//1860 2705//1844 2388//1848
f 3798//1861 3800//1862 3799//1863 3797//1864
f 2670//1865 3800//1862 3798//1861 2671//1866
f 3069//1867 3799//1863 3048//1868 2487//1869
f 3797//1864 3068//1870 3067//1871 3809//1872
f 3809//1872 3810//1873 3798//1861 3797//1864
f 3800//1862 2670//1865 2385//1874 3047//1875
f 3799//1863 3800//1862 3047//1875 3048//1868
f 3066//1876 3807//1877 3809//1872 3067//1871
f 2747//1858 3802//1857 2717//1878 2518//1879
f 3802//1857 2669//1808 2387//1811 2717//1878
f 3817//1880 2662//1881 2663//1882 3818//1883
f 2728//1884 3817//1880 3818//1883 2729//1885
f 2672//1886 3804//1809 3803//1887 2673//1888
f 2668//1856 3801//1854 3796//1846 2706//1845
f 3804//1809 2672//1886 2386//1889 2695//1810
f 2705//1844 3805//1860 3806//1890 2706//1845
f 3836//1891 2686//1892 2396//1893 2659//1894
f 2666//1895 3806//1890 3805//1860 2667//1896
f 2382//1897 2667//1896 3805//1860 2696//1859
f 2706//1845 3806//1890 3803//1887 2668//1856
f 3045//1898 3807//1877 3066//1876 2445//1899
f 3808//1900 3810//1873 3809//1872 3807//1877
f 2664//1901 3810//1873 3808//1900 2665//1902
f 3067//1871 3068//1870 4297//1903 4295//1904
f 3045//1898 3044//1905 3808//1900 3807//1877
f 3044//1905 2384//1906 2665//1902 3808//1900
f 2397//1907 2702//1908 3857//1909 2650//1910
f 3814//1911 2691//1912 2391//1913 2688//1914
f 3000//1915 2435//1916 3003//1917 3811//1918
f 2952//1919 2423//1920 3024//1921 4156//1922
f 3788//1801 4331//1923 2446//1802
f 2425//1924 2940//1925 4141//1926 3020//1927
f 4503//1928 3662//1929 2586//1930 3511//1931
f 2448//1932 2690//1933 3813//1934 3065//1935
f 4286//1936 3122//1937 2391//1913 2691//1912
f 3834//1938 3051//1939 3052//1940 3833//1941
f 2459//1803 3823//1942 3058//1943
f 3848//1944 3861//1945 2679//1946 2699//1947
f 2708//1948 4282//1949 3814//1911 2688//1914
f 4282//1949 4283//1950 3813//1934 3814//1911
f 2693//1951 3815//1952 3816//1953 2694//1954
f 3815//1952 2681//1955 2682//1956 3816//1953
f 2692//1957 3815//1952 2693//1951 2392//1958
f 2395//1959 2681//1955 3815//1952 2692//1957
f 2694//1954 3816//1953 2697//1960 2393//1961
f 3816//1953 2682//1956 2394//1962 2697//1960
f 3103//1963 3821//1964 3822//1965 3104//1966
f 3096//1967 3819//1968 3820//1969 3097//1970
f 2521//1971 2701//1971 3841//1972 2725//1972
f 2515//1973 2712//1974 3817//1880 2728//1884
f 2397//1907 2662//1881 3817//1880 2712//1974
f 2687//1975 2381//1836 2700//1976 3831//1977
f 3847//1978 3830//1979 2675//1980 2716//1981
f 2702//1908 3866//1982 3867//1853 2703//1983
f 2742//1984 2743//1850 3867//1853 3866//1982
f 4317//1985 3096//1967 3097//1970 4318//1986
f 4344//1987 3821//1964 3103//1963 3121//1988
f 2676//1989 2683//1990 3861//1945 3848//1944
f 3821//1964 2677//1991 2678//1992 3822//1965
f 3829//1993 2674//1994 2675//1980 3830//1979
f 2457//1995 3101//1996 4388//1997 3159//1998
f 3682//1999 3683//2000 4872//2001 4968//2002
f 4347//2003 3129//2004 2597//2005 3138//2006
f 3825//2007 3826//2008 3115//1822 3114//1818
f 2685//2009 2686//1892 3836//1891 3835//2010
f 2435//1916 3011//2011 4404//2012 3148//2013
f 3824//2014 2753//2015 2752//2016 3826//2008
f 3826//2008 2752//2016 2389//1827 3115//1822
f 2591//2017 2600//2018 2599//2019 3669//2020
f 3059//2021 3825//2007 3114//1818 2444//1817
f 3058//1943 3823//1942 3825//2007 3059//2021
f 3094//2022 3827//2023 3828//2024 3095//2025
f 3827//2023 2693//1951 2694//1954 3828//2024
f 3082//2026 3827//2023 3094//2022 2454//2027
f 2392//1958 2693//1951 3827//2023 3082//2026
f 3095//2025 3828//2024 3083//2028 2455//2029
f 3828//2024 2694//1954 2393//1961 3083//2028
f 3083//2028 3832//2030 3093//2031 2455//2029
f 3844//2032 3831//1977 2700//1976 2663//1882
f 2709//2033 3829//1993 3830//1979 2710//2034
f 2388//1848 2674//1994 3829//1993 2696//1859
f 2382//1897 2696//1859 3829//1993 2709//2033
f 2523//2035 2734//2036 3856//2036 2723//2035
f 2688//1914 2391//1913 2687//1975 3831//1977
f 2701//1971 2395//1959 2716//1981 3841//1972
f 3013//2037 3851//2038 3852//2039 3014//2040
f 2723//2035 3856//2036 2676//1989 2394//1962
f 3847//1978 2716//1981 2395//1959 2692//1957
f 3093//2031 3832//2030 3819//1968 3096//1967
f 3845//2041 2709//2033 2710//2034 3846//2042
f 3048//1868 3047//1875 3834//1938 3833//1941
f 2659//1894 3834//1938 3047//1875 2385//1874
f 3833//1941 3062//2043 2487//1869 3048//1868
f 2396//1893 3051//1939 3834//1938 2659//1894
f 3810//1873 2664//1901 2671//1866 3798//1861
f 3833//1941 3052//1940 2486//2044 3062//2043
f 4234//2045 3123//2046 3133//2047 4233//2048
f 3806//1890 2666//1895 2673//1888 3803//1887
f 2670//1865 3836//1891 2659//1894 2385//1874
f 2664//1901 3858//2049 3835//2010 2671//1866
f 3835//2010 3836//1891 2670//1865 2671//1866
f 2438//2050 3012//2051 4236//2052 3016//2053
f 3665//2054 2588//2055 4463//2056 4462//2057
f 3837//2058 3838//2059 3840//2060 3839//2058
f 3854//2061 2944//2062 2425//1924 3020//1927
f 4255//2063 3837//2058 3839//2058 4256//2063
f 3839//2058 3840//2060 2996//2060 2997//2058
f 4857//2064 3737//2065 2616//2066 3512//2067
f 2937//2068 4222//2069 4221//2070 2938//2071
f 4220//2072 3840//2060 3838//2059 4219//2073
f 3910//2058 3911//2074 3913//2075 3912//2058
f 4894//2076 3597//2076 3581//2053 4883//2053
f 3013//2037 4266//2077 4254//2078 3033//2079
f 4255//2063 4222//2069 2937//2068 2939//2063
f 3849//2080 2726//2080 2727//2081 3850//2081
f 2674//1994 3849//2080 3850//2081 2675//1980
f 2691//1912 2690//1933 4287//2082 4286//1936
f 2692//1957 2392//1958 2689//2083 3847//1978
f 3081//2084 2948//2085 3012//2051 3842//2086
f 2650//1910 2384//1906 2707//2087 3843//2088
f 3843//2088 2707//2087 2708//1948 3844//2032
f 3843//2088 2662//1881 2397//1907 2650//1910
f 3844//2032 2708//1948 2688//1914 3831//1977
f 3091//2089 3845//2041 3846//2042 3092//2090
f 3850//2081 3841//1972 2716//1981 2675//1980
f 2382//1897 2709//2033 3845//2041 2654//2091
f 3845//2041 3091//2089 2451//2092 2654//2091
f 4332//2093 3059//2021 4333//2094
f 3381//2095 3382//2096 4521//2097
f 3865//2098 2700//1976 2381//1836 2719//1832
f 3847//1978 2689//2083 2710//2034 3830//1979
f 2719//1832 2520//1835 2741//2099 3865//2098
f 2734//2036 2739//2100 3864//2101 3856//2036
f 2394//1962 2676//1989 3848//1944 2697//1960
f 2661//2102 4342//2103 4325//2104 2713//2105
f 2697//1960 3848//1944 2699//1947 2393//1961
f 3035//2106 4138//2107 4137//2108 3036//2109
f 3850//2081 2727//2081 2725//1972 3841//1972
f 3849//2080 2674//1994 2388//1848 2715//1849
f 2516//1849 2726//2080 3849//2080 2715//1849
f 3044//1905 3045//1898 4281//2110 4280//2111
f 3710//2112 2618//2113 3733//2114 5025//2115
f 5067//1800 2446//1802 3046//2116
f 3851//2038 2968//2117 2969//2118 3852//2039
f 3014//2040 3852//2039 3853//2119 3015//2120
f 3852//2039 2969//2118 2970//2121 3853//2119
f 3015//2120 3853//2119 3018//2122 2440//2123
f 3851//2038 4143//2124 2941//2125 2968//2117
f 4257//2063 4245//2053 3016//2053 3034//2063
f 3837//2058 4255//2063 2939//2063 2949//2052
f 3853//2119 2970//2121 2434//2126 3018//2122
f 2712//1974 3866//1982 2702//1908 2397//1907
f 2702//1908 2703//1983 3858//2049 3857//1909
f 3020//1927 3021//2127 3855//2128 3854//2061
f 2399//2129 2775//2130 3855//2128 3021//2127
f 3855//2128 4270//2131 4269//2132 3854//2061
f 2775//2130 3022//2133 4270//2131 3855//2128
f 2917//2134 2422//2135 3880//2136 3884//2137
f 4271//2138 4249//2139 2941//2125 2943//2140
f 3878//2141 4107//2142 4109//2143 3877//2144
f 2424//1831 2935//1830 4391//2145 3157//2146
f 4287//2082 4289//2147 4288//2148 4286//1936
f 3856//2036 3864//2101 2683//1990 2676//1989
f 3122//1937 4286//1936 4288//2148 2677//1991
f 2650//1910 3857//1909 2665//1902 2384//1906
f 3858//2049 2703//1983 2685//2009 3835//2010
f 3857//1909 3858//2049 2664//1901 2665//1902
f 2679//1946 3861//1945 4142//2149 2390//2150
f 2681//1955 3859//2151 3860//2152 2682//1956
f 3859//2151 2735//2151 2736//2152 3860//2152
f 2701//1971 3859//2151 2681//1955 2395//1959
f 2521//1971 2735//2151 3859//2151 2701//1971
f 2682//1956 3860//2152 2723//2035 2394//1962
f 3860//2152 2736//2152 2523//2035 2723//2035
f 3864//2101 2739//2100 2740//2153 2724//2154
f 2683//1990 3864//2101 2724//2154 2684//2155
f 4970//2156 3620//2157 4971//2158
f 3912//2058 3913//2075 2918//2159 2919//2052
f 3100//2160 3863//2161 3862//1829 4321//2162
f 3863//2161 2934//2163 2935//1830 3862//1829
f 2704//2164 2421//2165 2934//2163 3863//2161
f 4088//2166 3887//2167 2910//2168 2956//2169
f 3040//2170 2442//2171 2933//2172 4263//2173
f 3888//2174 2887//2175 2886//2176 3887//2167
f 4290//2177 3049//2178 3050//2179 4291//2180
f 2663//1882 2700//1976 3865//2098 3818//1883
f 3865//2098 2741//2099 2729//1885 3818//1883
f 4291//2180 3050//2179 2448//1932 3065//1935
f 2515//1973 2742//1984 3866//1982 2712//1974
f 2703//1983 3867//1853 3872//1852 2685//2009
f 2999//2181 3868//2182 3869//2183 2998//2184
f 3868//2182 3006//2185 3007//2186 3869//2183
f 4293//2187 4295//1904 4294//2188 4292//2189
f 2720//1840 3868//2182 2999//2181 2522//1841
f 2380//1843 3006//2185 3868//2182 2720//1840
f 4345//2190 3168//2191 3167//2192 4346//2193
f 3871//2194 3053//2195 3054//2196 3870//2197
f 3052//1940 3051//1939 3871//2194 3870//2197
f 2685//2009 3872//1852 3873//2198 2686//1892
f 2750//1851 2751//2199 3873//2198 3872//1852
f 2711//2200 3871//2194 3051//1939 2396//1893
f 2517//2201 3053//2195 3871//2194 2711//2200
f 3052//1940 3870//2197 3057//2202 2486//2044
f 3870//2197 3054//2196 2578//2203 3057//2202
f 2686//1892 3873//2198 2711//2200 2396//1893
f 3873//2198 2751//2199 2517//2201 2711//2200
f 3890//2204 3026//2205 2442//2171 3040//2170
f 3898//2206 2760//2207 2761//2208 3897//2209
f 4297//1903 4299//2210 4298//2211 4296//2212
f 3874//2213 3875//2214 3878//2141 3877//2144
f 3875//2214 3876//2215 3879//2216 3878//2141
f 3879//2216 4105//2217 4107//2142 3878//2141
f 2765//2218 2779//2219 4105//2217 3879//2216
f 2404//2220 2769//2221 3874//2213 2787//2222
f 2769//2221 2768//2223 3875//2214 3874//2213
f 2768//2223 2767//2224 3876//2215 3875//2214
f 2767//2224 2401//2225 2766//2226 3876//2215
f 3876//2215 2766//2226 2765//2218 3879//2216
f 2786//2227 3877//2144 4109//2143 2783//2228
f 2774//2229 2777//2230 4258//2231 3901//2232
f 2822//2233 2818//2234 4253//2235 4254//2078
f 2787//2222 3874//2213 3877//2144 2786//2227
f 3881//2236 3882//2237 3880//2136 3886//2238
f 3883//2239 3884//2137 3880//2136 3882//2237
f 2806//2240 2805//2241 3880//2136
f 3885//2242 3886//2238 3880//2136
f 2406//2243 2886//2176 3881//2236 3145//2244
f 2886//2176 2887//2175 3882//2237 3881//2236
f 3145//2244 3881//2236 3886//2238 3146//2245
f 4096//2246 3941//2247 2917//2134 2924//2248
f 4126//2249 2924//2248 2917//2134 3884//2137
f 2888//2250 3883//2239 3882//2237 2887//2175
f 3880//2136 2422//2135 2411//2251 2806//2240
f 2810//2252 4125//2253 3883//2239 2888//2250
f 4381//2254 4382//2255 2946//2256 2947//2257
f 2481//2258 3144//2259 4361//2260 3169//2261
f 3146//2245 3886//2238 3885//2242
f 4087//2262 3888//2174 3887//2167 4088//2166
f 4104//2263 3924//2052 2923//2264 2928//2263
f 3889//2265 2888//2250 2887//2175 3888//2174
f 2910//2168 3887//2167 2886//2176 2406//2243
f 3019//2266 2704//2164 3863//2161 3100//2160
f 4046//2267 2790//2268 2791//2269 4047//2270
f 2879//2271 2527//2272 3026//2205 3890//2204
f 4078//2273 3890//2204 3040//2170 3037//2274
f 2954//2275 4065//2276 3897//2209 2907//2277
f 3900//2278 2773//2279 2774//2229 3901//2232
f 4884//2280 3335//2281 3334//2282 4885//2283
f 3891//2284 3892//2285 3895//2286 3894//2287
f 3892//2285 3893//2288 3896//2289 3895//2286
f 2480//2290 3198//2291 3891//2284 3164//2292
f 3198//2291 3197//2293 3892//2285 3891//2284
f 3197//2293 3196//2294 3893//2288 3892//2285
f 3196//2294 2469//2295 2763//2296 3893//2288
f 3893//2288 2763//2296 2764//2297 3896//2289
f 3908//2298 2768//2223 2769//2221 3907//2299
f 3164//2292 3891//2284 3894//2287 3163//2300
f 4066//2301 3898//2206 3897//2209 4065//2276
f 4067//2302 3899//2303 3898//2206 4066//2301
f 3899//2303 2759//2304 2760//2207 3898//2206
f 2405//2305 2759//2304 3899//2303 2906//2306
f 2913//2307 4075//2308 3902//2309 2874//2310
f 4068//2311 4086//2312 2891//2313 2847//2314
f 2907//2277 3897//2209 2761//2208 2403//2315
f 3903//2316 2757//2317 2758//2318 3902//2309
f 3950//2319 4113//2320 4115//2321 3949//2322
f 4258//2231 3036//2109 3039//2323 3901//2232
f 3026//2205 3900//2278 3038//2324 2442//2171
f 2527//2272 2773//2279 3900//2278 3026//2205
f 2438//2050 3016//2053 4245//2053 4246//2325
f 3820//1969 2390//2150 2434//2126 3098//2326
f 3097//1970 2456//2327 2945//1828 4244//2328
f 4076//2329 3903//2316 3902//2309 4075//2308
f 4077//2330 3904//2331 3903//2316 4076//2329
f 3904//2331 2756//2332 2757//2317 3903//2316
f 2877//2333 2404//2220 2756//2332 3904//2331
f 2901//2334 2955//2335 4248//2336 4265//2337
f 2874//2310 3902//2309 2758//2318 2400//2338
f 3906//2339 2875//2340 2876//2341 3905//2342
f 4079//2343 3905//2342 2867//2344 2902//2345
f 3905//2342 4079//2343 4085//2346 3906//2339
f 2874//2310 2400//2338 2875//2340 3906//2339
f 2914//2347 4072//2348 3907//2299 2877//2333
f 3905//2342 2876//2341 2414//2349 2867//2344
f 4073//2350 3908//2298 3907//2299 4072//2348
f 4074//2351 3909//2352 3908//2298 4073//2350
f 3909//2352 2767//2224 2768//2223 3908//2298
f 2401//2225 2767//2224 3909//2352 2915//2353
f 4060//2354 3952//2355 2704//2164 3019//2266
f 2914//2347 2877//2333 3904//2331 4077//2330
f 2877//2333 3907//2299 2769//2221 2404//2220
f 3953//2356 2721//2357 2722//2358 3952//2355
f 2764//2297 2922//2359 3925//2360 3896//2289
f 2996//2060 3911//2074 3910//2058 2997//2058
f 3004//2361 3942//2362 3944//2363 3005//2364
f 3910//2058 4097//2365 2731//2063 2997//2058
f 3944//2363 3911//2074 2996//2060 3005//2364
f 3945//2366 3913//2075 3911//2074 3944//2363
f 3914//2264 3915//2367 3917//2368 3916//2264
f 3842//2086 3012//2051 2438//2050 2653//2369
f 4095//2370 3939//2371 3941//2247 4096//2246
f 3916//2264 3917//2368 3919//2372 3918//2264
f 2922//2359 3915//2367 3914//2264 2923//2264
f 4100//2373 3916//2264 3918//2264 4101//2374
f 3918//2264 3919//2372 2920//2375 2921//2376
f 3956//2377 2794//2378 2795//2379 3957//2380
f 2764//2297 3929//2381 3915//2367 2922//2359
f 3930//2382 3917//2368 3915//2367 3929//2381
f 3931//2383 3919//2372 3917//2368 3930//2382
f 3920//2052 3921//2384 3923//2385 3922//2052
f 4098//2365 3912//2058 2919//2052 2926//2386
f 4097//2365 3910//2058 3912//2058 4098//2365
f 2928//2263 2923//2264 3914//2264 4099//2373
f 3922//2052 3923//2385 3925//2360 3924//2052
f 2918//2159 3921//2384 3920//2052 2919//2052
f 4103//2387 3922//2052 3924//2052 4104//2263
f 3924//2052 3925//2360 2922//2359 2923//2264
f 2789//2388 2920//2375 3919//2372 3931//2383
f 3163//2300 3894//2287 3921//2384 2918//2159
f 3895//2286 3923//2385 3921//2384 3894//2287
f 3896//2289 3925//2360 3923//2385 3895//2286
f 3939//2371 3940//2389 3938//2390
f 4101//2374 3918//2264 2921//2376 2927//2391
f 4099//2373 3914//2264 3916//2264 4100//2373
f 2926//2386 2919//2052 3920//2052 4102//2386
f 3926//2392 3927//2393 3930//2382 3929//2381
f 3927//2393 3928//2394 3931//2383 3930//2382
f 2469//2295 3195//2395 3926//2392 2763//2296
f 3195//2395 3194//2396 3927//2393 3926//2392
f 3194//2396 3193//2397 3928//2394 3927//2393
f 3193//2397 2470//2398 2788//2399 3928//2394
f 3928//2394 2788//2399 2789//2388 3931//2383
f 2763//2296 3926//2392 3929//2381 2764//2297
f 3932//2400 3933//2401 3936//2402 3935//2403
f 3933//2401 3934//2404 3937//2405 3936//2402
f 2470//2398 3192//2406 3932//2400 2788//2399
f 3192//2406 3191//2407 3933//2401 3932//2400
f 3191//2407 3190//2408 3934//2404 3933//2401
f 3190//2408 2481//2258 3166//2409 3934//2404
f 3934//2404 3166//2409 3165//2410 3937//2405
f 2788//2399 3932//2400 3935//2403 2789//2388
f 3941//2247 3939//2371 3938//2390
f 3937//2405 2411//2251 3938//2390 3936//2402
f 2411//2251 3937//2405 3165//2410
f 2422//2135 3938//2390 2411//2251
f 3939//2371 4095//2370 2927//2391 2921//2376
f 3822//1965 4235//2411 3102//2412 3104//1966
f 4125//2253 4126//2249 3884//2137 3883//2239
f 3005//2364 2996//2060 3840//2060 4220//2072
f 2789//2388 3935//2403 3940//2389 2920//2375
f 3935//2403 3936//2402 3940//2389
f 2917//2134 3941//2247 3938//2390 2422//2135
f 3959//2413 3145//2244 3146//2245
f 3942//2362 3943//2414 3945//2366 3944//2363
f 3189//2415 3942//2362 3004//2361 2476//2416
f 3189//2415 3188//2417 3943//2414 3942//2362
f 3188//2417 2480//2290 3164//2292 3943//2414
f 3943//2414 3164//2292 3163//2300 3945//2366
f 4059//2418 2899//2419 2432//2420 2980//2421
f 3946//2422 3947//2423 3950//2319 3949//2322
f 3947//2423 3948//2424 3951//2425 3950//2319
f 3951//2425 4111//2426 4113//2320 3950//2319
f 2783//2228 4111//2426 3951//2425 2786//2227
f 2400//2338 2758//2318 3946//2422 2784//2427
f 2758//2318 2757//2317 3947//2423 3946//2422
f 2757//2317 2756//2332 3948//2424 3947//2423
f 2756//2332 2404//2220 2787//2222 3948//2424
f 3948//2424 2787//2222 2786//2227 3951//2425
f 2785//2428 3949//2322 4115//2321 2781//2429
f 3963//2430 3965//2431 3964//2432 3962//2433
f 3102//2412 4235//2411 3101//1996 2457//1995
f 2784//2427 3946//2422 3949//2322 2785//2428
f 3954//2434 2797//2435 2798//2436 3955//2437
f 3952//2355 4060//2354 4061//2438 3953//2356
f 2403//2315 2721//2357 3953//2356 2907//2277
f 3150//2439 3017//2440 2424//1831 3157//2146
f 3952//2355 2722//2358 2421//2165 2704//2164
f 3980//2441 2829//2442 2830//2443 3979//2444
f 2905//2445 2410//2446 2797//2435 3954//2434
f 4058//2447 3954//2434 3955//2437 4059//2418
f 2899//2419 2904//2448 4091//2449 4064//2450
f 2798//2436 2407//2451 2904//2448 3955//2437
f 4022//2452 2861//2453 2417//2454 2862//2455
f 4056//2456 3957//2380 3958//2457 4057//2458
f 4057//2458 3958//2457 2905//2445 2900//2459
f 3957//2380 2795//2379 2796//2460 3958//2457
f 4055//2461 3956//2377 3957//2380 4056//2456
f 2409//2462 2794//2378 3956//2377 2912//2463
f 2900//2459 2905//2445 3954//2434 4058//2447
f 3958//2457 2796//2460 2410//2446 2905//2445
f 3960//2464 2792//2465 2793//2466 3961//2467
f 4002//2468 2848//2469 2419//2470 2849//2471
f 2797//2435 2410//2446 3153//2472 4362//2473
f 2796//2460 2795//2379 4359//2474 4358//2475
f 2795//2379 2794//2378 4360//2476 4359//2474
f 2798//2436 2797//2435 4362//2473 4361//2260
f 2410//2446 2796//2460 4358//2475 3153//2472
f 2808//2477 2807//2478 4397//2479 4396//2480
f 2794//2378 2409//2462 3154//2481 4360//2476
f 2793//2466 2792//2465 4357//2482 4356//2483
f 2409//2462 2793//2466 4356//2483 3154//2481
f 2408//2484 3155//2485 4357//2482 2792//2465
f 2791//2269 3959//2413 4354//2486
f 3959//2413 4355//2487 4354//2486
f 3961//2467 2793//2466 2409//2462 2912//2463
f 4355//2487 3156//2488 2474//2489 3177//2490
f 3146//2245 4355//2487 3959//2413
f 2406//2243 3145//2244 3959//2413 2790//2268
f 2791//2269 2790//2268 3959//2413
f 2815//2491 2816//2492 3963//2430 3962//2433
f 4054//2493 3961//2467 2912//2463 2958//2494
f 2408//2484 2792//2465 3960//2464 2911//2495
f 3956//2377 4055//2461 2958//2494 2912//2463
f 4053//2496 3960//2464 3961//2467 4054//2493
f 2813//2497 4030//2498 2867//2344 2414//2349
f 2868//2499 2869//2500 4035//2501 4034//2502
f 3980//2441 3979//2444 3976//2503 3977//2504
f 2413//2505 2817//2506 3963//2430 2816//2492
f 2817//2506 2820//2507 3965//2431 3963//2430
f 2765//2218 4149//2508 4119//2509 2779//2219
f 2399//2129 2815//2491 3962//2433 2775//2130
f 3962//2433 3964//2432 3022//2133 2775//2130
f 2821//2510 2823//2511 3969//2512 3967//2513
f 2820//2507 2821//2510 3967//2513 3965//2431
f 3964//2432 3966//2514 3023//2515 3022//2133
f 3971//2516 3974//2517 3973//2518 3970//2519
f 3972//2520 3975//2521 3974//2517 3971//2516
f 3968//2522 2762//2523 3023//2515 3966//2514
f 3968//2522 4175//2524 2993//2525 2762//2523
f 3971//2516 4158//2526 4157//2527 3972//2520
f 3972//2520 4157//2527 2882//2528 2823//2511
f 3970//2519 4159//2529 4158//2526 3971//2516
f 4144//2530 4145//2531 3032//2532 3031//2533
f 2823//2511 2882//2528 4176//2534 3969//2512
f 2824//2535 2873//2536 4159//2529 3970//2519
f 3992//2537 4209//2538 4208//2539 3991//2540
f 3991//2540 4208//2539 2873//2536 2824//2535
f 3993//2541 4210//2542 4209//2538 3992//2537
f 4001//2543 4202//2544 4205//2545 4000//2546
f 2837//2547 2959//2548 4210//2542 3993//2541
f 2821//2510 3975//2521 3972//2520 2823//2511
f 3970//2519 3973//2518 2826//2549 2824//2535
f 3992//2537 3991//2540 3988//2550 3989//2551
f 3979//2444 2827//2552 2825//2553 3976//2503
f 3974//2517 3977//2504 3976//2503 3973//2518
f 3975//2521 3978//2554 3977//2504 3974//2517
f 2820//2507 3978//2554 3975//2521 2821//2510
f 2826//2549 3973//2518 3976//2503 2825//2553
f 2817//2506 3981//2555 3978//2554 2820//2507
f 3981//2555 3980//2441 3977//2504 3978//2554
f 3983//2556 3986//2557 3985//2558 3982//2559
f 2827//2552 3982//2559 3985//2558 2825//2553
f 3986//2557 3989//2551 3988//2550 3985//2558
f 3981//2555 2828//2560 2829//2442 3980//2441
f 2413//2505 2828//2560 3981//2555 2817//2506
f 2827//2552 3979//2444 2830//2443 2415//2561
f 2831//2562 2832//2563 3983//2556 3982//2559
f 2832//2563 2833//2564 3984//2565 3983//2556
f 2412//2566 2834//2567 3984//2565 2833//2564
f 3984//2565 3987//2568 3986//2557 3983//2556
f 3984//2565 2834//2567 2835//2569 3987//2568
f 2839//2570 2840//2571 3995//2572 3994//2573
f 3982//2559 2827//2552 2415//2561 2831//2562
f 3995//2572 3997//2574 3996//2575 3994//2573
f 3991//2540 2824//2535 2826//2549 3988//2550
f 3987//2568 3990//2576 3989//2551 3986//2557
f 2835//2569 2836//2577 3990//2576 3987//2568
f 2825//2553 3985//2558 3988//2550 2826//2549
f 2836//2577 2837//2547 3993//2541 3990//2576
f 3993//2541 3992//2537 3989//2551 3990//2576
f 4001//2543 4000//2546 3998//2578 3999//2579
f 4000//2546 2846//2580 2842//2581 3998//2578
f 4001//2543 2847//2314 2891//2313 4202//2544
f 3997//2574 3999//2579 3998//2578 3996//2575
f 4000//2546 4205//2545 2894//2582 2846//2580
f 3997//2574 3995//2572 2841//2583 2844//2584
f 2840//2571 2416//2585 2841//2583 3995//2572
f 2844//2584 2845//2586 3999//2579 3997//2574
f 3994//2573 2838//2587 2418//2588 2839//2570
f 2838//2587 3994//2573 3996//2575 2843//2589
f 4003//2590 4005//2591 4004//2592 4002//2468
f 4009//2593 4196//2594 4199//2595 4008//2596
f 2843//2589 3996//2575 3998//2578 2842//2581
f 4001//2543 3999//2579 2845//2586 2847//2314
f 4009//2593 4008//2596 4006//2597 4007//2598
f 4008//2596 2853//2599 2851//2600 4006//2597
f 4009//2593 2846//2580 2894//2582 4196//2594
f 4005//2591 4007//2598 4006//2597 4004//2592
f 2849//2471 2850//2601 4003//2590 4002//2468
f 4008//2596 4199//2595 2897//2602 2853//2599
f 2850//2601 2418//2588 2838//2587 4003//2590
f 2848//2469 4002//2468 4004//2592 2852//2603
f 4005//2591 4003//2590 2838//2587 2843//2589
f 2855//2604 2856//2605 4011//2606 4010//2607
f 2842//2581 4007//2598 4005//2591 2843//2589
f 4011//2606 4014//2608 4013//2609 4010//2607
f 4020//2610 4190//2611 4193//2612 4019//2613
f 2852//2603 4004//2592 4006//2597 2851//2600
f 4009//2593 4007//2598 2842//2581 2846//2580
f 4020//2610 4019//2613 4016//2614 4017//2615
f 2854//2616 4010//2607 4013//2609 2859//2617
f 4021//2618 4187//2619 4190//2611 4020//2610
f 4261//2620 3038//2324 3039//2323 4262//2621
f 4014//2608 4017//2615 4016//2614 4013//2609
f 2990//2622 2989//2623 4049//2624 4048//2625
f 4019//2613 4193//2612 2965//2626 2860//2627
f 4021//2618 2853//2599 2897//2602 4187//2619
f 2856//2605 2857//2628 4012//2629 4011//2606
f 2848//2469 4012//2629 2857//2628 2419//2470
f 4012//2629 4015//2630 4014//2608 4011//2606
f 4012//2629 2848//2469 2852//2603 4015//2630
f 2865//2631 4024//2632 4026//2633 2864//2634
f 4010//2607 2854//2616 2420//2635 2855//2604
f 4028//2636 2866//2637 2864//2634 4026//2633
f 4019//2613 2860//2627 2858//2638 4016//2614
f 4015//2630 4018//2639 4017//2615 4014//2608
f 2851//2600 4018//2639 4015//2630 2852//2603
f 2859//2617 4013//2609 4016//2614 2858//2638
f 2853//2599 4021//2618 4018//2639 2851//2600
f 4021//2618 4020//2610 4017//2615 4018//2639
f 3955//2437 2904//2448 2899//2419 4059//2418
f 4029//2640 4181//2641 4184//2642 4028//2636
f 2861//2453 4022//2452 4024//2632 2865//2631
f 4029//2640 2860//2627 2965//2626 4181//2641
f 2862//2455 2863//2643 4023//2644 4022//2452
f 2854//2616 4023//2644 2863//2643 2420//2635
f 4023//2644 4025//2645 4024//2632 4022//2452
f 4023//2644 2854//2616 2859//2617 4025//2645
f 2811//2646 4032//2647 4031//2648 2812//2649
f 2810//2252 4033//2650 4032//2647 2811//2646
f 4025//2645 4027//2651 4026//2633 4024//2632
f 2858//2638 4027//2651 4025//2645 2859//2617
f 2860//2627 4029//2640 4027//2651 2858//2638
f 4029//2640 4028//2636 4026//2633 4027//2651
f 4033//2650 2810//2252 2888//2250 3889//2265
f 4035//2501 4038//2652 4037//2653 4034//2502
f 4086//2312 3889//2265 3888//2174 4087//2262
f 4045//2654 4168//2655 4167//2656 4044//2657
f 4070//2658 4032//2647 4033//2650 4068//2311
f 4031//2648 4069//2659 4071//2660 4030//2498
f 3909//2352 4074//2351 2878//2661 2915//2353
f 4044//2657 4043//2662 4040//2663 4041//2664
f 4030//2498 4071//2660 2902//2345 2867//2344
f 2812//2649 4031//2648 4030//2498 2813//2497
f 2930//2665 2924//2248 4126//2249 4130//2666
f 4044//2657 4167//2656 4166//2667 4043//2662
f 4038//2652 4041//2664 4040//2663 4037//2653
f 4032//2647 4070//2658 4069//2659 4031//2648
f 2866//2637 2962//2668 4168//2655 4045//2654
f 2869//2500 2870//2669 4036//2670 4035//2501
f 2861//2453 4036//2670 2870//2669 2417//2454
f 4036//2670 4039//2671 4038//2652 4035//2501
f 2861//2453 2865//2631 4039//2671 4036//2670
f 4047//2270 2791//2269 2408//2484 2911//2495
f 4034//2502 2834//2567 2412//2566 2868//2499
f 2834//2567 4034//2502 4037//2653 2835//2569
f 4043//2662 2837//2547 2836//2577 4040//2663
f 4039//2671 4042//2672 4041//2664 4038//2652
f 2864//2634 4042//2672 4039//2671 2865//2631
f 2835//2569 4037//2653 4040//2663 2836//2577
f 2866//2637 4045//2654 4042//2672 2864//2634
f 4045//2654 4044//2657 4041//2664 4042//2672
f 4043//2662 4166//2667 2959//2548 2837//2547
f 4033//2650 3889//2265 4086//2312 4068//2311
f 4052//2673 4047//2270 2911//2495 2957//2674
f 2406//2243 2790//2268 4046//2267 2910//2168
f 3960//2464 4053//2496 2957//2674 2911//2495
f 4051//2675 4046//2267 4047//2270 4052//2673
f 4090//2676 2808//2477 2809//2677 4089//2678
f 2898//2679 4062//2680 4089//2678 2903//2681
f 2989//2623 2988//2682 4050//2683 4049//2624
f 2431//2684 2898//2679 4050//2683 2988//2682
f 4048//2625 2953//2685 2426//2686 2990//2622
f 2986//2687 4051//2675 4052//2673 2987//2688
f 2987//2688 4052//2673 2957//2674 2429//2689
f 2956//2169 4051//2675 2986//2687 2428//2690
f 2957//2674 4053//2496 2984//2691 2429//2689
f 2985//2692 4054//2493 2958//2494 2430//2693
f 2981//2694 4055//2461 4056//2456 2982//2695
f 2984//2691 4053//2496 4054//2493 2985//2692
f 2982//2695 4056//2456 4057//2458 2983//2696
f 2958//2494 4055//2461 2981//2694 2430//2693
f 2983//2696 4057//2458 2900//2459 2433//2697
f 2979//2698 4058//2447 4059//2418 2980//2421
f 2830//2443 2829//2442 4073//2350 4072//2348
f 2433//2697 2900//2459 4058//2447 2979//2698
f 2991//2699 4061//2438 4060//2354 2992//2700
f 2954//2275 4061//2438 2991//2699 2427//2701
f 4060//2354 3099//2702 2439//2703 2992//2700
f 2976//2704 2975//2705 4063//2706 4062//2680
f 3099//2702 4060//2354 3019//2266
f 2975//2705 2974//2707 4064//2450 4063//2706
f 2432//2420 2899//2419 4064//2450 2974//2707
f 2973//2708 2972//2709 4066//2301 4065//2276
f 4062//2680 2898//2679 2431//2684 2976//2704
f 2972//2709 2971//2710 4067//2302 4066//2301
f 2953//2685 4067//2302 2971//2710 2426//2686
f 4065//2276 2954//2275 2427//2701 2973//2708
f 4102//2386 3920//2052 3922//2052 4103//2387
f 2844//2584 4069//2659 4070//2658 2845//2586
f 2845//2586 4070//2658 4068//2311 2847//2314
f 4122//2711 4095//2370 4096//2246 4124//2712
f 4071//2660 4069//2659 2844//2584 2841//2583
f 2780//2713 2927//2391 4095//2370 4122//2711
f 4127//2714 4129//2715 4131//2716 4128//2717
f 2416//2585 2902//2345 4071//2660 2841//2583
f 2829//2442 2828//2560 4074//2351 4073//2350
f 2878//2661 4074//2351 2828//2560 2413//2505
f 2833//2564 2832//2563 4076//2329 4075//2308
f 4072//2348 2914//2347 2415//2561 2830//2443
f 2832//2563 2831//2562 4077//2330 4076//2329
f 2415//2561 2914//2347 4077//2330 2831//2562
f 2541//2718 2916//2719 4078//2273 3027//2720
f 4075//2308 2913//2307 2412//2566 2833//2564
f 2870//2669 2869//2500 4079//2343 4084//2721
f 4078//2273 3037//2274 2443//2722 3027//2720
f 2730//2723 4237//2724 4246//2325 3028//2325
f 2839//2570 4080//2725 4079//2343 2840//2571
f 4081//2726 4082//2727 4079//2343 4080//2725
f 4083//2728 4084//2721 4079//2343 4082//2727
f 2868//2499 4085//2346 4079//2343 2869//2500
f 4084//2721 2862//2455 2417//2454 2870//2669
f 4079//2343 2902//2345 2416//2585 2840//2571
f 2850//2601 4080//2725 2839//2570 2418//2588
f 2891//2313 4086//2312 4087//2262 2890//2729
f 2419//2470 2857//2628 4081//2726 2849//2471
f 2857//2628 2856//2605 4082//2727 4081//2726
f 2849//2471 4081//2726 4080//2725 2850//2601
f 2420//2635 2863//2643 4083//2728 2855//2604
f 2863//2643 2862//2455 4084//2721 4083//2728
f 2855//2604 4083//2728 4082//2727 2856//2605
f 2412//2566 2913//2307 4085//2346 2868//2499
f 3021//2127 3020//1927 4141//1926 4140//2730
f 2890//2729 4087//2262 4088//2166 2889//2731
f 2889//2731 4088//2166 2956//2169 2428//2690
f 2894//2582 2893//2732 4197//2733 4196//2594
f 4063//2706 4090//2676 4089//2678 4062//2680
f 4064//2450 4091//2449 4090//2676 4063//2706
f 4091//2449 2807//2478 2808//2477 4090//2676
f 2904//2448 2407//2451 2807//2478 4091//2449
f 2953//2685 4048//2625 4092//2734 2906//2306
f 3899//2303 4067//2302 2953//2685 2906//2306
f 2903//2681 4089//2678 2809//2677 2402//2735
f 4093//2736 2771//2737 2772//2738 4092//2734
f 4049//2624 4093//2736 4092//2734 4048//2625
f 4050//2683 4094//2739 4093//2736 4049//2624
f 4094//2739 2770//2740 2771//2737 4093//2736
f 2903//2681 2402//2735 2770//2740 4094//2739
f 2901//2334 4140//2730 4155//2741 2955//2335
f 4046//2267 4051//2675 2956//2169 2910//2168
f 2906//2306 4092//2734 2772//2738 2405//2305
f 4156//1922 3024//1921 3025//2742 4155//2741
f 4112//2743 4099//2373 4100//2373 4114//2744
f 4118//2745 4097//2365 4098//2365 4120//2746
f 4124//2712 2930//2665 2929//2747 4123//2748
f 4124//2712 4096//2246 2924//2248 2930//2665
f 4097//2365 4118//2745 2732//2749 2731//2063
f 4143//2124 3851//2038 3013//2037 3033//2079
f 4120//2746 4098//2365 2926//2386 2778//2750
f 4119//2509 4120//2746 2778//2750 2779//2219
f 4114//2744 4100//2373 4101//2374 4116//2751
f 2782//2752 2928//2263 4099//2373 4112//2743
f 4116//2751 4101//2374 2927//2391 2780//2713
f 4106//2753 4102//2386 4103//2387 4108//2754
f 4108//2754 4103//2387 4104//2263 4110//2755
f 2778//2750 2926//2386 4102//2386 4106//2753
f 4110//2755 4104//2263 2928//2263 2782//2752
f 4130//2666 4126//2249 4125//2253 4132//2756
f 4105//2217 4106//2753 4108//2754 4107//2142
f 4107//2142 4108//2754 4110//2755 4109//2143
f 2778//2750 4106//2753 4105//2217 2779//2219
f 4109//2143 4110//2755 2782//2752 2783//2228
f 4111//2426 4112//2743 4114//2744 4113//2320
f 4113//2320 4114//2744 4116//2751 4115//2321
f 2782//2752 4112//2743 4111//2426 2783//2228
f 4115//2321 4116//2751 2780//2713 2781//2429
f 4117//2757 4118//2745 4120//2746 4119//2509
f 2732//2749 4118//2745 4117//2757 2733//2758
f 4150//2759 2909//2760 2733//2758 4117//2757
f 4121//2761 4122//2711 4124//2712 4123//2748
f 4154//2762 4221//2070 4223//2763 4153//2764
f 2780//2713 4122//2711 4121//2761 2781//2429
f 4133//2765 4123//2748 2929//2747 2932//2766
f 2810//2252 2811//2646 4132//2756 4125//2253
f 3030//2767 4146//2768 4144//2530 3031//2533
f 2931//2769 2932//2766 4127//2714 4128//2717
f 4133//2765 4135//2770 4121//2761 4123//2748
f 4128//2717 4131//2716 2812//2649 2813//2497
f 4128//2717 2813//2497 2414//2349 2931//2769
f 2951//2771 4262//2621 4137//2108 2938//2071
f 4127//2714 2932//2766 2929//2747 4129//2715
f 2929//2747 2930//2665 4130//2666 4129//2715
f 4129//2715 4130//2666 4132//2756 4131//2716
f 4131//2716 4132//2756 2811//2646 2812//2649
f 4138//2107 3035//2106 3034//2063 4139//2063
f 4139//2063 4236//2052 2949//2052 2939//2063
f 4135//2770 2785//2428 2781//2429 4121//2761
f 2932//2766 2931//2769 4134//2772 4133//2765
f 2876//2341 4134//2772 2931//2769 2414//2349
f 4133//2765 4134//2772 4136//2773 4135//2770
f 4134//2772 2876//2341 2875//2340 4136//2773
f 4136//2773 2875//2340 2400//2338 2784//2427
f 4135//2770 4136//2773 2784//2427 2785//2428
f 4256//2063 2731//2063 2732//2749 4224//2774
f 4263//2173 4260//2775 3037//2274 3040//2170
f 4138//2107 2937//2068 2938//2071 4137//2108
f 4146//2768 3030//2767 2443//2722 2936//2776
f 4145//2531 2943//2140 2941//2125 4143//2124
f 3708//2777 2616//2066 3737//2065 5028//2778
f 4139//2063 2939//2063 2937//2068 4138//2107
f 2438//2050 4246//2325 4237//2724 2653//2369
f 4152//2779 2950//2780 2951//2771 4154//2762
f 4185//2781 2963//2782 2962//2668 4184//2642
f 4140//2730 2901//2334 2399//2129 3021//2127
f 4142//2149 3018//2122 2434//2126 2390//2150
f 4239//2783 4238//2784 4249//2139 4250//2785
f 2776//2786 4259//2787 4258//2231 2777//2230
f 2762//2523 2993//2525 4239//2783 4250//2785
f 3032//2532 4145//2531 4143//2124 3033//2079
f 2942//2788 2943//2140 4145//2531 4144//2530
f 4146//2768 2944//2062 2942//2788 4144//2530
f 4149//2508 4150//2759 4117//2757 4119//2509
f 2938//2071 4221//2070 4154//2762 2951//2771
f 2936//2776 2425//1924 2944//2062 4146//2768
f 2891//2313 2890//2729 4203//2789 4202//2544
f 4148//2790 2908//2791 2909//2760 4150//2759
f 4147//2792 4148//2790 4150//2759 4149//2508
f 2441//2793 2908//2791 4148//2790 2754//2794
f 2401//2225 2755//2795 4147//2792 2766//2226
f 2755//2795 2754//2794 4148//2790 4147//2792
f 2993//2525 4175//2524 4177//2796 2994//2797
f 2766//2226 4147//2792 4149//2508 2765//2218
f 4151//2798 4152//2779 4154//2762 4153//2764
f 2423//1920 2950//2780 4152//2779 3024//1921
f 4229//2799 3098//2326 2434//2126 2978//2800
f 2441//2793 3025//2742 4151//2798 2908//2791
f 3025//2742 3024//1921 4152//2779 4151//2798
f 4156//1922 4141//1926 2940//1925 2952//1919
f 2909//2760 4153//2764 4223//2763 2733//2758
f 4252//2801 4251//2802 3030//2767 3031//2533
f 2908//2791 4151//2798 4153//2764 2909//2760
f 4141//1926 4156//1922 4155//2741 4140//2730
f 2946//2256 4217//2803 4219//2073 2947//2257
f 2898//2679 2903//2681 4094//2739 4050//2683
f 2955//2335 4155//2741 3025//2742 2441//2793
f 3016//2053 4236//2052 4139//2063 3034//2063
f 4157//2527 4158//2526 4161//2804 4160//2805
f 4158//2526 4159//2529 4162//2806 4161//2804
f 4160//2805 4161//2804 4164//2807 4163//2808
f 4161//2804 4162//2806 4165//2809 4164//2807
f 4159//2529 2873//2536 2872//2810 4162//2806
f 4162//2806 2872//2810 2871//2811 4165//2809
f 4165//2809 2871//2811 2426//2686 2971//2710
f 4164//2807 4165//2809 2971//2710 2972//2709
f 4163//2808 4164//2807 2972//2709 2973//2708
f 2880//2812 4163//2808 2973//2708 2427//2701
f 2881//2813 4160//2805 4163//2808 2880//2812
f 2882//2528 4157//2527 4160//2805 2881//2813
f 4166//2667 4167//2656 4170//2814 4169//2815
f 4167//2656 4168//2655 4171//2816 4170//2814
f 4169//2815 4170//2814 4173//2817 4172//2818
f 4170//2814 4171//2816 4174//2819 4173//2817
f 4168//2655 2962//2668 2963//2782 4171//2816
f 4171//2816 2963//2782 2964//2820 4174//2819
f 4174//2819 2964//2820 2432//2420 2974//2707
f 4173//2817 4174//2819 2974//2707 2975//2705
f 4172//2818 4173//2817 2975//2705 2976//2704
f 2961//2821 4172//2818 2976//2704 2431//2684
f 2960//2822 4169//2815 4172//2818 2961//2821
f 2959//2548 4166//2667 4169//2815 2960//2822
f 2994//2797 4177//2796 4179//2823 2995//2824
f 4175//2524 4176//2534 4178//2825 4177//2796
f 4177//2796 4178//2825 4180//2826 4179//2823
f 2995//2824 4179//2823 2992//2700 2439//2703
f 4176//2534 2882//2528 2881//2813 4178//2825
f 4178//2825 2881//2813 2880//2812 4180//2826
f 4180//2826 2880//2812 2427//2701 2991//2699
f 4179//2823 4180//2826 2991//2699 2992//2700
f 4181//2641 4182//2827 4185//2781 4184//2642
f 4182//2827 4183//2828 4186//2829 4185//2781
f 4186//2829 2964//2820 2963//2782 4185//2781
f 2980//2421 2432//2420 2964//2820 4186//2829
f 2965//2626 2966//2830 4182//2827 4181//2641
f 2966//2830 2967//2831 4183//2828 4182//2827
f 2967//2831 2433//2697 2979//2698 4183//2828
f 4183//2828 2979//2698 2980//2421 4186//2829
f 4184//2642 2962//2668 2866//2637 4028//2636
f 4187//2619 4188//2832 4191//2833 4190//2611
f 4188//2832 4189//2834 4192//2835 4191//2833
f 4190//2611 4191//2833 4194//2836 4193//2612
f 4191//2833 4192//2835 4195//2837 4194//2836
f 2897//2602 2896//2838 4188//2832 4187//2619
f 2896//2838 2895//2839 4189//2834 4188//2832
f 2895//2839 2430//2693 2981//2694 4189//2834
f 4189//2834 2981//2694 2982//2695 4192//2835
f 4192//2835 2982//2695 2983//2696 4195//2837
f 4195//2837 2983//2696 2433//2697 2967//2831
f 4194//2836 4195//2837 2967//2831 2966//2830
f 4193//2612 4194//2836 2966//2830 2965//2626
f 2893//2732 2892//2840 4198//2841 4197//2733
f 2429//2689 2984//2691 4198//2841 2892//2840
f 4196//2594 4197//2733 4200//2842 4199//2595
f 4197//2733 4198//2841 4201//2843 4200//2842
f 3098//2326 4229//2799 4321//2162 2456//2327
f 4198//2841 2984//2691 2985//2692 4201//2843
f 4201//2843 2985//2692 2430//2693 2895//2839
f 4200//2842 4201//2843 2895//2839 2896//2838
f 4199//2595 4200//2842 2896//2838 2897//2602
f 2890//2729 2889//2731 4204//2844 4203//2789
f 2428//2690 2986//2687 4204//2844 2889//2731
f 4202//2544 4203//2789 4206//2845 4205//2545
f 4203//2789 4204//2844 4207//2846 4206//2845
f 4204//2844 2986//2687 2987//2688 4207//2846
f 4207//2846 2987//2688 2429//2689 2892//2840
f 4206//2845 4207//2846 2892//2840 2893//2732
f 4205//2545 4206//2845 2893//2732 2894//2582
f 4208//2539 4209//2538 4212//2847 4211//2848
f 4209//2538 4210//2542 4213//2849 4212//2847
f 4211//2848 4212//2847 4215//2850 4214//2851
f 4212//2847 4213//2849 4216//2852 4215//2850
f 4210//2542 2959//2548 2960//2822 4213//2849
f 4213//2849 2960//2822 2961//2821 4216//2852
f 4216//2852 2961//2821 2431//2684 2988//2682
f 4215//2850 4216//2852 2988//2682 2989//2623
f 4214//2851 4215//2850 2989//2623 2990//2622
f 2871//2811 4214//2851 2990//2622 2426//2686
f 2872//2810 4211//2848 4214//2851 2871//2811
f 2873//2536 4208//2539 4211//2848 2872//2810
f 3187//2853 4217//2803 2946//2256 2475//2854
f 4217//2803 4218//2855 4220//2072 4219//2073
f 2947//2257 4219//2073 3838//2059 2948//2085
f 3187//2853 3186//2856 4218//2855 4217//2803
f 3186//2856 2476//2416 3004//2361 4218//2855
f 4218//2855 3004//2361 3005//2364 4220//2072
f 4226//2857 2752//2016 2753//2015 4228//2858
f 4221//2070 4222//2069 4224//2774 4223//2763
f 4223//2763 4224//2774 2732//2749 2733//2758
f 4255//2063 4256//2063 4224//2774 4222//2069
f 2942//2788 4269//2132 4271//2138 2943//2140
f 4257//2063 4259//2787 2776//2786 2925//2076
f 4271//2138 4272//2859 4250//2785 4249//2139
f 4225//2860 4226//2857 4228//2858 4227//2861
f 2649//1826 2389//1827 2752//2016 4226//2857
f 2482//1804 3185//1807 4227//2861 3168//2191
f 2467//1820 2648//1821 4225//2860 3184//2862
f 2648//1821 2649//1826 4226//2857 4225//2860
f 2819//2863 4252//2801 4253//2235 2818//2234
f 3184//2862 4225//2860 4227//2861 3185//1807
f 2968//2117 4238//2784 4240//2864 2969//2118
f 2978//2800 2977//2865 4230//2866 4229//2799
f 2439//2703 3099//2702 4230//2866 2977//2865
f 4230//2866 3100//2160 4321//2162 4229//2799
f 3099//2702 3019//2266 3100//2160 4230//2866
f 2673//1888 4304//2867 4305//2868 2672//1886
f 2662//1881 3843//2088 3844//2032 2663//1882
f 4231//2869 4232//2870 4234//2045 4233//2048
f 3126//2871 2461//2872 2753//2015 3824//2014
f 4342//2103 4343//2873 4326//2874 4325//2104
f 2713//2105 2714//2875 4232//2870 4231//2869
f 3001//2876 4273//2877 3009//2878 2436//2879
f 4341//2880 3093//2031 3096//1967 4317//1985
f 4312//2881 4318//1986 3097//1970 4244//2328
f 3125//2882 3123//2046 4234//2045 3812//2883
f 3001//2876 2436//2879 3101//1996 4235//2411
f 3150//2439 3157//2146 2475//2854 3201//2884
f 4248//2336 2754//2794 2755//2795 4247//2885
f 3659//2886 3513//2887 3512//2067 3254//2888
f 3131//2889 4383//2890 3161//2891 2601//2892
f 3681//2893 2601//2892 3161//2891 5020//2894
f 3161//2891 4383//2890 3178//2895 2620//2896
f 2935//1830 2934//2163 4392//2897 4391//2145
f 3012//2051 2948//2085 2949//2052 4236//2052
f 4085//2346 2913//2307 2874//2310 3906//2339
f 4256//2063 3839//2058 2997//2058 2731//2063
f 4254//2078 4266//2077 2885//2898 2822//2233
f 3574//2899 4962//2900 4961//2901 3575//2902
f 4609//2903 4815//2904 4818//2905 4610//2906
f 2969//2118 4240//2864 4242//2907 2970//2121
f 4238//2784 4239//2783 4241//2908 4240//2864
f 2970//2121 4242//2907 2978//2800 2434//2126
f 4240//2864 4241//2908 4243//2909 4242//2907
f 4239//2783 2993//2525 2994//2797 4241//2908
f 4241//2908 2994//2797 2995//2824 4243//2909
f 4243//2909 2995//2824 2439//2703 2977//2865
f 4242//2907 4243//2909 2977//2865 2978//2800
f 4238//2784 2968//2117 2941//2125 4249//2139
f 2740//2153 2555//2910 3041//2911 2724//2154
f 2916//2719 2879//2271 3890//2204 4078//2273
f 2878//2661 4264//2912 4247//2885 2915//2353
f 2684//2155 2724//2154 3041//2911 2440//2123
f 2552//2913 3510//2914 4494//2915 3584//2916
f 4252//2801 2819//2863 2814//2917 4251//2802
f 4265//2337 4248//2336 4247//2885 4264//2912
f 2915//2353 4247//2885 2755//2795 2401//2225
f 2955//2335 2441//2793 2754//2794 4248//2336
f 4260//2775 4263//2173 2952//1919 2940//1925
f 2816//2492 2815//2491 4265//2337 4264//2912
f 3042//1825 4278//2918 4279//2919 3043//1816
f 2762//2523 4250//2785 4272//2859 3023//2515
f 4254//2078 4253//2235 3032//2532 3033//2079
f 3031//2533 3032//2532 4253//2235 4252//2801
f 4251//2802 2814//2917 2541//2718 3027//2720
f 2443//2722 3030//2767 4251//2802 3027//2720
f 4285//2920 3077//2921 3078//2922 4284//2923
f 4245//2053 4257//2063 2925//2076 3029//2053
f 4815//2904 4609//2903 3342//2924 3559//2925
f 4259//2787 4257//2063 3034//2063 3035//2106
f 4609//2903 4610//2906 4608//2926 4606//2927
f 4610//2906 4818//2905 3453//2928 3395//2929
f 4259//2787 3035//2106 3036//2109 4258//2231
f 4620//2930 4621//2931 4617//2932 4615//2933
f 3854//2061 4269//2132 2942//2788 2944//2062
f 2936//2776 4260//2775 2940//1925 2425//1924
f 2950//2780 4261//2620 4262//2621 2951//2771
f 2442//2171 3038//2324 4261//2620 2933//2172
f 2933//2172 4261//2620 2950//2780 2423//1920
f 4262//2621 3039//2323 3036//2109 4137//2108
f 2678//1992 2680//2934 4273//2877 3001//2876
f 4274//2935 3008//2936 3009//2878 4273//2877
f 4274//2935 4275//2937 3064//2938 3056//2939
f 4263//2173 2933//2172 2423//1920 2952//1919
f 4264//2912 2878//2661 2413//2505 2816//2492
f 2399//2129 2901//2334 4265//2337 2815//2491
f 2798//2436 4361//2260 3144//2259 2407//2451
f 2562//2940 3280//2941 4960//2942 3660//2943
f 2566//2944 2595//2945 3679//2946 3670//2947
f 2885//2898 4266//2077 4267//2948 2884//2949
f 4266//2077 3013//2037 3014//2040 4267//2948
f 2884//2949 4267//2948 4268//2950 2883//2951
f 4267//2948 3014//2040 3015//2120 4268//2950
f 2883//2951 4268//2950 3041//2911 2555//2910
f 4268//2950 3015//2120 2440//2123 3041//2911
f 4310//2952 2717//1878 2387//1811 2718//2953
f 2748//2954 2749//2955 4310//2952 4311//2956
f 4270//2131 4272//2859 4271//2138 4269//2132
f 3022//2133 3023//2515 4272//2859 4270//2131
f 4605//2957 4606//2927 4608//2926 4607//2958
f 3056//2939 2450//2959 3008//2936 4274//2935
f 4275//2937 4274//2935 4273//2877 2680//2934
f 3064//2938 4318//1986 4312//2881 3056//2939
f 3104//1966 3102//2412 4324//2960 4322//2961
f 4281//2110 3060//2962 3061//2963 4283//1950
f 3078//2922 4276//2964 3230//2965 2453//2966
f 3078//2922 3077//2921 4277//2967 4276//2964
f 3077//2921 2449//2968 3229//2969 4277//2967
f 4276//2964 3218//2970 2491//2971 3230//2965
f 3229//2969 2490//2972 3217//2973 4277//2967
f 4278//2918 2651//2974 2652//2975 4279//2919
f 3183//2976 4278//2918 3042//1825 2477//1824
f 2652//2975 2383//2977 3070//2978 4279//2919
f 2468//2979 2651//2974 4278//2918 3183//2976
f 3043//1816 4279//2919 3070//2978 2444//1817
f 4303//2980 2655//2981 2656//2982 4302//2983
f 4283//1950 3061//2963 3065//1935 3813//1934
f 4280//2111 4281//2110 4283//1950 4282//1949
f 2445//1899 3060//2962 4281//2110 3045//1898
f 3073//2984 3074//2985 4314//2986 4313//2987
f 4280//2111 2707//2087 2384//1906 3044//1905
f 2707//2087 4280//2111 4282//1949 2708//1948
f 3216//2988 3215//2989 4285//2920 4284//2923
f 3216//2988 4284//2923 3219//2990 2452//2991
f 3214//2992 2449//2968 3077//2921 4285//2920
f 2447//2993 3214//2992 4285//2920 3215//2989
f 4309//2994 3089//2995 2489//2996 2718//2953
f 3219//2990 4284//2923 3078//2922 2453//2966
f 2448//1932 2698//2997 4287//2082 2690//1933
f 4287//2082 2698//2997 3063//2998 4289//2147
f 2437//2999 2462//3000 3124//3001 3106//3002
f 4289//2147 3063//2998 3064//2938 4275//2937
f 4329//3003 4231//2869 4233//2048 4330//3004
f 4288//2148 4289//2147 4275//2937 2680//2934
f 4301//3005 3071//3006 3072//3007 4303//2980
f 2677//1991 4288//2148 2680//2934 2678//1992
f 4290//2177 3088//3008 2454//2027 3049//2178
f 2689//2083 2392//1958 3082//2026 4308//3009
f 2654//2091 4306//3010 2667//1896 2382//1897
f 3082//2026 2454//2027 3088//3008 4308//3009
f 3061//2963 4315//3011 4291//2180 3065//1935
f 4315//3011 4316//3012 4290//2177 4291//2180
f 3066//1876 3067//1871 4295//1904 4293//2187
f 3074//2985 4292//2189 3086//3013 2451//2092
f 3645//3014 3648//3015 4945//3016 4942//3017
f 3074//2985 3073//2984 4293//2187 4292//2189
f 3073//2984 2445//1899 3066//1876 4293//2187
f 4292//2189 4294//2188 3087//3018 3086//3013
f 4295//1904 4297//1903 4296//2212 4294//2188
f 4294//2188 4296//2212 3084//3019 3087//3018
f 3068//1870 3069//1867 4299//2210 4297//1903
f 3085//3020 4298//2211 3076//3021 2488//3022
f 4296//2212 4298//2211 3085//3020 3084//3019
f 4299//2210 3069//1867 2487//1869 3075//3023
f 4298//2211 4299//2210 3075//3023 3076//3021
f 3654//3024 3657//3025 4461//3026 4473//3027
f 4328//3028 2458//3029 3125//2882
f 2398//3030 3105//3031 4338//3032 3136//3033
f 4300//3034 4301//3005 4303//2980 4302//2983
f 2652//2975 4302//2983 2656//2982 2383//2977
f 3072//3007 2446//1802 2655//2981 4303//2980
f 2478//3035 3071//3006 4301//3005 3181//3036
f 2468//2979 3182//3037 4300//3034 2651//2974
f 3182//3037 3181//3036 4301//3005 4300//3034
f 2651//2974 4300//3034 4302//2983 2652//2975
f 3084//3019 3085//3020 4305//2868 4304//2867
f 2666//1895 4307//3038 4304//2867 2673//1888
f 2672//1886 4305//2868 2660//3039 2386//1889
f 4305//2868 3085//3020 2488//3022 2660//3039
f 2667//1896 4306//3010 4307//3038 2666//1895
f 3611//3040 4440//3041 3630//3042 2631//3043
f 3086//3013 3087//3018 4307//3038 4306//3010
f 2451//2092 3086//3013 4306//3010 2654//2091
f 4456//3044 3293//3045 3292//3046 4455//3047
f 4508//3048 4513//3049 2750//1851 2743//1850
f 2689//2083 4308//3009 3846//2042 2710//2034
f 4308//3009 3088//3008 3092//2090 3846//2042
f 4474//3050 3615//3051 3614//3052 4475//3053
f 4309//2994 2695//1810 2386//1889 2660//3039
f 2660//3039 2488//3022 3089//2995 4309//2994
f 4309//2994 2718//2953 2387//1811 2695//1810
f 2589//3054 2594//3055 3132//3056 3109//3057
f 3102//2412 2457//1995 3010//3058 4324//2960
f 4310//2952 2718//2953 2489//2996 3244//3059
f 3245//3060 4311//2956 4310//2952 3244//3059
f 4311//2956 3090//3061 2583//3062 2748//2954
f 2497//3063 3090//3061 4311//2956 3245//3060
f 4235//2411 3822//1965 2678//1992 3001//2876
f 4310//2952 2749//2955 2518//1879 2717//1878
f 3056//2939 4312//2881 3055//2880 2450//2959
f 4244//2328 3017//2440 3055//2880 4312//2881
f 4324//2960 3010//3058 3011//2011 4323//3064
f 4313//2987 3060//2962 2445//1899 3073//2984
f 3074//2985 2451//2092 3091//2089 4314//2986
f 4314//2986 3091//2089 3092//2090 4316//3012
f 4313//2987 4314//2986 4316//3012 4315//3011
f 3303//1971 4482//1972 3318//3065 2512//3066
f 4316//3012 3092//2090 3088//3008 4290//2177
f 3060//2962 4313//2987 4315//3011 3061//2963
f 3300//3067 3624//3068 4955//3069 4980//3070
f 4319//3071 4382//2255 4381//2254 4320//3072
f 3063//2998 4317//1985 4318//1986 3064//2938
f 3072//3007 4320//3072 3046//2116 2446//1802
f 3046//2116 4320//3072 4381//2254 3081//2084
f 3201//2884 4382//2255 4319//3071 3180//3073
f 2478//3035 3180//3073 4319//3071 3071//3006
f 2461//2872 3167//2192 4228//2858 2753//2015
f 3071//3006 4319//3071 4320//3072 3072//3007
f 3658//3074 2586//1930 3660//2943 4960//2942
f 3708//2777 5043//3075 2609//3076 2616//2066
f 4382//2255 3201//2884 2475//2854 2946//2256
f 5069//3077 2593//3078 3701//3079
f 3631//3080 2572//3081 3620//2157 4970//2156
f 4897//3082 3600//3083 2571//3084 3502//3085
f 4333//2094 3059//2021 2444//1817 3070//2978
f 2437//2999 3109//3057 3132//3056 2462//3000
f 4323//3064 4327//3086 4322//2961 4324//2960
f 2714//2875 4327//3086 4323//3064 3000//1915
f 4061//2438 2954//2275 2907//2277 3953//2356
f 3000//1915 4323//3064 3011//2011 2435//1916
f 4325//2104 4326//2874 4322//2961 4327//3086
f 4328//3028 3125//2882 2460//3087 3105//3031
f 4344//1987 3122//1937 2677//1991 3821//1964
f 2661//2102 2713//2105 4231//2869 4329//3003
f 4343//2873 3121//1988 3103//1963 4326//2874
f 4326//2874 3103//1963 3104//1966 4322//2961
f 2381//1836 3121//1988 4343//2873 2657//1837
f 2713//2105 4325//2104 4327//3086 2714//2875
f 4388//1997 3183//2976 2477//1824 3159//1998
f 3117//3088 4328//3028 3105//3031 2398//3030
f 4328//3028 3117//3088 2483//3089 3203//3090
f 4328//3028 3203//3090 2458//3029
f 3006//2185 4329//3003 4330//3004 3007//2186
f 2460//3087 3125//2882 3812//2883 3002//3091
f 2380//1843 2661//2102 4329//3003 3006//2185
f 2655//2981 4331//1923 4333//2094 2656//2982
f 4331//1923 4332//2093 4333//2094
f 2656//2982 4333//2094 3070//2978 2383//2977
f 2655//2981 2446//1802 4331//1923
f 4332//2093 3058//1943 3059//2021
f 4330//3004 4233//2048 3133//2047 3124//3001
f 2464//3092 3141//3093 4352//3094 3119//3095
f 3136//3033 4338//3032 3141//3093 2464//3092
f 3869//2183 3132//3056 2594//3055 2998//2184
f 3139//3096 4345//2190 4346//2193 3140//3097
f 4228//2858 3167//2192 3168//2191 4227//2861
f 2462//3000 3132//3056 3869//2183 3007//2186
f 3141//3093 4338//3032 3137//3098 2465//3099
f 2460//3087 3137//3098 4338//3032 3105//3031
f 3095//2025 4339//2880 4340//2880 3094//2022
f 4340//2880 3049//2178 2454//2027 3094//2022
f 2448//1932 3050//2179 4339//2880 3120//2880
f 3050//2179 3049//2178 4340//2880 4339//2880
f 2455//2029 3120//2880 4339//2880 3095//2025
f 4341//2880 2698//2997 2448//1932 3120//2880
f 2455//2029 3093//2031 4341//2880 3120//2880
f 2657//1837 4343//2873 4342//2103 2658//1842
f 4342//2103 2661//2102 2380//1843 2658//1842
f 2459//1803 3126//2871 3824//2014 3823//1942
f 2391//1913 3122//1937 4344//1987 2687//1975
f 2687//1975 4344//1987 3121//1988 2381//1836
f 3124//3001 2462//3000 3007//2186 4330//3004
f 4350//3100 3139//3096 3140//3097 4351//3101
f 3179//3102 4345//2190 3139//3096 2479//3103
f 2482//1804 3168//2191 4345//2190 3179//3102
f 3140//3097 4346//2193 2466//3104
f 2461//2872 2466//3104 4346//2193 3167//2192
f 4454//3105 3566//3106 3567//3107 4453//3108
f 4348//3109 5019//3109 3129//2004 4347//2003
f 4347//2003 3138//2006 2466//3104
f 2459//1803 4347//2003 2466//3104 2461//2872
f 3127//3110 4350//3100 4351//3101 3128//3111
f 5019//3109 3325//3109 4986//3112 3129//2004
f 2934//2163 2421//2165 3158//3113 4392//2897
f 3157//2146 4391//2145 3187//2853 2475//2854
f 3137//3098 4384//3114 3162//3115 2465//3099
f 3178//2895 4350//3100 3127//3110 2620//2896
f 2479//3103 3139//3096 4350//3100 3178//2895
f 3119//3095 4352//3094 3130//3116 2590//3117
f 3128//3111 4351//3101 3138//2006 2597//2005
f 3140//3097 2466//3104 3138//2006 4351//3101
f 3146//2245 3156//2488 4355//2487
f 3130//3116 4352//3094 3131//2889 2601//2892
f 3141//3093 2465//3099 3131//2889 4352//3094
f 2460//3087 3147//1805 4384//3114 3137//3098
f 2450//2959 3055//2880 4385//2880 3160//3118
f 4383//2890 3162//3115 2479//3103 3178//2895
f 3162//3115 4384//3114 3179//3102 2479//3103
f 4384//3114 3147//1805 2482//1804 3179//3102
f 3616//3070 5022//3070 5043//3075 2565//3119
f 4430//3120 4971//2158 2593//3078
f 3009//2878 3008//2936 4387//3121 4386//3122
f 3681//2893 5020//2894 3712//3123 2606//3124
f 2450//2959 3160//3118 4387//3121 3008//2936
f 3003//1917 4389//3125 4390//1806 3002//3091
f 2436//2879 3009//2878 4386//3122 3149//3126
f 2436//2879 3149//3126 4388//1997 3101//1996
f 2435//1916 3148//2013 4389//3125 3003//1917
f 3002//3091 4390//1806 3147//1805 2460//3087
f 4354//2486 4355//2487 3177//2490 3176//3127
f 4576//3128 4579//3129 2537//3130 4578//3131
f 2721//2357 2403//2315 3143//3132 4394//3133
f 3149//3126 4386//3122 3182//3037 2468//2979
f 2722//2358 2721//2357 4394//3133 4393//3134
f 2722//2358 4393//3134 3158//3113 2421//2165
f 3155//2485 4354//2486 3176//3127 2473//3135
f 4356//2483 4357//2482 3175//3136 3174//3137
f 3154//2481 4356//2483 3174//3137 2472//3138
f 4357//2482 3155//2485 2473//3135 3175//3136
f 4358//2475 4359//2474 3172//3139 3171//3140
f 4359//2474 4360//2476 3173//3141 3172//3139
f 3153//2472 4358//2475 3171//3140 2471//3142
f 4360//2476 3154//2481 2472//3138 3173//3141
f 3165//2410 3166//2409 4364//3143 4363//3144
f 4361//2260 4362//2473 3170//3145 3169//2261
f 4362//2473 3153//2472 2471//3142 3170//3145
f 2411//2251 4377//3146 4379//3147
f 2807//2478 2407//2451 3144//2259 4397//2479
f 2809//2677 2808//2477 4396//2480 4395//3148
f 2771//2737 2770//2740 4400//3149 4399//3150
f 2402//2735 2809//2677 4395//3148 3152//3151
f 2772//2738 2771//2737 4399//3150 4398//3152
f 2770//2740 2402//2735 3152//3151 4400//3149
f 2760//2207 2759//2304 4403//3153 4402//3154
f 2405//2305 2772//2738 4398//3152 3151//3155
f 2761//2208 2760//2207 4402//3154 4401//3156
f 2759//2304 2405//2305 3151//3155 4403//3153
f 3010//3058 2457//1995 3159//1998 4405//3157
f 2403//2315 2761//2208 4401//3156 3143//3132
f 3010//3058 4405//3157 4404//2012 3011//2011
f 4405//3157 3199//1812 3200//1815 4404//2012
f 3373//3158 3374//3159 4999//3160 5000//3161
f 3715//3162 5001//3163 5003//3164 3716//3165
f 4524//3166 3697//3167 3707//3168
f 2411//2251 4363//3144 4365//3169
f 2481//2258 3169//2261 4364//3143 3166//2409
f 4363//3144 4364//3143 4366//3170 4365//3169
f 2411//2251 4365//3169 2800//3171
f 3165//2410 4363//3144 2411//2251
f 4364//3143 3169//2261 3170//3145 4366//3170
f 4366//3170 3170//3145 2471//3142 2799//3172
f 4365//3169 4366//3170 2799//3172 2800//3171
f 2411//2251 4367//3173 4369//3174
f 2411//2251 4369//3174 4371//3175
f 4367//3173 4368//3176 4370//3177 4369//3174
f 2800//3171 4367//3173 2411//2251
f 4369//3174 4370//3177 4372//3178 4371//3175
f 2411//2251 4371//3175 2802//3179
f 2800//3171 2799//3172 4368//3176 4367//3173
f 2799//3172 2471//3142 3171//3140 4368//3176
f 4368//3176 3171//3140 3172//3139 4370//3177
f 4370//3177 3172//3139 3173//3141 4372//3178
f 4372//3178 3173//3141 2472//3138 2801//3180
f 4371//3175 4372//3178 2801//3180 2802//3179
f 2411//2251 4373//3181 4375//3182
f 2802//3179 4373//3181 2411//2251
f 4373//3181 4374//3183 4376//3184 4375//3182
f 4376//3184 2803//3185 2804//3186 4375//3182
f 3175//3136 2473//3135 2803//3185 4376//3184
f 2411//2251 4375//3182 2804//3186
f 2802//3179 2801//3180 4374//3183 4373//3181
f 2801//3180 2472//3138 3174//3137 4374//3183
f 4374//3183 3174//3137 3175//3136 4376//3184
f 4377//3146 4378//3187 4380//3188 4379//3147
f 2804//3186 4377//3146 2411//2251
f 3177//2490 2474//2489 2805//2241 4380//3188
f 2804//3186 2803//3185 4378//3187 4377//3146
f 2803//3185 2473//3135 3176//3127 4378//3187
f 4378//3187 3176//3127 3177//2490 4380//3188
f 2411//2251 4379//3147 2806//2240
f 4380//3188 2805//2241 2806//2240 4379//3147
f 3262//3189 3263//3190 4484//3191 4483//3192
f 4381//2254 2947//2257 2948//2085 3081//2084
f 3750//3193 4431//3194 4433//3195 3749//3196
f 4966//3197 3666//3198 2598//3199 2600//2018
f 4984//3200 3729//3201 2621//3202 3690//3203
f 3160//3118 4385//2880 3180//3073 2478//3035
f 3150//2439 3201//2884 3180//3073 4385//2880
f 4386//3122 4387//3121 3181//3036 3182//3037
f 3214//2992 4416//3204 3222//3205 2449//2968
f 3160//3118 2478//3035 3181//3036 4387//3121
f 3515//3206 4478//2058 4480//3207 3514//3208
f 3149//3126 2468//2979 3183//2976 4388//1997
f 4389//3125 3184//2862 3185//1807 4390//1806
f 4395//3148 4396//2480 3191//2407 3192//2406
f 3148//2013 2467//1820 3184//2862 4389//3125
f 4392//2897 3186//2856 3187//2853 4391//2145
f 3629//3209 3630//3042 4440//3041 4439//3210
f 4392//2897 3158//3113 2476//2416 3186//2856
f 4393//3134 4394//3133 3188//2417 3189//2415
f 4394//3133 3143//3132 2480//2290 3188//2417
f 4397//2479 3190//2408 3191//2407 4396//2480
f 4393//3134 3189//2415 2476//2416 3158//3113
f 4524//3166 3381//2095 4521//2097
f 4397//2479 3144//2259 2481//2258 3190//2408
f 3152//3151 4395//3148 3192//2406 2470//2398
f 4398//3152 4399//3150 3194//2396 3195//2395
f 4400//3149 3193//2397 3194//2396 4399//3150
f 4400//3149 3152//3151 2470//2398 3193//2397
f 3151//3155 4398//3152 3195//2395 2469//2295
f 4401//3156 4402//3154 3197//2293 3198//2291
f 4403//3153 3196//2294 3197//2293 4402//3154
f 4403//3153 3151//3155 2469//2295 3196//2294
f 3143//3132 4401//3156 3198//2291 2480//2290
f 4432//3211 4434//3212 4433//3195 4431//3194
f 4405//3157 3159//1998 2477//1824 3199//1812
f 3148//2013 4404//2012 3200//1815 2467//1820
f 4960//2942 3280//2941 3279//3213 4461//3026
f 3222//3205 4416//3204 3062//2043 2486//2044
f 3316//3214 4873//3215 4453//3108 3564//3216
f 4922//3217 4924//3218 4926//3219 4923//3220
f 3213//3221 4415//3222 3221//3223 2632//3224
f 4473//3027 3644//3225 2585//3226 3654//3024
f 2449//2968 3222//3205 4415//3222 3213//3221
f 3222//3205 2486//2044 3057//2202 4415//3222
f 4415//3222 3057//2202 2578//2203 3221//3223
f 2453//2966 3226//3227 4419//3228 3219//2990
f 2447//2993 3223//3229 4416//3204 3214//2992
f 3223//3229 2487//1869 3062//2043 4416//3204
f 3215//2989 3216//2988 4418//3230 4417//3231
f 4417//3231 3223//3229 2447//2993 3215//2989
f 4418//3230 3076//3021 3075//3023 4417//3231
f 3216//2988 2452//2991 3224//3232 4418//3230
f 3223//3229 4417//3231 3075//3023 2487//1869
f 3224//3232 2488//3022 3076//3021 4418//3230
f 3226//3227 2489//2996 3089//2995 4419//3228
f 2583//3062 3090//3061 4420//3233 3225//3234
f 3268//3235 3269//3236 4446//3237 4445//3238
f 3225//3234 4420//3233 3220//3239 2635//3240
f 2449//2968 3213//3221 4421//3241 3229//2969
f 3213//3221 2632//3224 3231//3242 4421//3241
f 2452//2991 3219//2990 4419//3228 3224//3232
f 4419//3228 3089//2995 2488//3022 3224//3232
f 3226//3227 4428//3243 3244//3059 2489//2996
f 4465//3244 4467//3245 4466//3246 4464//3247
f 2494//3248 3220//3239 4420//3233 3247//3249
f 4420//3233 3090//3061 2497//3063 3247//3249
f 3229//2969 4421//3241 3227//3250 2490//2972
f 3227//3250 4421//3241 3231//3242 2638//3251
f 3220//3239 4422//3252 3232//3253 2635//3240
f 2494//3248 3246//3254 4422//3252 3220//3239
f 3232//3253 4422//3252 3228//3255 2639//3256
f 4422//3252 3246//3254 2496//3257 3228//3255
f 4427//3258 3242//3259 3243//3260 4426//3261
f 4436//3262 3258//3263 3257//3264 4435//3265
f 2453//2966 3230//2965 4427//3258 3238//3266
f 3651//3267 2583//3062 3225//3234 5057//3268
f 3774//3269 2636//3270 3772//3271 5058//3272
f 2494//3248 3239//3273 4426//3261 3246//3254
f 3239//3273 3238//3266 4427//3258 4426//3261
f 2491//2971 3242//3259 4427//3258 3230//2965
f 3246//3254 4426//3261 3243//3260 2496//3257
f 4428//3243 3226//3227 2453//2966 3238//3266
f 4912//3274 3765//3275 3764//3276 4913//3277
f 3238//3266 3239//3273 4429//3278 4428//3243
f 2494//3248 3247//3249 4429//3278 3239//3273
f 4429//3278 3245//3060 3244//3059 4428//3243
f 3247//3249 2497//3063 3245//3060 4429//3278
f 3221//3223 5052//3279 3760//3280 2632//3224
f 5069//3077 2574//3281 4430//3120
f 3501//3282 5028//2778 5029//3283 3500//3284
f 5069//3077 4430//3120 2593//3078
f 2513//3285 3287//3286 4477//3287 3259//3288
f 3716//3165 5003//3164 3719//3289 2623//3290
f 3671//3291 4434//3212 4432//3211 3672//3292
f 3249//3293 2507//3294 3672//3292 4432//3211
f 2607//3295 3248//3296 4431//3194 3750//3193
f 3248//3296 3249//3293 4432//3211 4431//3194
f 4434//3212 3671//3291 2572//3081 3606//3297
f 3511//1931 2551//3298 3501//3282 4503//1928
f 4433//3195 4434//3212 3606//3297 3605//3299
f 3749//3196 4433//3195 3605//3299 2618//2113
f 2737//1834 2738//1838 4436//3262 4435//3265
f 3322//3300 4436//3262 2738//1838 2522//1841
f 2498//3301 3258//3263 4436//3262 3322//3300
f 2744//1847 2745//1846 4438//1846 4437//1847
f 4435//3265 3321//3302 2520//1835 2737//1834
f 3321//3302 4435//3265 3257//3264 2499//3303
f 4438//1846 3308//3304 3307//3305 4437//1847
f 4443//3306 4438//1846 2745//1846 2746//1855
f 2746//1855 2747//1858 4444//3307 4443//3306
f 4437//1847 3317//1849 2516//1849 2744//1847
f 3317//1849 4437//1847 3307//3305 2506//3308
f 3308//3304 3268//3235 4445//3238 4448//3309
f 4444//3307 3269//3236 3268//3235 4443//3306
f 4439//3210 4440//3041 4442//3310 4441//3311
f 3627//3312 3628//3313 4450//3314 4449//3315
f 4441//3311 4442//3310 3270//3316 3271//3317
f 4932//3318 4935//3319 3629//3209 3628//3313
f 4440//3041 3611//3040 3610//3320 4442//3310
f 4442//3310 3610//3320 2503//3321 3270//3316
f 3319//3322 4444//3307 2747//1858 2518//1879
f 4450//3314 4439//3210 4441//3311 4452//3323
f 4439//3210 4450//3314 3628//3313 3629//3209
f 2505//3324 3269//3236 4444//3307 3319//3322
f 2728//1884 2729//1885 4460//3325 4459//3326
f 3297//3327 4446//3237 3269//3236 2505//3324
f 4460//3325 3263//3190 3262//3189 4459//3326
f 2504//3328 3272//3329 4446//3237 3297//3327
f 4438//1846 4443//3306 3268//3235 3308//3304
f 4446//3237 3272//3329 3273//3330 4445//3238
f 3307//3305 3308//3304 4448//3309 4447//3331
f 4447//3331 3298//3332 2506//3308 3307//3305
f 4448//3309 3266//3333 3267//3334 4447//3331
f 3298//3332 4447//3331 3267//3334 2500//3335
f 4449//3315 4450//3314 4452//3323 4451//3336
f 3574//2899 5042//3337 3710//2112 2587//3338
f 4451//3336 4452//3323 3264//3339 3265//3340
f 4449//3315 3608//3341 2573//3342 3627//3312
f 4476//3343 3286//3344 3305//3345 4498//3346
f 3607//3347 4451//3336 3265//3340 2502//3348
f 3608//3341 4449//3315 4451//3336 3607//3347
f 4969//3349 4430//3120 2574//3281
f 3564//3216 4453//3108 3567//3107 2563//3350
f 3512//2067 3513//2887 4858//3351 4857//2064
f 4782//3352 3506//3353 2552//2913 3584//2916
f 3289//3354 2508//3355 3293//3045 4456//3044
f 3626//3356 4455//3047 3292//3046 2576//3357
f 4918//3358 3621//3359 2573//3342 3608//3341
f 4917//3360 4456//3044 4455//3047 4919//3361
f 3310//3362 3289//3354 4456//3044 4917//3360
f 2512//3066 3318//3065 4487//3363 3294//3364
f 2596//3365 3680//3366 4466//3246 3333//3367
f 4482//1972 3303//1971 2521//1971 2725//1972
f 3295//3368 3296//3369 4458//3370 4457//3371
f 3299//3372 4458//3370 3296//3369 2510//3373
f 4458//3370 3283//3374 3282//3375 4457//3371
f 2511//3376 3283//3374 4458//3370 3299//3372
f 3657//3025 3658//3074 4960//2942 4461//3026
f 4457//3371 3294//3364 2509//3377 3295//3368
f 3294//3364 4457//3371 3282//3375 2512//3066
f 4471//3378 3275//3379 3274//3380 4470//3381
f 4505//3382 4496//2036 3276//3383 3284//3384
f 2515//1973 2728//1884 4459//3326 3314//3385
f 4459//3326 3262//3189 2514//3386 3314//3385
f 3302//3387 4506//3388 3321//3302 2499//3303
f 4928//3389 3613//3390 3612//3391 4927//3392
f 2499//3303 3288//3393 4472//3394 3302//3387
f 4463//2056 3278//3395 3277//3396 4462//2057
f 3279//3213 3301//3397 4473//3027 4461//3026
f 2443//2722 3037//2274 4260//2775 2936//2776
f 4967//3398 4968//2002 4872//2001 4871//3399
f 2499//3303 3677//3400 4983//3401 3288//3393
f 4464//3247 2593//3078 3619//3402
f 3671//3291 3672//3292 4467//3245 4465//3244
f 3683//2000 2599//2019 3331//3403 4872//2001
f 3619//3402 3620//2157 4465//3244 4464//3247
f 3620//2157 2572//3081 3671//3291 4465//3244
f 4467//3245 3672//3292 2507//3294 3332//3404
f 4466//3246 4467//3245 3332//3404 3333//3367
f 4475//3053 3614//3052 2513//3285 3259//3288
f 3655//3405 3656//3406 4469//3407 4468//3408
f 3644//3225 4469//3407 3656//3406 2585//3226
f 4469//3407 3296//3369 3295//3368 4468//3408
f 2510//3373 3296//3369 4469//3407 3644//3225
f 4468//3408 3643//3409 2584//3410 3655//3405
f 3643//3409 4468//3408 3295//3368 2509//3377
f 3577//3411 3578//3412 4492//3413 4491//3414
f 3311//3415 3312//3416 4471//3378 4470//3381
f 4470//3381 3298//3332 2500//3335 3311//3415
f 4470//3381 3274//3380 2506//3308 3298//3332
f 4506//3388 2741//2099 2520//1835 3321//3302
f 4471//3378 4487//3363 3318//3065 3275//3379
f 3289//3354 4472//3394 3288//3393 2508//3355
f 2514//3386 3262//3189 4483//3192 3250//3417
f 4489//2080 2726//2080 2516//1849 3317//1849
f 3644//3225 4473//3027 3301//3397 2510//3373
f 4501//3418 4488//3419 3301//3397 3279//3213
f 4985//3420 3717//3421 3718//3422 4984//3200
f 4486//3423 3312//3416 3311//3415 4485//3424
f 3611//3040 4474//3050 4475//3053 3610//3320
f 3615//3051 4474//3050 3623//3425 2630//3426
f 3610//3320 4475//3053 3259//3288 2503//3321
f 2631//3043 3623//3425 4474//3050 3611//3040
f 4477//3287 3287//3286 3286//3344 4476//3343
f 3259//3288 4477//3287 3270//3316 2503//3321
f 3270//3316 4477//3287 4476//3343 3271//3317
f 4142//2149 2684//2155 2440//2123 3018//2122
f 3266//3333 4448//3309 4445//3238 3273//3330
f 4987//3427 3580//3428 3576//3429 4941//3430
f 3313//3431 4514//3432 3287//3286 2513//3285
f 3250//3417 4497//3433 3304//3434 2514//3386
f 4476//3343 4498//3346 3264//3339 3271//3317
f 4479//2058 4481//3435 4480//3207 4478//2058
f 3562//3435 4481//3435 4479//2058 3563//2058
f 4892//2076 4893//2063 4479//2058 4478//2058
f 4893//2063 3328//2063 3563//2058 4479//2058
f 3508//3436 3509//3437 4907//3438 4906//3439
f 4858//3351 4480//3207 4481//3435 4860//3440
f 4552//2058 4554//3441 4553//3442 4551//2058
f 4490//2081 2727//2081 2726//2080 4489//2080
f 2506//3308 3274//3380 4489//2080 3317//1849
f 3514//3208 3642//3443 4941//3430 3576//3429
f 2562//2940 3582//3444 4502//3445 3280//2941
f 3263//3190 3302//3387 4472//3394 4484//3191
f 4484//3191 3310//3362 3309//3446 4483//3192
f 4484//3191 4472//3394 3289//3354 3310//3362
f 4483//3192 3309//3446 2502//3348 3250//3417
f 3652//3447 3653//3448 4486//3423 4485//3424
f 4485//3424 3253//3449 2580//3450 3652//3447
f 4485//3424 3311//3415 2500//3335 3253//3449
f 3290//3451 4946//3452 3643//3409 2509//3377
f 4307//3038 3087//3018 3084//3019 4304//2867
f 3326//3453 4496//2036 2734//2036 2523//2035
f 4471//3378 3312//3416 3290//3451 4487//3363
f 4487//3363 3290//3451 2509//3377 3294//3364
f 4506//3388 3302//3387 3263//3190 4460//3325
f 4501//3418 3284//3384 3276//3383 4488//3419
f 3677//3400 3665//2054 4462//2057 4983//3401
f 4488//3419 3299//3372 2510//3373 3301//3397
f 4488//3419 3276//3383 2511//3376 3299//3372
f 4778//3454 4779//3455 3598//3456 3599//3457
f 4496//2036 3326//3453 2511//3376 3276//3383
f 3293//3045 4922//3217 4923//3220 3292//3046
f 3275//3379 3318//3065 4482//1972 4490//2081
f 4490//2081 4482//1972 2725//1972 2727//2081
f 3607//3347 4916//3458 4918//3358 3608//3341
f 3642//3443 3609//3459 5069//3077 4941//3430
f 5069//3077 3609//3459 2574//3281
f 4492//3413 3535//3460 3534//3461 4491//3414
f 3578//3412 3579//3462 4493//3463 4492//3413
f 3582//3444 4493//3463 3579//3462 2568//3464
f 4493//3463 3536//3465 3535//3460 4492//3413
f 2562//2940 3536//3465 4493//3463 3582//3444
f 4498//3346 3305//3345 3304//3434 4497//3433
f 3594//3466 3595//3467 4785//3468 4784//3469
f 3507//3470 4783//3471 4491//3414 3534//3461
f 3584//2916 4494//2915 4495//3472 3585//3473
f 4494//2915 4906//3439 4908//3474 4495//3472
f 3585//3473 4495//3472 3353//3475 2524//3476
f 4495//3472 4908//3474 3586//3477 3353//3475
f 4891//3478 4890//3479 2818//2234 2822//2233
f 4516//3480 4748//3481 4747//3482 4518//3483
f 2734//2036 4496//2036 4505//3382 2739//2100
f 3667//3484 3668//3485 3683//2000 3682//1999
f 3264//3339 4498//3346 4497//3433 3265//3340
f 3279//3213 3280//2941 4502//3445 4501//3418
f 4497//3433 3250//3417 2502//3348 3265//3340
f 4452//3323 4441//3311 3271//3317 3264//3339
f 4502//3445 3285//3486 3284//3384 4501//3418
f 3282//3375 3283//3374 4500//2152 4499//2151
f 3326//3453 4500//2152 3283//3374 2511//3376
f 4500//2152 2736//2152 2735//2151 4499//2151
f 2523//2035 2736//2152 4500//2152 3326//3453
f 3284//3384 3285//3486 3327//3487 4505//3382
f 4499//2151 3303//1971 2512//3066 3282//3375
f 3303//1971 4499//2151 2735//2151 2521//1971
f 3327//3487 2740//2153 2739//2100 4505//3382
f 4556//3488 4559//3489 4558//3490 4555//3488
f 4503//1928 3501//3282 3500//3284 4504//3491
f 3605//3299 3606//3297 4915//3492 4914//3493
f 3662//1929 4503//1928 4504//3491 4959//3494
f 4504//3491 3500//3284 2548//3495 3306//3496
f 4528//3497 3454//3498 3455//3499 4529//3500
f 4528//3497 4729//3501 3522//3502 3478//3503
f 2603//3504 4987//3427 3701//3079 3325//3109
f 3789//1814 3790//1813 3792//1819 3791//1823
f 4506//3388 4460//3325 2729//1885 2741//2099
f 4508//3048 2743//1850 2742//1984 4507//3505
f 3304//3434 3305//3345 4508//3048 4507//3505
f 4946//3452 3649//3506 2584//3410 3643//3409
f 4513//3049 4508//3048 3305//3345 3286//3344
f 4510//3507 3571//3508 3570//3509 4509//3510
f 4507//3505 3314//3385 2514//3386 3304//3434
f 3314//3385 4507//3505 2742//1984 2515//1973
f 4929//3511 4930//3512 4932//3318 4931//3513
f 2999//2181 2998//2184 4510//3507 4509//3510
f 4509//3510 3322//3300 2522//1841 2999//2181
f 3322//3300 4509//3510 3570//3509 2498//3301
f 4511//3514 3054//2196 3053//2195 4512//3515
f 3614//3052 4512//3515 3313//3431 2513//3285
f 3615//3051 4511//3514 4512//3515 3614//3052
f 4512//3515 3053//2195 2517//2201 3313//3431
f 4511//3514 3615//3051 2630//3426 3618//3516
f 3054//2196 4511//3514 3618//3516 2578//2203
f 2624//3517 3718//3422 4866//3518 3735//3519
f 4514//3432 2751//2199 2750//1851 4513//3049
f 3286//3344 3287//3286 4514//3432 4513//3049
f 2517//2201 2751//2199 4514//3432 3313//3431
f 2527//2272 2879//2271 4531//3520 3590//3521
f 4933//3522 4934//3523 4936//3524 4935//3319
f 4538//3525 3341//3526 3340//3527 4539//3528
f 4515//3529 4516//3480 4518//3483 4517//3530
f 4518//3483 4747//3482 4746//3531 4520//3532
f 4517//3530 4518//3483 4520//3532 4519//3533
f 3359//3534 4748//3481 4516//3480 3362//3535
f 2530//3536 3363//3537 4515//3529 3349//3538
f 3363//3537 3362//3535 4516//3480 4515//3529
f 4520//3532 4746//3531 3355//3539 3345//3540
f 4892//2076 4478//2058 3515//3206 3505//2076
f 4895//3541 4542//3542 3602//3543 3599//3457
f 4519//3533 4520//3532 3345//3540 3346//3544
f 3347//3545 4519//3533 3346//3544 2526//3546
f 3348//3547 4517//3530 4519//3533 3347//3545
f 3349//3538 4515//3529 4517//3530 3348//3547
f 4522//3548 4523//3549 4521//2097 4527//3550
f 4523//3549 4524//3166 4521//2097
f 2551//3298 2565//3119 5043//3075 3708//2777
f 2549//3551 4521//2097 3382//2096 2537//3130
f 4526//3552 4527//3550 4521//2097 4525//3553
f 2532//3554 3696//3555 4522//3548 3454//3498
f 3696//3555 3697//3167 4523//3549 4522//3548
f 3454//3498 4522//3548 4527//3550 3455//3499
f 2536//3556 3373//3158 5000//3161 3704//3557
f 4524//3166 4523//3549 3697//3167
f 3484//3558 3491//3559 4767//3560 4525//3553
f 3484//3558 4525//3553 4521//2097 2549//3551
f 4525//3553 4767//3560 4766//3561 4526//3552
f 3456//3562 3455//3499 4527//3550 4526//3552
f 5068//3563 2459//1803 5067//1800
f 4729//3501 4528//3497 4529//3500 4728//3564
f 4529//3500 3455//3499 3456//3562 4530//3565
f 4959//3494 4504//3491 3306//3496 3583//3566
f 2532//3554 3454//3498 4528//3497 3478//3503
f 4740//3567 4741//3567 4556//3488 4555//3488
f 3590//3521 4531//3520 3603//3568 2570//3569
f 4688//3570 3367//3571 3366//3572 4687//3573
f 3601//3574 3602//3543 4542//3542 4541//3575
f 4542//3542 2774//2229 2773//2279 4541//3575
f 3658//3074 4956//3576 4950//3577 4874//3578
f 4531//3520 4719//3579 3600//3083 3603//3568
f 4538//3525 4706//3580 3520//3581 3475//3582
f 4532//3583 4533//3584 4535//3585 4534//3586
f 4534//3586 4535//3585 4537//3587 4536//3588
f 2622//3589 3714//3590 4532//3583 3748//3591
f 3714//3590 3713//3592 4533//3584 4532//3583
f 4547//3593 3447//3594 2525//3595 3446//3596
f 4536//3588 4537//3587 3344//3597 3343//3598
f 3746//3599 4536//3588 3343//3598 2610//3600
f 3747//3601 4534//3586 4536//3588 3746//3599
f 3748//3591 4532//3583 4534//3586 3747//3601
f 4706//3580 4538//3525 4539//3528 4707//3602
f 4539//3528 3340//3527 3339//3603 4540//3604
f 4743//3605 4744//3606 4562//3206 4561//3206
f 2529//3607 3341//3526 4538//3525 3475//3582
f 4707//3602 4539//3528 4540//3604 4708//3608
f 4540//3604 3339//3603 2531//3609 3474//3610
f 4543//3611 3338//3612 3337//3613 4544//3614
f 3481//3615 3446//3596 4543//3611 4716//3616
f 4895//3541 2777//2230 2774//2229 4542//3542
f 4541//3575 3590//3521 2570//3569 3601//3574
f 4588//3617 4754//3618 4753//3619 4590//3620
f 3590//3521 4541//3575 2773//2279 2527//2272
f 3591//3621 4719//3579 2916//2719 2541//2718
f 4894//2076 2925//2076 2776//2786 4896//3622
f 3440//3623 3441//3624 4720//3625 4721//3626
f 4716//3616 4543//3611 4544//3614 4717//3627
f 4544//3614 3337//3613 3336//3628 4545//3629
f 3469//3630 4902//3631 4885//2283 3521//3632
f 3446//3596 2525//3595 3338//3612 4543//3611
f 4717//3627 4544//3614 4545//3629 4718//3633
f 4545//3629 3336//3628 2530//3536 3449//3634
f 4546//3635 3448//3636 3447//3594 4547//3593
f 4546//3635 4720//3625 3470//3637 3439//3638
f 3448//3636 4546//3635 3439//3638 2540//3639
f 4547//3593 4721//3626 4720//3625 4546//3635
f 4548//3640 3349//3538 3348//3547 4549//3641
f 3482//3642 3449//3634 4548//3640 4713//3643
f 4713//3643 4548//3640 4549//3641 4714//3644
f 4549//3641 3348//3547 3347//3545 4550//3645
f 4718//3633 4545//3629 3449//3634 3482//3642
f 3449//3634 2530//3536 3349//3538 4548//3640
f 4714//3644 4549//3641 4550//3645 4715//3646
f 4550//3645 3347//3545 2526//3546 3483//3647
f 4593//3648 3324//3649 3323//3650 4594//3651
f 4701//3652 3583//3566 3306//3496 4593//3648
f 3485//3653 4554//3441 4552//2058 3486//3206
f 4739//3654 3492//3605 3486//3206 4552//2058
f 4537//3587 4566//3655 3489//3656 3344//3597
f 3328//2063 4738//3654 4551//2058 3563//2058
f 4526//3552 4766//3561 3386//3657 3456//3562
f 4551//2058 4553//3442 3562//3435 3563//2058
f 4584//3658 4553//3442 4554//3441 4586//3659
f 4553//3442 4584//3658 3569//3660 3562//3435
f 3568//3661 3569//3660 4584//3658 4583//3662
f 4557//3488 4560//3663 4559//3489 4556//3488
f 3487//3664 4560//3663 4557//3488 3488//3665
f 4741//3567 4742//3666 4557//3488 4556//3488
f 4742//3666 3493//3667 3488//3665 4557//3488
f 3494//3668 4740//3567 4555//3488 3490//3488
f 4736//3669 4737//2246 4581//2247 4580//3670
f 3490//3488 4555//3488 4558//3490 3489//3656
f 4570//3671 4559//3489 4560//3663 4572//3672
f 4568//3673 4558//3490 4559//3489 4570//3671
f 3344//3597 3489//3656 4558//3490 4568//3673
f 3473//3674 4595//3675 3373//3158 2536//3556
f 4562//3206 4565//3676 4564//3677 4561//3206
f 4563//3206 4566//3655 4565//3676 4562//3206
f 3489//3656 4566//3655 4563//3206 3490//3488
f 4744//3606 4745//3668 4563//3206 4562//3206
f 4745//3668 3494//3668 3490//3488 4563//3206
f 3492//3605 4743//3605 4561//3206 3486//3206
f 4738//3654 4739//3654 4552//2058 4551//2058
f 3486//3206 4561//3206 4564//3677 3485//3653
f 4535//3585 4565//3676 4566//3655 4537//3587
f 4533//3584 4564//3677 4565//3676 4535//3585
f 4533//3584 3713//3592 3485//3653 4564//3677
f 4572//3672 4560//3663 3487//3664 3365//3678
f 4582//3679 4580//3670 4579//3129
f 4567//3680 4568//3673 4570//3671 4569//3681
f 4569//3681 4570//3671 4572//3672 4571//3682
f 2610//3600 3343//3598 4567//3680 3745//3683
f 3343//3598 3344//3597 4568//3673 4567//3680
f 4571//3682 4572//3672 3365//3678 3364//3684
f 3743//3685 4571//3682 3364//3684 2611//3686
f 3744//3687 4569//3681 4571//3682 3743//3685
f 3745//3683 4567//3680 4569//3681 3744//3687
f 4573//3688 4574//3689 4576//3128 4575//3690
f 4575//3690 4576//3128 4578//3131 4577//3691
f 2611//3686 3364//3684 4573//3688 3742//3692
f 3364//3684 3365//3678 4574//3689 4573//3688
f 3484//3558 2549//3551 4579//3129 4581//2247
f 4577//3691 4578//3131 3715//3162 3716//3165
f 3740//3693 4577//3691 3716//3165 2623//3290
f 3741//3694 4575//3690 4577//3691 3740//3693
f 3742//3692 4573//3688 4575//3690 3741//3694
f 4580//3670 4581//2247 4579//3129
f 4579//3129 4576//3128 4582//3679
f 2537//3130 3715//3162 4578//3131
f 4737//2246 3491//3559 3484//3558 4581//2247
f 3488//3665 3493//3667 4736//3669 4580//3670
f 4876//3206 3581//2053 3597//2076 4780//2076
f 4579//3129 2549//3551 2537//3130
f 4993//3695 4600//3696 4992//3697
f 4574//3689 4582//3679 4576//3128
f 4860//3440 4481//3435 3562//3435 3569//3660
f 3365//3678 3487//3664 4582//3679 4574//3689
f 4583//3662 4584//3658 4586//3659 4585//3698
f 4594//3651 4702//3699 4701//3652 4593//3648
f 4583//3662 3739//3700 2617//3701 3568//3661
f 3697//3167 3696//3555 4600//3696
f 4585//3698 4586//3659 3713//3592 3714//3590
f 3738//3702 4585//3698 3714//3590 2622//3589
f 3739//3700 4583//3662 4585//3698 3738//3702
f 4587//3703 4588//3617 4590//3620 4589//3704
f 4590//3620 4753//3619 4752//3705 4592//3706
f 4589//3704 4590//3620 4592//3706 4591//3707
f 3357//3708 4754//3618 4588//3617 3361//3709
f 2525//3595 3360//3710 4587//3703 3338//3612
f 3360//3710 3361//3709 4588//3617 4587//3703
f 4592//3706 4752//3705 3359//3534 3362//3535
f 3498//3711 3495//3712 4763//3713 4774//3714
f 4603//3715 4605//2957 4607//2958 4604//3716
f 4591//3707 4592//3706 3362//3535 3363//3537
f 3336//3628 4591//3707 3363//3537 2530//3536
f 3337//3613 4589//3704 4591//3707 3336//3628
f 3338//3612 4587//3703 4589//3704 3337//3613
f 4594//3651 3323//3650 2529//3607 3475//3582
f 3324//3649 4593//3648 3306//3496 2548//3495
f 3391//3717 4604//3716 3392//3718 2539//3719
f 4596//3720 3374//3159 3373//3158 4595//3675
f 3402//3721 4713//3643 4714//3644 3401//3722
f 4705//3723 4732//3724 3472//3725 3467//3726
f 3472//3725 2533//3727 3374//3159 4596//3720
f 4698//3728 4599//3729 4598//3730 4697//3731
f 4700//3732 4596//3720 4595//3675 4699//3733
f 3433//3734 4663//3735 3434//3736 2544//3737
f 4598//3730 3371//3738 3370//3739 4597//3740
f 3468//3741 3473//3674 4599//3729 4698//3728
f 3468//3741 4699//3733 4595//3675 3473//3674
f 4599//3729 3372//3742 3371//3738 4598//3730
f 3473//3674 2536//3556 3372//3742 4599//3729
f 3439//3638 4671//3743 3389//3744 2540//3639
f 4697//3731 4598//3730 4597//3740 4696//3745
f 3480//3746 4597//3740 3370//3739 2535//3747
f 4602//3748 3369//3749 3368//3750 4601//3751
f 3371//3738 3372//3742 4996//3752 4997//3753
f 3370//3739 3371//3738 4997//3753 4998//3754
f 2528//3755 3703//3756 5032//3757 3385//3758
f 2535//3747 3370//3739 4998//3754 3705//3759
f 3372//3742 2536//3556 3704//3557 4996//3752
f 3368//3750 3369//3749 4994//3760 4995//3761
f 2534//3762 3368//3750 4995//3761 3706//3763
f 3369//3749 2535//3747 3705//3759 4994//3760
f 4600//3696 3367//3571 4992//3697
f 4600//3696 4993//3695 3697//3167
f 4600//3696 3696//3555 2532//3554 3366//3572
f 2465//3099 3162//3115 4383//2890 3131//2889
f 3390//3764 4603//3715 4604//3716 3391//3717
f 4600//3696 3366//3572 3367//3571
f 3513//2887 3659//2886 3642//3443 3514//3208
f 4602//3748 4695//3765 3524//3766 3480//3746
f 3524//3766 4696//3745 4597//3740 3480//3746
f 4695//3765 4602//3748 4601//3751 4694//3767
f 2535//3747 3369//3749 4602//3748 3480//3746
f 4673//3768 3387//3769 3388//3770 4672//3771
f 3479//3772 4601//3751 3368//3750 2534//3762
f 3427//3773 4651//3774 4652//3775 3428//3776
f 4604//3716 4607//2958 3393//3777 3392//3718
f 4792//3778 4862//3779 4861//3780 4794//3781
f 4603//3715 3390//3764 2524//3476 3353//3475
f 4605//2957 4603//3715 3353//3475 3586//3477
f 4607//2958 4608//2926 3394//3782 3393//3777
f 4620//2930 3402//3721 3401//3722 4621//2931
f 4788//3783 4759//3784 4758//3785 4790//3786
f 3586//3477 3587//3787 4606//2927 4605//2957
f 4611//3788 4614//3789 4616//3790 4612//3791
f 4608//2926 4610//2906 3395//2929 3394//3782
f 3342//2924 4609//2903 4606//2927 3587//3787
f 4877//3792 4880//3793 4887//3794 4886//3795
f 4613//3796 4797//3797 4800//3798 4612//3791
f 4612//3791 4800//3798 4803//3799 4611//3788
f 4612//3791 4616//3790 4618//3800 4613//3796
f 4892//2076 3505//2076 3503//3801 4863//3802
f 4702//3699 3520//3581 2554//3803 3557//3804
f 4611//3788 4803//3799 3445//3805 3396//3806
f 3395//2929 3453//2928 4797//3797 4613//3796
f 4632//3807 4848//3808 4851//3809 4633//3810
f 4633//3810 4851//3809 4854//3811 4634//3812
f 3418//3813 3462//3814 4843//3815 4641//3816
f 3396//3806 3445//3805 4848//3808 4632//3807
f 4641//3816 4843//3815 4842//3817 4642//3818
f 3396//3806 3398//3819 4614//3789 4611//3788
f 4613//3796 4618//3800 3394//3782 3395//2929
f 4632//3807 4633//3810 4629//3820 4627//3821
f 4623//3822 4626//3823 4628//3824 4624//3825
f 4614//3789 4615//2933 4617//2932 4616//3790
f 4616//3790 4617//2932 4619//3826 4618//3800
f 3397//3827 4615//2933 4614//3789 3398//3819
f 4618//3800 4619//3826 3393//3777 3394//3782
f 4635//3828 4637//3829 4639//3830 4636//3831
f 4622//3832 3392//3718 3393//3777 4619//3826
f 4621//2931 4622//3832 4619//3826 4617//2932
f 3399//3833 4620//2930 4615//2933 3397//3827
f 4626//3823 4627//3821 4629//3820 4628//3824
f 4621//2931 3401//3722 3400//3834 4622//3832
f 2542//3835 3402//3721 4620//2930 3399//3833
f 4622//3832 3400//3834 2539//3719 3392//3718
f 3403//3836 4623//3822 4624//3825 3404//3837
f 3404//3837 4624//3825 4625//3838 3405//3839
f 4624//3825 4628//3824 4630//3840 4625//3838
f 2542//3835 3399//3833 4623//3822 3403//3836
f 3397//3827 4626//3823 4623//3822 3399//3833
f 3405//3839 4625//3838 3406//3841 2538//3842
f 4625//3838 4630//3840 3407//3843 3406//3841
f 4641//3816 4642//3818 4640//3844 4638//3845
f 3411//3846 4635//3828 4636//3831 3412//3847
f 4628//3824 4629//3820 4631//3848 4630//3840
f 3397//3827 3398//3819 4627//3821 4626//3823
f 4630//3840 4631//3848 3408//3849 3407//3843
f 4649//3850 4650//3851 4648//3852 4646//3853
f 4634//3812 3409//3854 3408//3849 4631//3848
f 4633//3810 4634//3812 4631//3848 4629//3820
f 3396//3806 4632//3807 4627//3821 3398//3819
f 3421//3855 4643//3856 4644//3857 3422//3858
f 3409//3854 4634//3812 4854//3811 3525//3859
f 4637//3829 4638//3845 4640//3844 4639//3830
f 4649//3850 4837//3860 4836//3861 4650//3851
f 4642//3818 4842//3817 3459//3862 3419//3863
f 3410//3864 3415//3865 4637//3829 4635//3828
f 3410//3864 4635//3828 3411//3846 2545//3866
f 3412//3847 4636//3831 3413//3867 2543//3868
f 4636//3831 4639//3830 3416//3869 3413//3867
f 3425//3870 3465//3871 4837//3860 4649//3850
f 4643//3856 4645//3872 4647//3873 4644//3857
f 4640//3844 3417//3874 3416//3869 4639//3830
f 3414//3875 4638//3845 4637//3829 3415//3865
f 4660//3876 4661//3877 4657//3878 4655//3879
f 4640//3844 4642//3818 3419//3863 3417//3874
f 3418//3813 4641//3816 4638//3845 3414//3875
f 3556//3880 4689//3881 4690//3882 3555//3883
f 4645//3872 4646//3853 4648//3852 4647//3873
f 4660//3876 4829//3884 4828//3885 4661//3877
f 4650//3851 4836//3861 3462//3814 3418//3813
f 3420//3886 4643//3856 3421//3855 2546//3887
f 3420//3886 3424//3888 4645//3872 4643//3856
f 4651//3774 4654//3889 4656//3890 4652//3775
f 3422//3858 4644//3857 3410//3864 2545//3866
f 4644//3857 4647//3873 3415//3865 3410//3864
f 4661//3877 4828//3885 4827//3891 4662//3892
f 4648//3852 3414//3875 3415//3865 4647//3873
f 3423//3893 4646//3853 4645//3872 3424//3888
f 3438//3894 4669//3895 4666//3896 3436//3897
f 4648//3852 4650//3851 3418//3813 3414//3875
f 3425//3870 4649//3850 4646//3853 3423//3893
f 4669//3895 4822//3898 4821//3899 4670//3900
f 4654//3889 4655//3879 4657//3878 4656//3890
f 4826//3901 3530//3902 2560//3903 3546//3904
f 3432//3905 3531//3906 4829//3884 4660//3876
f 3428//3776 4652//3775 4653//3907 3429//3908
f 4652//3775 4656//3890 4658//3909 4653//3907
f 3426//3910 4651//3774 3427//3773 2547//3911
f 3426//3910 3431//3912 4654//3889 4651//3774
f 3429//3908 4653//3907 3420//3886 2546//3887
f 4653//3907 4658//3909 3424//3888 3420//3886
f 2560//3903 3467//3726 4700//3732 3546//3904
f 3436//3897 4666//3896 4665//3913 3437//3914
f 4656//3890 4657//3878 4659//3915 4658//3909
f 3430//3916 4655//3879 4654//3889 3431//3912
f 4658//3909 4659//3915 3423//3893 3424//3888
f 4674//3917 3386//3657 3387//3769 4673//3768
f 4662//3892 3425//3870 3423//3893 4659//3915
f 4661//3877 4662//3892 4659//3915 4657//3878
f 3432//3905 4660//3876 4655//3879 3430//3916
f 3425//3870 4662//3892 4827//3891 3465//3871
f 3433//3734 3437//3914 4665//3913 4663//3735
f 3434//3736 4663//3735 4664//3918 3435//3919
f 4663//3735 4665//3913 4667//3920 4664//3918
f 3435//3919 4664//3918 3426//3910 2547//3911
f 4664//3918 4667//3920 3431//3912 3426//3910
f 4674//3917 4530//3565 3456//3562 3386//3657
f 4665//3913 4666//3896 4668//3921 4667//3920
f 4667//3920 4668//3921 3430//3916 3431//3912
f 4670//3900 3432//3905 3430//3916 4668//3921
f 4669//3895 4670//3900 4668//3921 4666//3896
f 3432//3905 4670//3900 4821//3899 3531//3906
f 4728//3564 4529//3500 4530//3565 4727//3922
f 4712//3923 4710//3924 4672//3771 4671//3743
f 4715//3646 4550//3645 3483//3647 3450//3925
f 4673//3768 4711//3926 4709//3927 4674//3917
f 4684//3928 4685//3929 4681//3930 4679//3931
f 4675//3932 4678//3933 4680//3934 4676//3935
f 3440//3623 4675//3932 4676//3935 3441//3624
f 4672//3771 3388//3770 3389//3744 4671//3743
f 4491//3414 4783//3471 3596//3936 3577//3411
f 4684//3928 4806//3937 4809//3938 4685//3929
f 4712//3923 4671//3743 3439//3638 3470//3637
f 4730//3939 3385//3758 3384//3940 4731//3941
f 4711//3926 4673//3768 4672//3771 4710//3924
f 4678//3933 4679//3931 4681//3930 4680//3934
f 4685//3929 4809//3938 4812//3942 4686//3943
f 3409//3854 3525//3859 4806//3937 4684//3928
f 3441//3624 4676//3935 4677//3944 3442//3945
f 4676//3935 4680//3934 4682//3946 4677//3944
f 2538//3842 3406//3841 4675//3932 3440//3623
f 3406//3841 3407//3843 4678//3933 4675//3932
f 3442//3945 4677//3944 3433//3734 2544//3737
f 4677//3944 4682//3946 3437//3914 3433//3734
f 3417//3874 3419//3863 4709//3927 4711//3926
f 3413//3867 3416//3869 4710//3924 4712//3923
f 4680//3934 4681//3930 4683//3947 4682//3946
f 3407//3843 3408//3849 4679//3931 4678//3933
f 4682//3946 4683//3947 3436//3897 3437//3914
f 4686//3943 3438//3894 3436//3897 4683//3947
f 4685//3929 4686//3943 4683//3947 4681//3930
f 3408//3849 3409//3854 4684//3928 4679//3931
f 4727//3922 4709//3927 3419//3863 3459//3862
f 4686//3943 4812//3942 3528//3948 3438//3894
f 4530//3565 4674//3917 4709//3927 4727//3922
f 4688//3570 4693//3949 3523//3950 3479//3772
f 3523//3950 4694//3767 4601//3751 3479//3772
f 4693//3949 4688//3570 4687//3573 4692//3951
f 2534//3762 3367//3571 4688//3570 3479//3772
f 3466//3952 3471//3953 4730//3939 4703//3954
f 3478//3503 4687//3573 3366//3572 2532//3554
f 3555//3883 4690//3882 4691//3955 3554//3956
f 3519//3957 4689//3881 3556//3880 2553//3958
f 3554//3956 4691//3955 3466//3952 2559//3959
f 3552//3960 3553//3961 4693//3949 4692//3951
f 3523//3950 4693//3949 3553//3961 2557//3962
f 4692//3951 3522//3502 2556//3963 3552//3960
f 3550//3964 3551//3965 4695//3765 4694//3767
f 2557//3962 3550//3964 4694//3767 3523//3950
f 3524//3766 4695//3765 3551//3965 2558//3966
f 3547//3967 3548//3968 4697//3731 4696//3745
f 3548//3968 3549//3969 4698//3728 4697//3731
f 2561//3970 3468//3741 4698//3728 3549//3969
f 3545//3971 3546//3904 4700//3732 4699//3733
f 4696//3745 3524//3766 2558//3966 3547//3967
f 3467//3726 3472//3725 4596//3720 4700//3732
f 3557//3804 3558//3972 4701//3652 4702//3699
f 4699//3733 3468//3741 2561//3970 3545//3971
f 4701//3652 3558//3972 2567//3973 3661//3974
f 3583//3566 4701//3652 3661//3974
f 3542//3975 4703//3954 4704//3976 3541//3977
f 3541//3977 4704//3976 4705//3723 3540//3978
f 2559//3959 3466//3952 4703//3954 3542//3975
f 3540//3978 4705//3723 3467//3726 2560//3903
f 3539//3979 4706//3580 4707//3602 3538//3980
f 3538//3980 4707//3602 4708//3608 3537//3981
f 3520//3581 4706//3580 3539//3979 2554//3803
f 3537//3981 4708//3608 3519//3957 2553//3958
f 4764//3982 4765//3983 4737//2246 4736//3669
f 3416//3869 3417//3874 4711//3926 4710//3924
f 4769//3984 4771//3985 4770//3986 4768//3987
f 4765//3983 3496//3988 3491//3559 4737//2246
f 4712//3923 3470//3637 2543//3868 3413//3867
f 3411//3846 3412//3847 4720//3625 4726//3989
f 3401//3722 4714//3644 4715//3646 3400//3834
f 2542//3835 3482//3642 4713//3643 3402//3721
f 3400//3834 4715//3646 3450//3925 2539//3719
f 3405//3839 4716//3616 4717//3627 3404//3837
f 3404//3837 4717//3627 4718//3633 3403//3836
f 2538//3842 3481//3615 4716//3616 3405//3839
f 3403//3836 4718//3633 3482//3642 2542//3835
f 4719//3579 3591//3621 2571//3084 3600//3083
f 5068//3563 4348//3109 4347//2003 2459//1803
f 4720//3625 3412//3847 2543//3868 3470//3637
f 3442//3945 4722//3990 4720//3625 3441//3624
f 4721//3626 3481//3615 2538//3842 3440//3623
f 4723//3991 4724//3992 4720//3625 4722//3990
f 4725//3993 4726//3989 4720//3625 4724//3992
f 4726//3989 3422//3858 2545//3866 3411//3846
f 2544//3737 3434//3736 4722//3990 3442//3945
f 3585//3473 4781//3994 4782//3352 3584//2916
f 2547//3911 3427//3773 4723//3991 3435//3919
f 3427//3773 3428//3776 4724//3992 4723//3991
f 3435//3919 4723//3991 4722//3990 3434//3736
f 2546//3887 3421//3855 4725//3993 3429//3908
f 3421//3855 3422//3858 4726//3989 4725//3993
f 3429//3908 4725//3993 4724//3992 3428//3776
f 3459//3862 3458//3995 4728//3564 4727//3922
f 3458//3995 3457//3996 4729//3501 4728//3564
f 3522//3502 4729//3501 3457//3996 2556//3963
f 3462//3814 4836//3861 4838//3997 3461//3998
f 4703//3954 4730//3939 4731//3941 4704//3976
f 4731//3941 3384//3940 3383//3999 4732//3724
f 4708//3608 4540//3604 3474//3610 3519//3957
f 3471//3953 2528//3755 3385//3758 4730//3939
f 4704//3976 4731//3941 4732//3724 4705//3723
f 4732//3724 3383//3999 2533//3727 3472//3725
f 4733//4000 3352//4001 3351//4002 4734//4003
f 4689//3881 3519//3957 3474//3610 4733//4000
f 4689//3881 4733//4000 4734//4003 4690//3882
f 4734//4003 3351//4002 3350//4004 4735//4005
f 4692//3951 4687//3573 3478//3503 3522//3502
f 2531//3609 3352//4001 4733//4000 3474//3610
f 4690//3882 4734//4003 4735//4005 4691//3955
f 4735//4005 3350//4004 2528//3755 3471//3953
f 4795//4006 3589//4007 3588//4008 4796//4009
f 3469//3630 3521//3632 4795//4006 4781//3994
f 3505//2076 3515//3206 4876//3206 4780//2076
f 4756//4010 4757//4011 4742//3666 4741//3567
f 3495//3712 3496//3988 4765//3983 4763//3713
f 3356//4012 4764//3982 4736//3669 3493//3667
f 3386//3657 4766//3561 4773//4013 3387//3769
f 4760//4014 4761//4015 4739//3654 4738//3654
f 4761//4015 3354//4016 3492//3605 4739//3654
f 3329//4017 4760//4014 4738//3654 3328//2063
f 4755//4018 4756//4010 4741//3567 4740//3567
f 4763//3713 4765//3983 4764//3982 4762//4019
f 4757//4011 3356//4012 3493//3667 4742//3666
f 3358//4020 4755//4018 4740//3567 3494//3668
f 4749//4021 4750//4022 4744//3606 4743//3605
f 4750//4022 4751//4023 4745//3668 4744//3606
f 4751//4023 3358//4020 3494//3668 4745//3668
f 3354//4016 4749//4021 4743//3605 3492//3605
f 4772//4024 4773//4013 4766//3561 4767//3560
f 4747//3482 4750//4022 4749//4021 4746//3531
f 4748//3481 4751//4023 4750//4022 4747//3482
f 3358//4020 4751//4023 4748//3481 3359//3534
f 3355//3539 4746//3531 4749//4021 3354//4016
f 4753//3619 4756//4010 4755//4018 4752//3705
f 4754//3618 4757//4011 4756//4010 4753//3619
f 3356//4012 4757//4011 4754//3618 3357//3708
f 3359//3534 4752//3705 4755//4018 3358//4020
f 4759//3784 4761//4015 4760//4014 4758//3785
f 3354//4016 4761//4015 4759//3784 3355//3539
f 3345//3540 3355//3539 4759//3784 4788//3783
f 3477//4025 4790//3786 4758//3785 3330//4026
f 4758//3785 4760//4014 3329//4017 3330//4026
f 4780//2076 3597//2076 3598//3456 4779//3455
f 3361//3709 4775//4027 4762//4019 3357//3708
f 3497//4028 4776//4029 3448//3636 2540//3639
f 3357//3708 4762//4019 4764//3982 3356//4012
f 4772//4024 4767//3560 3491//3559 3496//3988
f 4775//4027 4774//3714 4763//3713 4762//4019
f 2571//3084 3593//4030 4786//4031 3502//3085
f 4769//3984 3389//3744 3388//3770 4771//3985
f 3497//4028 4769//3984 4768//3987 3498//3711
f 3389//3744 4769//3984 3497//4028 2540//3639
f 4768//3987 4770//3986 3495//3712 3498//3711
f 3495//3712 4770//3986 4772//4024 3496//3988
f 4771//3985 4773//4013 4772//4024 4770//3986
f 3387//3769 4773//4013 4771//3985 3388//3770
f 3498//3711 4774//3714 4776//4029 3497//4028
f 4774//3714 4775//4027 4777//4032 4776//4029
f 4775//4027 3361//3709 3360//3710 4777//4032
f 4777//4032 3360//3710 2525//3595 3447//3594
f 4776//4029 4777//4032 3447//3594 3448//3636
f 4875//4033 4463//2056 2588//2055 3664//4034
f 3503//3801 4779//3455 4778//3454 3504//4035
f 3517//4036 3504//4035 4778//3454 4899//4037
f 3499//4038 4898//4039 3601//3574 2570//3569
f 3597//2076 4894//2076 4896//3622 3598//3456
f 3593//4030 3594//3466 4784//3469 4786//4031
f 3505//2076 4780//2076 4779//3455 3503//3801
f 4794//3781 3517//4036 3516//4040 4793//4041
f 2524//3476 3469//3630 4781//3994 3585//3473
f 4822//3898 3528//3948 3529//4042 4824//4043
f 2730//2723 3028//2325 3592//2325 2603//3504
f 3580//3428 4987//3427 2603//3504 3592//2325
f 2777//2230 4895//3541 4896//3622 2776//2786
f 3595//3467 3596//3936 4783//3471 4785//3468
f 3507//3470 3509//3437 4785//3468 4783//3471
f 3508//3436 4906//3439 4494//2915 3510//2914
f 4861//3780 3504//4035 3517//4036 4794//3781
f 4785//3468 3509//3437 3508//3436 4784//3469
f 3459//3862 4842//3817 4844//4044 3458//3995
f 3510//2914 4786//4031 4784//3469 3508//3436
f 3502//3085 4786//4031 3510//2914 2552//2913
f 4790//3786 3477//4025 3476//4045 4789//4046
f 4787//4047 4788//3783 4790//3786 4789//4046
f 2526//3546 3346//3544 4787//4047 3335//2281
f 3346//3544 3345//3540 4788//3783 4787//4047
f 3334//2282 4789//4046 3476//4045 2569//4048
f 3559//2925 3560//4049 4816//4050 4815//2904
f 3335//2281 4787//4047 4789//4046 3334//2282
f 4791//4051 4792//3778 4794//3781 4793//4041
f 3660//2943 2586//1930 3662//1929 4869//4052
f 3588//4008 4793//4041 3516//4040 2550//4053
f 3330//4026 4862//3779 4792//3778 3477//4025
f 2569//4048 3476//4045 4791//4051 3589//4007
f 3476//4045 3477//4025 4792//3778 4791//4051
f 4889//4054 4888//4055 2814//2917 2819//2863
f 2550//4053 3518//4056 4796//4009 3588//4008
f 3589//4007 4791//4051 4793//4041 3588//4008
f 4781//3994 4795//4006 4796//4009 4782//3352
f 4782//3352 4796//4009 3518//4056 3506//3353
f 4691//3955 4735//4005 3471//3953 3466//3952
f 3521//3632 2569//4048 3589//4007 4795//4006
f 3581//2053 4876//3206 3576//3429 3580//3428
f 4797//3797 4798//4057 4801//4058 4800//3798
f 4798//4057 4799//4059 4802//4060 4801//4058
f 4800//3798 4801//4058 4804//4061 4803//3799
f 4801//4058 4802//4060 4805//4062 4804//4061
f 3453//2928 3452//4063 4798//4057 4797//3797
f 3452//4063 3451//4064 4799//4059 4798//4057
f 3451//4064 2554//3803 3539//3979 4799//4059
f 4799//4059 3539//3979 3538//3980 4802//4060
f 4802//4060 3538//3980 3537//3981 4805//4062
f 4805//4062 3537//3981 2553//3958 3443//4065
f 4804//4061 4805//4062 3443//4065 3444//4066
f 4803//3799 4804//4061 3444//4066 3445//3805
f 4806//3937 4807//4067 4810//4068 4809//3938
f 4807//4067 4808//4069 4811//4070 4810//4068
f 4809//3938 4810//4068 4813//4071 4812//3942
f 4810//4068 4811//4070 4814//4072 4813//4071
f 3525//3859 3526//4073 4807//4067 4806//3937
f 3526//4073 3527//4074 4808//4069 4807//4067
f 3527//4074 2559//3959 3542//3975 4808//4069
f 4808//4069 3542//3975 3541//3977 4811//4070
f 4811//4070 3541//3977 3540//3978 4814//4072
f 4814//4072 3540//3978 2560//3903 3530//3902
f 4813//4071 4814//4072 3530//3902 3529//4042
f 4812//3942 4813//4071 3529//4042 3528//3948
f 3560//4049 3561//4075 4817//4076 4816//4050
f 3558//3972 4817//4076 3561//4075 2567//3973
f 4815//2904 4816//4050 4819//4077 4818//2905
f 4816//4050 4817//4076 4820//4078 4819//4077
f 4817//4076 3558//3972 3557//3804 4820//4078
f 4820//4078 3557//3804 2554//3803 3451//4064
f 4819//4077 4820//4078 3451//4064 3452//4063
f 4818//2905 4819//4077 3452//4063 3453//2928
f 4821//3899 4822//3898 4824//4043 4823//4079
f 4824//4043 3529//4042 3530//3902 4826//3901
f 4823//4079 4824//4043 4826//3901 4825//4080
f 3438//3894 3528//3948 4822//3898 4669//3895
f 4899//4037 3602//3543 3601//3574 4898//4039
f 4825//4080 4826//3901 3546//3904 3545//3971
f 3533//4081 4825//4080 3545//3971 2561//3970
f 3532//4082 4823//4079 4825//4080 3533//4081
f 3531//3906 4821//3899 4823//4079 3532//4082
f 4827//3891 4828//3885 4831//4083 4830//4084
f 4828//3885 4829//3884 4832//4085 4831//4083
f 4830//4084 4831//4083 4834//4086 4833//4087
f 4831//4083 4832//4085 4835//4088 4834//4086
f 4829//3884 3531//3906 3532//4082 4832//4085
f 4832//4085 3532//4082 3533//4081 4835//4088
f 4835//4088 3533//4081 2561//3970 3549//3969
f 4834//4086 4835//4088 3549//3969 3548//3968
f 4833//4087 4834//4086 3548//3968 3547//3967
f 3463//4089 4833//4087 3547//3967 2558//3966
f 3464//4090 4830//4084 4833//4087 3463//4089
f 3465//3871 4827//3891 4830//4084 3464//4090
f 3461//3998 4838//3997 4840//4091 3460//4092
f 4836//3861 4837//3860 4839//4093 4838//3997
f 4838//3997 4839//4093 4841//4094 4840//4091
f 3460//4092 4840//4091 3550//3964 2557//3962
f 4837//3860 3465//3871 3464//4090 4839//4093
f 4839//4093 3464//4090 3463//4089 4841//4094
f 4841//4094 3463//4089 2558//3966 3551//3965
f 4840//4091 4841//4094 3551//3965 3550//3964
f 3534//3461 3535//3460 4878//4095 4877//3792
f 3458//3995 4844//4044 4846//4096 3457//3996
f 4842//3817 4843//3815 4845//4097 4844//4044
f 4844//4044 4845//4097 4847//4098 4846//4096
f 3457//3996 4846//4096 3552//3960 2556//3963
f 4843//3815 3462//3814 3461//3998 4845//4097
f 4845//4097 3461//3998 3460//4092 4847//4098
f 4847//4098 3460//4092 2557//3962 3553//3961
f 4846//4096 4847//4098 3553//3961 3552//3960
f 4848//3808 4849//4099 4852//4100 4851//3809
f 4849//4099 4850//4101 4853//4102 4852//4100
f 4851//3809 4852//4100 4855//4103 4854//3811
f 4852//4100 4853//4102 4856//4104 4855//4103
f 3445//3805 3444//4066 4849//4099 4848//3808
f 3444//4066 3443//4065 4850//4101 4849//4099
f 3443//4065 2553//3958 3556//3880 4850//4101
f 4850//4101 3556//3880 3555//3883 4853//4102
f 4853//4102 3555//3883 3554//3956 4856//4104
f 4856//4104 3554//3956 2559//3959 3527//4074
f 4855//4103 4856//4104 3527//4074 3526//4073
f 4854//3811 4855//4103 3526//4073 3525//3859
f 3342//2924 4887//3794 4880//3793 3559//2925
f 4480//3207 4858//3351 3513//2887 3514//3208
f 4857//2064 4858//3351 4860//3440 4859//4105
f 3504//4035 4861//3780 4863//3802 3503//3801
f 4868//4106 3333//3367 3332//3404 4867//4107
f 4859//4105 4860//3440 3569//3660 3568//3661
f 3736//4108 4859//4105 3568//3661 2617//3701
f 3737//2065 4857//2064 4859//4105 3736//4108
f 4862//3779 4864//4109 4863//3802 4861//3780
f 3329//4017 4864//4109 4862//3779 3330//4026
f 3328//2063 4893//2063 4864//4109 3329//4017
f 4893//2063 4892//2076 4863//3802 4864//4109
f 4907//3438 4886//3795 4887//3794 4909//4110
f 4865//4111 4866//3518 4868//4106 4867//4107
f 3249//3293 4867//4107 3332//3404 2507//3294
f 2607//3295 3734//4112 4865//4111 3248//3296
f 3734//4112 3735//3519 4866//3518 4865//4111
f 2818//2234 4890//3479 4889//4054 2819//2863
f 3248//3296 4865//4111 4867//4107 3249//3293
f 2562//2940 3660//2943 4869//4052 3544//4113
f 3544//4113 4869//4052 4870//4114 3543//4115
f 4869//4052 3662//1929 4959//3494 4870//4114
f 3543//4115 4870//4114 3661//3974 2567//3973
f 4870//4114 4959//3494 3583//3566 3661//3974
f 3272//3329 4943//4116 4942//3017 3273//3330
f 4871//3399 4872//2001 3331//3403 4873//3215
f 4982//4117 4981//4118 4963//4119 4964//4120
f 3654//3024 4980//3070 4955//3069 3657//3025
f 4986//3112 2605//4121 3688//4122
f 2565//3119 4874//3578 4950//3577 3616//3070
f 3315//4123 4871//3399 4873//3215 3316//3214
f 3664//4034 2587//3338 3663//4124 4875//4033
f 2599//2019 2600//2018 4454//3105 3331//3403
f 3511//1931 4874//3578 2565//3119 2551//3298
f 2564//4125 3565//4126 4875//4033 3663//4124
f 4321//2162 3862//1829 2945//1828 2456//2327
f 2605//4121 4986//3112 2593//3078 2596//3365
f 3514//3208 3576//3429 4876//3206 3515//3206
f 4897//3082 3506//3353 3518//4056 4900//4127
f 4903//4128 4891//3478 2822//2233 2885//2898
f 4891//3478 4903//4128 3577//3411 3596//3936
f 3823//1942 3824//2014 3826//2008 3825//2007
f 4883//2053 3592//2325 3028//2325 3029//2053
f 3793//1833 3794//1839 2738//1838 2737//1834
f 3580//3428 3592//2325 4883//2053 3581//2053
f 3028//2325 4246//2325 4245//2053 3029//2053
f 3038//2324 3900//2278 3901//2232 3039//2323
f 3535//3460 3536//3465 4879//4129 4878//4095
f 3544//4113 4879//4129 3536//3465 2562//2940
f 4877//3792 4878//4095 4881//4130 4880//3793
f 4878//4095 4879//4129 4882//4131 4881//4130
f 3507//3470 3534//3461 4877//3792 4886//3795
f 4879//4129 3544//4113 3543//4115 4882//4131
f 4882//4131 3543//4115 2567//3973 3561//4075
f 4881//4130 4882//4131 3561//4075 3560//4049
f 4880//3793 4881//4130 3560//4049 3559//2925
f 3285//3486 2568//3464 3604//4132 3327//3487
f 2879//2271 2916//2719 4719//3579 4531//3520
f 2555//2910 2740//2153 3327//3487 3604//4132
f 4884//2280 4901//4133 3450//3925 3483//3647
f 4888//4055 4889//4054 3594//3466 3593//4030
f 4883//2053 3029//2053 2925//2076 4894//2076
f 3481//3615 4721//3626 4547//3593 3446//3596
f 2526//3546 3335//2281 4884//2280 3483//3647
f 4897//3082 4900//4127 3603//3568 3600//3083
f 4901//4133 4884//2280 4885//2283 4902//3631
f 2569//4048 3521//3632 4885//2283 3334//2282
f 4887//3794 3342//2924 3587//3787 4909//4110
f 4890//3479 3595//3467 3594//3466 4889//4054
f 2814//2917 4888//4055 3591//3621 2541//2718
f 4888//4055 3593//4030 2571//3084 3591//3621
f 4890//3479 4891//3478 3596//3936 3595//3467
f 4914//3493 3733//2114 2618//2113 3605//3299
f 3812//2883 4234//2045 4232//2870 3811//1918
f 3967//2513 3969//2512 3968//2522 3966//2514
f 3598//3456 4896//3622 4895//3541 3599//3457
f 2714//2875 3000//1915 3811//1918 4232//2870
f 3965//2431 3967//2513 3966//2514 3964//2432
f 3509//3437 3507//3470 4886//3795 4907//3438
f 4897//3082 3502//3085 2552//2913 3506//3353
f 3516//4040 3517//4036 4899//4037 4898//4039
f 3391//3717 4901//4133 4902//3631 3390//3764
f 4899//4037 4778//3454 3599//3457 3602//3543
f 4898//4039 3499//4038 2550//4053 3516//4040
f 4453//3108 4873//3215 3331//3403 4454//3105
f 2570//3569 3603//3568 4900//4127 3499//4038
f 3617//4134 3625//4135 3281//4136 4911//4137
f 3499//4038 4900//4127 3518//4056 2550//4053
f 4999//3160 3695//4138 2623//3290 3719//3289
f 4910//4139 3573//4140 3572//4141 4911//4137
f 3278//3395 3565//4126 4910//4139 4925//4142
f 3450//3925 4901//4133 3391//3717 2539//3719
f 3390//3764 4902//3631 3469//3630 2524//3476
f 4904//4143 3578//3412 3577//3411 4903//4128
f 2885//2898 2884//2949 4904//4143 4903//4128
f 3126//2871 2459//1803 2461//2872
f 2884//2949 2883//2951 4905//4144 4904//4143
f 2555//2910 3604//4132 4905//4144 2883//2951
f 4905//4144 3579//3462 3578//3412 4904//4143
f 3604//4132 2568//3464 3579//3462 4905//4144
f 4906//3439 4907//3438 4909//4110 4908//3474
f 4908//3474 4909//4110 3587//3787 3586//3477
f 3565//4126 2564//4125 3573//4140 4910//4139
f 4965//4145 4962//2900 3664//4034 2588//2055
f 2579//4146 3617//4134 4911//4137 3572//4141
f 4911//4137 3281//4136 4925//4142 4910//4139
f 4950//3577 4956//3576 3625//4135 3617//4134
f 4919//3361 3622//4147 3621//3359 4918//3358
f 4913//3277 3764//3276 2636//3270 3774//3269
f 4915//3492 3252//4148 3251//4149 4914//3493
f 4912//3274 3639//4150 2582//4151 3775//4152
f 4912//3274 3775//4152 2637//4153 3765//3275
f 5058//3272 3760//3280 2577//4154 3774//3269
f 3638//4155 4913//3277 3774//3269 2577//4154
f 3639//4150 4912//3274 4913//3277 3638//4155
f 3606//3297 2572//3081 3631//3080 4915//3492
f 4938//4156 3256//4157 3255//4158 4940//4159
f 4920//4160 3639//4150 3638//4155 4921//4161
f 2501//4162 3252//4148 4915//3492 3631//3080
f 3733//2114 4914//3493 3251//4149 2608//4163
f 2566//2944 3667//3484 3682//1999 2595//2945
f 4916//3458 4917//3360 4919//3361 4918//3358
f 2502//3348 3309//3446 4916//3458 3607//3347
f 4455//3047 3626//3356 3622//4147 4919//3361
f 3309//3446 3310//3362 4917//3360 4916//3458
f 3634//4164 4951//4165 4953//4166 3635//4167
f 4921//4161 3638//4155 2577//4154 3761//4168
f 2581//4169 3766//4170 4920//4160 3763//4171
f 3639//4150 4920//4160 3766//4170 2582//4151
f 3762//4172 4921//4161 3761//4168 2575//4173
f 3320//4174 4947//4175 3297//3327 2505//3324
f 3763//4171 4920//4160 4921//4161 3762//4172
f 2508//3355 3678//4176 4922//3217 3293//3045
f 3277//3396 4924//3218 4922//3217 3678//4176
f 3292//3046 4923//3220 3300//3067 2576//3357
f 3300//3067 4923//3220 4926//3219 3624//3068
f 3281//4136 3625//4135 3624//3068 4926//3219
f 4924//3218 4925//4142 3281//4136 4926//3219
f 3277//3396 3278//3395 4925//4142 4924//3218
f 4940//4159 3633//4177 3632//4178 4939//4179
f 2576//3357 3613//3390 4928//3389 3626//3356
f 3649//3506 4927//3392 3612//3391 2584//3410
f 4952//4180 4928//3389 4927//3392 4954//4181
f 3622//4147 3626//3356 4928//3389 4952//4180
f 4931//3513 4932//3318 3628//3313 3627//3312
f 4946//3452 3290//3451 3312//3416 4486//3423
f 3647//4182 3648//3015 4930//3512 4929//3511
f 4935//3319 4936//3524 3630//3042 3629//3209
f 4929//3511 3635//4167 2580//3450 3647//4182
f 4933//3522 4930//3512 3648//3015 3645//3014
f 4930//3512 4933//3522 4935//3319 4932//3318
f 3634//4164 4931//3513 3627//3312 2573//3342
f 3635//4167 4929//3511 4931//3513 3634//4164
f 3637//4183 4934//3523 3646//4184 2633//4185
f 3645//3014 3646//4184 4934//3523 4933//3522
f 4934//3523 3637//4183 3636//4186 4936//3524
f 4936//3524 3636//4186 2631//3043 3630//3042
f 3260//4187 4943//4116 3272//3329 2504//3328
f 3106//3002 3124//3001 3133//2047 3107//4188
f 4966//3197 2600//2018 2591//2017
f 4937//4189 4938//4156 4940//4159 4939//4179
f 3252//4148 2501//4162 3256//4157 4938//4156
f 2608//4163 3251//4149 4937//4189 3732//4190
f 3251//4149 3252//4148 4938//4156 4937//4189
f 2574//3281 3633//4177 4940//4159 3255//4158
f 3731//4191 4939//4179 3632//4178 2619//4192
f 3732//4190 4937//4189 4939//4179 3731//4191
f 2633//4185 3646//4184 4943//4116 3260//4187
f 3266//3333 4945//3016 4944//4193 3267//3334
f 4943//4116 3646//4184 3645//3014 4942//3017
f 4942//3017 4945//3016 3266//3333 3273//3330
f 4945//3016 3648//3015 3647//4182 4944//4193
f 4944//4193 3253//3449 2500//3335 3267//3334
f 3253//3449 4944//4193 3647//4182 2580//3450
f 3649//3506 4946//3452 4486//3423 3653//3448
f 2634//4194 3320//4174 4948//4195 3784//4196
f 3650//4197 4947//4175 3320//4174 2634//4194
f 3861//1945 2683//1990 2684//2155 4142//2149
f 2504//3328 3297//3327 4947//4175 3260//4187
f 3260//4187 4947//4175 3650//4197 2633//4185
f 2603//3504 3325//3109 5019//3109 2730//2723
f 3785//4198 3784//4196 4948//4195 4949//4199
f 3651//3267 4949//4199 2748//2954 2583//3062
f 2749//2955 4948//4195 3319//3322 2518//1879
f 3564//3216 2563//3350 3575//2902 4961//2901
f 4949//4199 3651//3267 2647//4200 3785//4198
f 3658//3074 4874//3578 3511//1931 2586//1930
f 2589//3054 3670//2947 3679//2946 2594//3055
f 3291//4201 4965//4145 4964//4120 4963//4119
f 3565//4126 3278//3395 4463//2056 4875//4033
f 3617//4134 2579//4146 3616//3070 4950//3577
f 4244//2328 2945//1828 2424//1831 3017//2440
f 2458//3029 3108//4202 3123//2046 3125//2882
f 2573//3342 3621//3359 4951//4165 3634//4164
f 4951//4165 4952//4180 4954//4181 4953//4166
f 4954//4181 3653//3448 3652//3447 4953//4166
f 4954//4181 4927//3392 3649//3506 3653//3448
f 4953//4166 3652//3447 2580//3450 3635//4167
f 3621//3359 3622//4147 4952//4180 4951//4165
f 4956//3576 3658//3074 3657//3025 4955//3069
f 3624//3068 3625//4135 4956//3576 4955//3069
f 4958//4203 3659//2886 3254//2888 4957//4204
f 3633//4177 2574//3281 3609//3459 4958//4203
f 3717//3421 2596//3365 3333//3367 4868//4106
f 2619//4192 3632//4178 4957//4204 3730//4205
f 3632//4178 3633//4177 4958//4203 4957//4204
f 3642//3443 3659//2886 4958//4203 3609//3459
f 3730//4205 4957//4204 3254//2888 2609//3076
f 3838//2059 3837//2058 2949//2052 2948//2085
f 2593//3078 3680//3366 2596//3365
f 3842//2086 2653//2369 5068//3563 5067//1800
f 3475//3582 3520//3581 4702//3699 4594//3651
f 4965//4145 3291//4201 4961//2901 4962//2900
f 4962//2900 3574//2899 2587//3338 3664//4034
f 4961//2901 3291//4201 3316//3214 3564//3216
f 3666//3198 4966//3197 3674//4206 2519//4207
f 2591//2017 3751//4208 4966//3197
f 3261//4209 4967//3398 4871//3399 3315//4123
f 3315//4123 3316//3214 3291//4201 4963//4119
f 4982//4117 4964//4120 3665//2054 3677//3400
f 4964//4120 4965//4145 2588//2055 3665//2054
f 3261//4209 3315//4123 4963//4119 4981//4118
f 2498//3301 3261//4209 4981//4118 3258//3263
f 3274//3380 3275//3379 4490//2081 4489//2080
f 4966//3197 3751//4208 2626//4210 3674//4206
f 4977//4211 3687//4212 2604//4213 3692//4214
f 3570//3509 3571//3508 4968//2002 4967//3398
f 3679//2946 4510//3507 2998//2184 2594//3055
f 4967//3398 3261//4209 2498//3301 3570//3509
f 2698//2997 4341//2880 4317//1985 3063//2998
f 3255//4158 3256//4157 4970//2156 4969//3349
f 2501//4162 3631//3080 4970//2156 3256//4157
f 3255//4158 4969//3349 2574//3281
f 4969//3349 4970//2156 4971//2158
f 3656//3406 3655//3405 4979//3070 4978//3070
f 3678//4176 4983//3401 4462//2057 3277//3396
f 3619//3402 4971//2158 3620//2157
f 3768//4215 2630//3426 3623//3425 5053//4216
f 3687//4212 4977//4211 3666//3198 2519//4207
f 2598//3199 3566//3106 4454//3105 2600//2018
f 3130//3116 4990//4217 3675//4218 2590//3117
f 3718//3422 3717//3421 4868//4106 4866//3518
f 3692//4214 2606//3124 3689//4219 4977//4211
f 2598//3199 3666//3198 4977//4211 3689//4219
f 3690//3203 3691//4220 4985//3420 4984//3200
f 3679//2946 2595//2945 3571//3508 4510//3507
f 4978//3070 3676//3070 2585//3226 3656//3406
f 2576//3357 3676//3070 4978//3070 3613//3390
f 3613//3390 4978//3070 4979//3070 3612//3391
f 2584//3410 3612//3391 4979//3070 3655//3405
f 3258//3263 4981//4118 4982//4117 3257//3264
f 2576//3357 3300//3067 4980//3070 3676//3070
f 3676//3070 4980//3070 3654//3024 2585//3226
f 3682//1999 4968//2002 3571//3508 2595//2945
f 3257//3264 4982//4117 3677//3400 2499//3303
f 4466//3246 3680//3366 2593//3078 4464//3247
f 3288//3393 4983//3401 3678//4176 2508//3355
f 3127//3110 3128//3111 4989//4221 4988//4222
f 3691//4220 2605//4121 4985//3420
f 3729//3201 4984//3200 3718//3422 2624//3517
f 2605//4121 2596//3365 3717//3421 4985//3420
f 4988//4222 3728//4223 2620//2896 3127//3110
f 3325//3109 3701//3079 2593//3078 4986//3112
f 4986//3112 3688//4122 2597//2005 3129//2004
f 2653//2369 4237//2724 4348//3109 5068//3563
f 3582//3444 2568//3464 3285//3486 4502//3445
f 4989//4221 3691//4220 3690//3203 4988//4222
f 2563//3350 3567//3107 5026//4224 3699//4225
f 3675//4218 4990//4217 3692//4214 2604//4213
f 3128//3111 2597//2005 3688//4122 4989//4221
f 3728//4223 4988//4222 3690//3203 2621//3202
f 3688//4122 2605//4121 3691//4220 4989//4221
f 3707//3168 4993//3695 3727//4226 2615//4227
f 2601//2892 3681//2893 4990//4217 3130//3116
f 2606//3124 3692//4214 4990//4217 3681//2893
f 3689//4219 2606//3124 3712//3123 5021//4228
f 3689//4219 5021//4228 3698//4229 2598//3199
f 2624//3517 3698//4229 5021//4228 3729//3201
f 3161//2891 2620//2896 3728//4223 5020//2894
f 3573//4140 5023//4230 5024//4231 3572//4141
f 2579//4146 3711//4232 5022//3070 3616//3070
f 3712//3123 2621//3202 3729//3201 5021//4228
f 2621//3202 3712//3123 5020//2894 3728//4223
f 3698//4229 2624//3517 3735//3519 5027//4233
f 2657//1837 2658//1842 3794//1839 3793//1833
f 2564//4125 3700//4234 5023//4230 3573//4140
f 3572//4141 5024//4231 3711//4232 2579//4146
f 3663//4124 5025//2115 3700//4234 2564//4125
f 2598//3199 3698//4229 5027//4233 3566//3106
f 3567//3107 3566//3106 5027//4233 5026//4224
f 3385//3758 5032//3757 5033//4235 3384//3940
f 3707//3168 3697//3167 4993//3695
f 4993//3695 4992//3697 3726//4236 3727//4226
f 3323//3650 5031//4237 3694//4238 2529//3607
f 5025//2115 3663//4124 2587//3338 3710//2112
f 3500//3284 5029//3283 3709//4239 2548//3495
f 3324//3649 5030//4240 5031//4237 3323//3650
f 3324//3649 2548//3495 3709//4239 5030//4240
f 4992//3697 3706//3763 2614//4241 3726//4236
f 3706//3763 4995//3761 3725//4242 2614//4241
f 4995//3761 4994//3760 3724//4243 3725//4242
f 4994//3760 3705//3759 2613//4244 3724//4243
f 4998//3754 4997//3753 3722//4245 3723//4246
f 4997//3753 4996//3752 3721//4247 3722//4245
f 3705//3759 4998//3754 3723//4246 2613//4244
f 4996//3752 3704//3557 2612//4248 3721//4247
f 5000//3161 4999//3160 3719//3289 3720//4249
f 3374//3159 2533//3727 3695//4138 4999//3160
f 3704//3557 5000//3161 3720//4249 2612//4248
f 5011//4250 3378//4251 2537//3130
f 3384//3940 5033//4235 5034//4252 3383//3999
f 2531//3609 3702//4253 5035//4254 3352//4001
f 3383//3999 5034//4252 3695//4138 2533//3727
f 3352//4001 5035//4254 5036//4255 3351//4002
f 3351//4002 5036//4255 5037//4256 3350//4004
f 2529//3607 3694//4238 5038//4257 3341//3526
f 3350//4004 5037//4256 3703//3756 2528//3755
f 3341//3526 5038//4257 5039//4258 3340//3527
f 3340//3527 5039//4258 5040//4259 3339//3603
f 3339//3603 5040//4259 3702//4253 2531//3609
f 3575//2902 5041//4260 5042//3337 3574//2899
f 2563//3350 3699//4225 5041//4260 3575//2902
f 3017//2440 3150//2439 4385//2880 3055//2880
f 3749//3196 5042//3337 5041//4260 3750//3193
f 2534//3762 3706//3763 4992//3697 3367//3571
f 2537//3130 5002//4261 5001//3163
f 3376//4262 5002//4261 2537//3130
f 5001//3163 3715//3162 2537//3130
f 5001//3163 5002//4261 5004//4263 5003//3164
f 2537//3130 5006//4264 5005//4265
f 5002//4261 3376//4262 3375//4266 5004//4263
f 5004//4263 3375//4266 2612//4248 3720//4249
f 5003//3164 5004//4263 3720//4249 3719//3289
f 2537//3130 5007//4267 5006//4264
f 3378//4251 5007//4267 2537//3130
f 5005//4265 5006//4264 5009//4268 5008//4269
f 5006//4264 5007//4267 5010//4270 5009//4268
f 2537//3130 5012//4271 5011//4250
f 5005//4265 3376//4262 2537//3130
f 5007//4267 3378//4251 3377//4272 5010//4270
f 5010//4270 3377//4272 2613//4244 3723//4246
f 5009//4268 5010//4270 3723//4246 3722//4245
f 5008//4269 5009//4268 3722//4245 3721//4247
f 3375//4266 5008//4269 3721//4247 2612//4248
f 3376//4262 5005//4265 5008//4269 3375//4266
f 2537//3130 3380//4273 5012//4271
f 5012//4271 3380//4273 3379//4274 5014//4275
f 5011//4250 5012//4271 5014//4275 5013//4276
f 2537//3130 5016//4277 5015//4278
f 5014//4275 3379//4274 2614//4241 3725//4242
f 5013//4276 5014//4275 3725//4242 3724//4243
f 3377//4272 5013//4276 3724//4243 2613//4244
f 3378//4251 5011//4250 5013//4276 3377//4272
f 5015//4278 5016//4277 5018//4279 5017//4280
f 2537//3130 3382//2096 5016//4277
f 3254//2888 3512//2067 2616//2066 2609//3076
f 5018//4279 3381//2095 2615//4227 3727//4226
f 5016//4277 3382//2096 3381//2095 5018//4279
f 5015//4278 3380//4273 2537//3130
f 5017//4280 5018//4279 3727//4226 3726//4236
f 3379//4274 5017//4280 3726//4236 2614//4241
f 3380//4273 5015//4278 5017//4280 3379//4274
f 3913//2075 3945//2366 3163//2300 2918//2159
f 3098//2326 2456//2327 3097//1970 3820//1969
f 4586//3659 4554//3441 3485//3653 3713//3592
f 3711//4232 2619//4192 3730//4205 5022//3070
f 5023//4230 3732//4190 3731//4191 5024//4231
f 2609//3076 5043//3075 5022//3070 3730//4205
f 3700//4234 2608//4163 3732//4190 5023//4230
f 5026//4224 5027//4233 3735//3519 3734//4112
f 2619//4192 3711//4232 5024//4231 3731//4191
f 3699//4225 5026//4224 3734//4112 2607//3295
f 2608//4163 3700//4234 5025//2115 3733//2114
f 5031//4237 3738//3702 2622//3589 3694//4238
f 5028//2778 3501//3282 2551//3298 3708//2777
f 3819//1968 2679//1946 2390//2150 3820//1969
f 5028//2778 3737//2065 3736//4108 5029//3283
f 5029//3283 3736//4108 2617//3701 3709//4239
f 5030//4240 3739//3700 3738//3702 5031//4237
f 3739//3700 5030//4240 3709//4239 2617//3701
f 5032//3757 3742//3692 3741//3694 5033//4235
f 2408//2484 2791//2269 4354//2486 3155//2485
f 5033//4235 3741//3694 3740//3693 5034//4252
f 3703//3756 2611//3686 3742//3692 5032//3757
f 5034//4252 3740//3693 2623//3290 3695//4138
f 5035//4254 3745//3683 3744//3687 5036//4255
f 5036//4255 3744//3687 3743//3685 5037//4256
f 3702//4253 2610//3600 3745//3683 5035//4254
f 5037//4256 3743//3685 2611//3686 3703//3756
f 5038//4257 3748//3591 3747//3601 5039//4258
f 5039//4258 3747//3601 3746//3599 5040//4259
f 3694//4238 2622//3589 3748//3591 5038//4257
f 5040//4259 3746//3599 2610//3600 3702//4253
f 3699//4225 2607//3295 3750//3193 5041//4260
f 5042//3337 3749//3196 2618//2113 3710//2112
f 3146//2245 3885//2242 3156//2488
f 3762//4172 5054//4281 5055//4282 3763//4171
f 3707//3168 2615//4227 3381//2095 4524//3166
f 3885//2242 3880//2136 2805//2241
f 2578//2203 3618//3516 5052//3279 3221//3223
f 2630//3426 3768//4215 5052//3279 3618//3516
f 5052//3279 3768//4215 2577//4154 3760//3280
f 2577//4154 3768//4215 5053//4216 3761//4168
f 3650//4197 2634//4194 3771//4283 5056//4284
f 5054//4281 3636//4186 3637//4183 5055//4282
f 3761//4168 5053//4216 3769//4285 2575//4173
f 2631//3043 3769//4285 5053//4216 3623//3425
f 4941//3430 5069//3077 3701//3079 4987//3427
f 2575//4173 3769//4285 5054//4281 3762//4172
f 3769//4285 2631//3043 3636//4186 5054//4281
f 5056//4284 3771//4283 2582//4151 3766//4170
f 3763//4171 5055//4282 3770//4286 2581//4169
f 3637//4183 2633//4185 3770//4286 5055//4282
f 5056//4284 3766//4170 2581//4169 3770//4286
f 2633//4185 3650//4197 5056//4284 3770//4286
f 5058//3272 3772//3271 2638//3251 3231//3242
f 3767//4287 5057//3268 3225//3234 2635//3240
f 5057//3268 3767//4287 2644//4288 3787//4289
f 2647//4200 3651//3267 5057//3268 3787//4289
f 2582//4151 3771//4283 5065//4290 3778//4291
f 3760//3280 5058//3272 3231//3242 2632//3224
f 5059//4292 3767//4287 2635//3240 3232//3253
f 5059//4292 3232//3253 2639//3256 3773//4293
f 5063//4294 3783//4295 3782//4296 5064//4297
f 2646//4298 3786//4299 5059//4292 3773//4293
f 3767//4287 5059//4292 3786//4299 2644//4288
f 4237//2724 2730//2723 5019//3109 4348//3109
f 5064//4297 3782//4296 2637//4153 3775//4152
f 2644//4288 3786//4299 5063//4294 3779//4300
f 3778//4291 5064//4297 3775//4152 2582//4151
f 5063//4294 3786//4299 2646//4298 3783//4295
f 4277//2967 3217//2973 3218//2970 4276//2964
f 3771//4283 2634//4194 3784//4196 5065//4290
f 3779//4300 5063//4294 5064//4297 3778//4291
f 3778//4291 5065//4290 5066//4301 3779//4300
f 5065//4290 3784//4196 3785//4198 5066//4301
f 3779//4300 5066//4301 3787//4289 2644//4288
f 5066//4301 3785//4198 2647//4200 3787//4289
f 3068//1870 3797//1864 3799//1863 3069//1867
f 2920//2375 3940//2389 3939//2371 2921//2376
f 3487//3664 3488//3665 4580//3670 4582//3679
f 3156//2488 3885//2242 2805//2241 2474//2489
f 4332//2093 4331//1923 3788//1801
f 4430//3120 4969//3349 4971//2158
f 3123//2046 3108//4202 3107//4188 3133//2047
f 3668//3485 3669//2020 2599//2019 3683//2000
f 3058//1943 4332//2093 2459//1803
f 2593//3078 4971//2158 3619//3402
f 2459//1803 4332//2093 3788//1801
f 2748//2954 4949//4199 4948//4195 2749//2955
f 3803//1887 3804//1809 2669//1808 2668//1856
f 4948//4195 3320//4174 2505//3324 3319//3322
f 3081//2084 3842//2086 5067//1800 3046//2116
f 3968//2522 3969//2512 4176//2534 4175//2524
f 3936//2402 3938//2390 3940//2389
f 3813//1934 2690//1933 2691//1912 3814//1911
f 2393//1961 2699//1947 3832//2030 3083//2028
f 3811//1918 3003//1917 3002//3091 3812//2883
f 2699//1947 2679//1946 3819//1968 3832//2030
usemtl ConectorNegroPlastic
f 3684//4302 3685//4303 3686//4304 2602//4305
f 3113//4306 2592//4307 3673//4308 4975//4309
f 3079//4310 4424//4311 4423//4312 3080//4313
f 2464//3092 3119//3095 4337//4314 3204//4315
f 3207//4316 4336//4317 4335//4318 3210//4319
f 3208//4320 4334//4321 3110//4322 2628//4323
f 2485//4324 3211//4325 4334//4321 3208//4320
f 4414//4326 4413//4327 4411//4328 4410//4329
f 3135//4330 4408//4331 3134//4332 2463//4333
f 3110//4322 4334//4321 4335//4318 3111//4334
f 4334//4321 3211//4325 3210//4319 4335//4318
f 4335//4318 4336//4317 3112//4335 3111//4334
f 4336//4317 3207//4316 3135//4330 4349//4336
f 3112//4335 4336//4317 4349//4336 3113//4306
f 3118//4337 4337//4314 3119//3095 2590//3117
f 4337//4314 3118//4337 2625//4338 3205//4339
f 3204//4315 4337//4314 3205//4339 2484//4340
f 2484//4340 3205//4339 4406//4341 3142//4342
f 4413//4327 3212//4343 2437//2999 3106//3002
f 3117//3088 2398//3030 3136//3033 4353//4344
f 3203//3090 2483//3089 3206//4345 4407//4346
f 4353//4344 3136//3033 2464//3092 3204//4315
f 4353//4344 3204//4315 2484//4340 3206//4345
f 2483//3089 3117//3088 4353//4344 3206//4345
f 2626//4210 3751//4208 5045//4347 3754//4348
f 3202//4349 4406//4341 3205//4339 2625//4338
f 4406//4341 3202//4349 2592//4307 3116//4350
f 3142//4342 4406//4341 3116//4350 2463//4333
f 4407//4346 3206//4345 2484//4340 3142//4342
f 3212//4343 4413//4327 3211//4325 2485//4324
f 4407//4346 3142//4342 2463//4333 3134//4332
f 2458//3029 3203//3090 4407//4346 3134//4332
f 3107//4188 3108//4202 4408//4331 4411//4328
f 4410//4329 4411//4328 4408//4331 4409//4351
f 4413//4327 3106//3002 3107//4188 4411//4328
f 3207//4316 4409//4351 4408//4331 3135//4330
f 4409//4351 4414//4326 4410//4329
f 4414//4326 4409//4351 3207//4316 3210//4319
f 4412//4352 3212//4343 2485//4324 3208//4320
f 3210//4319 3211//4325 4413//4327 4414//4326
f 3109//3057 2437//2999 3212//4343 4412//4352
f 4412//4352 3208//4320 2628//4323 3209//4353
f 3109//3057 4412//4352 3209//4353 2589//3054
f 2591//2017 3669//2020 3685//4303 3684//4302
f 3227//3250 3236//4354 2492//4355 2490//2972
f 3236//4354 3227//3250 2638//3251 2642//4356
f 2492//4355 3079//4310 3217//2973 2490//2972
f 3217//2973 3079//4310 3080//4313 3218//2970
f 3233//4357 3234//4358 4423//4312 4424//4311
f 3241//4359 3240//4360 4423//4312 4425//4361
f 2492//4355 3236//4354 4424//4311 3079//4310
f 4423//4312 3240//4360 2493//4362 3080//4313
f 3235//4363 4425//4361 4423//4312 3234//4358
f 4424//4311 3236//4354 2642//4356 3233//4357
f 4425//4361 3237//4364 2495//4365 3241//4359
f 2493//4362 3240//4360 3242//3259 2491//2971
f 3237//4364 4425//4361 3235//4363 2643//4366
f 3237//4364 2643//4366 2639//3256 3228//3255
f 2495//4365 3237//4364 3228//3255 2496//3257
f 3218//2970 3080//4313 2493//4362 2491//2971
f 3242//3259 3240//4360 3241//4359 3243//3260
f 3243//3260 3241//4359 2495//4365 2496//3257
f 3776//4367 2642//4356 2638//3251 3772//3271
f 5050//4368 5051//4369 5047//4370 5046//4371
f 4349//4336 3116//4350 2592//4307 3113//4306
f 2463//4333 3116//4350 4349//4336 3135//4330
f 3675//4218 4976//4372 3118//4337 2590//3117
f 2458//3029 3134//4332 4408//4331 3108//4202
f 4973//4373 4974//4374 3755//4375 3757//4376
f 3756//4377 4972//4378 3758//4379 2629//4380
f 4972//4378 3756//4377 2628//4323 3110//4322
f 3110//4322 3111//4334 4973//4373 4972//4378
f 4973//4373 3757//4376 3758//4379 4972//4378
f 4974//4374 4973//4373 3111//4334 3112//4335
f 3112//4335 3113//4306 4975//4309 4974//4374
f 4975//4309 3686//4304 3755//4375 4974//4374
f 2604//4213 3752//4381 4976//4372 3675//4218
f 2602//4305 3686//4304 4975//4309 3673//4308
f 2625//4338 3118//4337 4976//4372 3753//4382
f 4976//4372 3752//4381 2627//4383 3753//4382
f 2519//4207 3674//4206 4991//4384 3687//4212
f 5050//4368 3667//3484 2566//2944 3759//4385
f 3687//4212 4991//4384 3752//4381 2604//4213
f 3753//4382 5044//4386 3202//4349 2625//4338
f 3752//4381 4991//4384 3754//4348 2627//4383
f 4991//4384 3674//4206 2626//4210 3754//4348
f 3754//4348 5045//4347 3693//4387 2627//4383
f 2627//4383 3693//4387 5044//4386 3753//4382
f 2592//4307 3202//4349 5044//4386 3673//4308
f 5044//4386 3693//4387 2602//4305 3673//4308
f 3755//4375 3686//4304 3685//4303 5048//4388
f 3693//4387 5045//4347 3684//4302 2602//4305
f 5045//4347 3751//4208 2591//2017 3684//4302
f 3668//3485 5046//4371 3685//4303 3669//2020
f 5047//4370 5048//4388 3685//4303 5046//4371
f 3756//4377 5049//4389 3209//4353 2628//4323
f 3667//3484 5050//4368 5046//4371 3668//3485
f 5048//4388 5051//4369 3757//4376 3755//4375
f 5048//4388 5047//4370 5051//4369
f 3759//4385 5049//4389 3756//4377 2629//4380
f 5049//4389 3670//2947 2589//3054 3209//4353
f 3670//2947 5049//4389 3759//4385 2566//2944
f 5050//4368 3759//4385 2629//4380 3758//4379
f 3757//4376 5051//4369 5050//4368 3758//4379
f 2640//4390 3776//4367 3772//3271 2636//3270
f 3765//3275 3641//4391 3640//4392 3764//3276
f 3641//4391 3765//3275 2637//4153 2641//4393
f 3640//4392 3641//4391 5060//4394 5062//4395
f 3235//4363 3234//4358 5060//4394 5061//4396
f 5062//4395 3776//4367 2640//4390 3640//4392
f 3781//4397 5061//4396 5060//4394 3780//4398
f 3233//4357 5062//4395 5060//4394 3234//4358
f 5061//4396 3777//4399 2643//4366 3235//4363
f 5060//4394 3641//4391 2641//4393 3780//4398
f 2645//4400 3777//4399 5061//4396 3781//4397
f 3776//4367 5062//4395 3233//4357 2642//4356
f 2643//4366 3777//4399 3773//4293 2639//3256
f 2641//4393 2637//4153 3782//4296 3780//4398
f 3764//3276 3640//4392 2640//4390 2636//3270
f 2645//4400 2646//4298 3773//4293 3777//4399
f 3783//4295 3781//4397 3780//4398 3782//4296
f 2645//4400 3781//4397 3783//4295 2646//4298
